# --------------------------------------------------------
# Host:                         127.0.0.1
# Server version:               5.5.16
# Server OS:                    Win32
# HeidiSQL version:             6.0.0.3603
# Date/time:                    2011-12-18 23:13:10
# --------------------------------------------------------

/*!40101 SET @OLD_CHARACTER_SET_CLIENT=@@CHARACTER_SET_CLIENT */;
/*!40101 SET NAMES utf8 */;
/*!40014 SET @OLD_FOREIGN_KEY_CHECKS=@@FOREIGN_KEY_CHECKS, FOREIGN_KEY_CHECKS=0 */;
/*!40101 SET @OLD_SQL_MODE=@@SQL_MODE, SQL_MODE='NO_AUTO_VALUE_ON_ZERO' */;

# Dumping database structure for icore
DROP DATABASE IF EXISTS `icore`;
CREATE DATABASE IF NOT EXISTS `icore` /*!40100 DEFAULT CHARACTER SET utf8 COLLATE utf8_unicode_ci */;
USE `icore`;


# Dumping structure for table icore.application
DROP TABLE IF EXISTS `application`;
CREATE TABLE IF NOT EXISTS `application` (
  `applicationId` int(11) NOT NULL AUTO_INCREMENT COMMENT 'Accordion|',
  `iconId` int(11) NOT NULL DEFAULT '281' COMMENT 'Icon|',
  `applicationSequence` int(11) NOT NULL COMMENT 'Sequence|',
  `applicationCode` varchar(4) COLLATE utf8_unicode_ci NOT NULL,
  `applicationEnglish` varchar(64) COLLATE utf8_unicode_ci NOT NULL COMMENT 'English|',
  `applicationFilename` varchar(128) COLLATE utf8_unicode_ci NOT NULL,
  `applicationDashboardFilename` varchar(128) COLLATE utf8_unicode_ci NOT NULL,
  `isDefault` tinyint(1) NOT NULL,
  `isNew` tinyint(1) NOT NULL COMMENT 'New|',
  `isDraft` tinyint(1) NOT NULL COMMENT 'Draft|',
  `isUpdate` tinyint(1) NOT NULL COMMENT 'Updated|',
  `isDelete` tinyint(1) NOT NULL COMMENT 'Delete|',
  `isActive` tinyint(1) NOT NULL COMMENT 'Active|',
  `isApproved` tinyint(1) NOT NULL COMMENT 'Approved|',
  `isReview` tinyint(1) NOT NULL,
  `isPost` tinyint(1) NOT NULL,
  `executeBy` int(11) NOT NULL COMMENT 'By|',
  `executeTime` datetime NOT NULL,
  PRIMARY KEY (`applicationId`)
) ENGINE=InnoDB AUTO_INCREMENT=21 DEFAULT CHARSET=utf8 COLLATE=utf8_unicode_ci COMMENT='application';

# Dumping data for table icore.application: ~20 rows (approximately)
/*!40000 ALTER TABLE `application` DISABLE KEYS */;
INSERT INTO `application` (`applicationId`, `iconId`, `applicationSequence`, `applicationCode`, `applicationEnglish`, `applicationFilename`, `applicationDashboardFilename`, `isDefault`, `isNew`, `isDraft`, `isUpdate`, `isDelete`, `isActive`, `isApproved`, `isReview`, `isPost`, `executeBy`, `executeTime`) VALUES
	(1, 1483, 1, 'Set', 'Setting', 'main.php', '', 0, 1, 0, 0, 0, 1, 0, 0, 0, 2, '2011-11-22 18:30:07'),
	(2, 1356, 1, 'samp', 'Sample Application', 'main.php', '', 0, 1, 0, 0, 0, 1, 0, 0, 0, 2, '2011-11-22 18:30:07'),
	(3, 1390, 1, 'GL', 'General Ledger', 'main.php', '', 0, 1, 0, 0, 0, 1, 0, 0, 0, 2, '2011-11-22 18:30:07'),
	(4, 1393, 1, 'AR', 'Account Receivable', 'main.php', '', 0, 1, 0, 0, 0, 1, 0, 0, 0, 2, '2011-11-22 18:30:07'),
	(5, 1392, 1, 'AP', 'Invoice', 'main.php', '', 0, 1, 0, 0, 0, 1, 0, 0, 0, 2, '2011-11-22 18:30:07'),
	(6, 1371, 1, 'PO', 'Purchasing  or Account Payable', 'main.php', '', 0, 1, 0, 0, 0, 1, 0, 0, 0, 2, '2011-11-22 18:30:07'),
	(7, 1414, 1, 'MBR', 'Membership', 'main.php', '', 0, 1, 0, 0, 0, 1, 0, 0, 0, 2, '2011-11-22 18:30:07'),
	(8, 1387, 1, 'bank', 'Banks', 'main.php', '', 0, 1, 0, 0, 0, 1, 0, 0, 0, 2, '2011-11-22 18:30:07'),
	(9, 1409, 1, 'prev', 'Preview Account', 'main.php', '', 0, 1, 0, 0, 0, 1, 0, 0, 0, 2, '2011-11-22 18:30:07'),
	(10, 1399, 1, 'cale', 'Calendar', '../../calendar/view/calendar.php', '', 0, 1, 0, 0, 0, 1, 0, 0, 0, 2, '2011-11-22 18:30:07'),
	(11, 1406, 1, 'chat', 'Chat', 'main.php', '', 0, 1, 0, 0, 0, 1, 0, 0, 0, 2, '2011-11-22 18:30:07'),
	(12, 1461, 1, 'todo', 'Todo', 'main.php', '', 0, 1, 0, 0, 0, 1, 0, 0, 0, 2, '2011-11-22 18:30:07'),
	(13, 1337, 1, 'FA', 'Fix Asset', 'main.php', '', 0, 1, 0, 0, 0, 1, 0, 0, 0, 2, '2011-11-22 18:30:07'),
	(14, 1405, 1, 'DO', 'Document Management', 'main.php', '', 0, 1, 0, 0, 0, 1, 0, 0, 0, 2, '2011-11-22 18:30:07'),
	(15, 1393, 1, 'CB', 'Cash Book', 'main.php', '', 0, 1, 0, 0, 0, 1, 0, 0, 0, 2, '2011-11-22 18:30:07'),
	(16, 1420, 1, 'PY', 'Payroll', 'main.php', '', 0, 1, 0, 0, 0, 1, 0, 0, 0, 2, '2011-11-22 18:30:07'),
	(17, 1449, 1, 'HR', 'Human Resource', 'main.php', '', 0, 1, 0, 0, 0, 1, 0, 0, 0, 2, '2011-11-22 18:30:07'),
	(18, 1450, 1, 'MAIL', 'Mail', 'main.php', '', 0, 1, 0, 0, 0, 1, 0, 0, 0, 2, '2011-11-22 18:30:07'),
	(19, 1414, 1, 'BP', 'Business Partner', 'main.php', '', 0, 1, 0, 0, 0, 1, 0, 0, 0, 2, '2011-11-22 18:30:07'),
	(20, 1450, 1, 'rese', 'reserve', 'reserve.php', '', 0, 1, 0, 0, 0, 1, 0, 0, 0, 2, '2011-11-22 18:30:07');
/*!40000 ALTER TABLE `application` ENABLE KEYS */;


# Dumping structure for table icore.applicationaccess
DROP TABLE IF EXISTS `applicationaccess`;
CREATE TABLE IF NOT EXISTS `applicationaccess` (
  `applicationAccessId` int(11) NOT NULL AUTO_INCREMENT COMMENT 'Access|',
  `applicationId` int(11) NOT NULL COMMENT 'Application|',
  `teamId` int(11) NOT NULL COMMENT 'Group|',
  `applicationAccessValue` tinyint(1) NOT NULL COMMENT 'Value|',
  PRIMARY KEY (`applicationAccessId`),
  KEY `applicationId` (`applicationId`),
  KEY `teamId` (`teamId`)
) ENGINE=InnoDB AUTO_INCREMENT=121 DEFAULT CHARSET=utf8 COLLATE=utf8_unicode_ci ROW_FORMAT=COMPACT;

# Dumping data for table icore.applicationaccess: ~120 rows (approximately)
/*!40000 ALTER TABLE `applicationaccess` DISABLE KEYS */;
INSERT INTO `applicationaccess` (`applicationAccessId`, `applicationId`, `teamId`, `applicationAccessValue`) VALUES
	(1, 1, 1, 1),
	(2, 2, 1, 1),
	(3, 3, 1, 1),
	(4, 4, 1, 1),
	(5, 5, 1, 1),
	(6, 6, 1, 1),
	(7, 7, 1, 1),
	(8, 8, 1, 1),
	(9, 9, 1, 1),
	(10, 10, 1, 1),
	(11, 11, 1, 1),
	(12, 12, 1, 1),
	(13, 13, 1, 1),
	(14, 14, 1, 1),
	(15, 15, 1, 1),
	(16, 16, 1, 1),
	(17, 17, 1, 1),
	(18, 18, 1, 1),
	(19, 19, 1, 1),
	(20, 20, 1, 1),
	(21, 1, 2, 1),
	(22, 2, 2, 1),
	(23, 3, 2, 1),
	(24, 4, 2, 1),
	(25, 5, 2, 1),
	(26, 6, 2, 1),
	(27, 7, 2, 1),
	(28, 8, 2, 1),
	(29, 9, 2, 1),
	(30, 10, 2, 1),
	(31, 11, 2, 1),
	(32, 12, 2, 1),
	(33, 13, 2, 1),
	(34, 14, 2, 1),
	(35, 15, 2, 1),
	(36, 16, 2, 1),
	(37, 17, 2, 1),
	(38, 18, 2, 1),
	(39, 19, 2, 1),
	(40, 20, 2, 1),
	(41, 1, 3, 1),
	(42, 2, 3, 1),
	(43, 3, 3, 1),
	(44, 4, 3, 1),
	(45, 5, 3, 1),
	(46, 6, 3, 1),
	(47, 7, 3, 1),
	(48, 8, 3, 1),
	(49, 9, 3, 1),
	(50, 10, 3, 1),
	(51, 11, 3, 1),
	(52, 12, 3, 1),
	(53, 13, 3, 1),
	(54, 14, 3, 1),
	(55, 15, 3, 1),
	(56, 16, 3, 1),
	(57, 17, 3, 1),
	(58, 18, 3, 1),
	(59, 19, 3, 1),
	(60, 20, 3, 1),
	(61, 1, 4, 1),
	(62, 2, 4, 1),
	(63, 3, 4, 1),
	(64, 4, 4, 1),
	(65, 5, 4, 1),
	(66, 6, 4, 1),
	(67, 7, 4, 1),
	(68, 8, 4, 1),
	(69, 9, 4, 1),
	(70, 10, 4, 1),
	(71, 11, 4, 1),
	(72, 12, 4, 1),
	(73, 13, 4, 1),
	(74, 14, 4, 1),
	(75, 15, 4, 1),
	(76, 16, 4, 1),
	(77, 17, 4, 1),
	(78, 18, 4, 1),
	(79, 19, 4, 1),
	(80, 20, 4, 1),
	(81, 1, 5, 1),
	(82, 2, 5, 1),
	(83, 3, 5, 1),
	(84, 4, 5, 1),
	(85, 5, 5, 1),
	(86, 6, 5, 1),
	(87, 7, 5, 1),
	(88, 8, 5, 1),
	(89, 9, 5, 1),
	(90, 10, 5, 1),
	(91, 11, 5, 1),
	(92, 12, 5, 1),
	(93, 13, 5, 1),
	(94, 14, 5, 1),
	(95, 15, 5, 1),
	(96, 16, 5, 1),
	(97, 17, 5, 1),
	(98, 18, 5, 1),
	(99, 19, 5, 1),
	(100, 20, 5, 1),
	(101, 1, 6, 1),
	(102, 2, 6, 1),
	(103, 3, 6, 1),
	(104, 4, 6, 1),
	(105, 5, 6, 1),
	(106, 6, 6, 1),
	(107, 7, 6, 1),
	(108, 8, 6, 1),
	(109, 9, 6, 1),
	(110, 10, 6, 1),
	(111, 11, 6, 1),
	(112, 12, 6, 1),
	(113, 13, 6, 1),
	(114, 14, 6, 1),
	(115, 15, 6, 1),
	(116, 16, 6, 1),
	(117, 17, 6, 1),
	(118, 18, 6, 1),
	(119, 19, 6, 1),
	(120, 20, 6, 1);
/*!40000 ALTER TABLE `applicationaccess` ENABLE KEYS */;


# Dumping structure for table icore.applicationtranslate
DROP TABLE IF EXISTS `applicationtranslate`;
CREATE TABLE IF NOT EXISTS `applicationtranslate` (
  `applicationTranslateId` int(11) NOT NULL AUTO_INCREMENT COMMENT 'translate|',
  `applicationId` int(11) NOT NULL COMMENT 'accordion|',
  `languageId` int(11) NOT NULL COMMENT 'language|',
  `applicationNative` varchar(128) COLLATE utf8_unicode_ci NOT NULL COMMENT 'Accordion|',
  `isDefault` tinyint(1) NOT NULL,
  `isNew` tinyint(1) NOT NULL,
  `isDraft` tinyint(1) NOT NULL,
  `isUpdate` tinyint(1) NOT NULL,
  `isDelete` tinyint(1) NOT NULL,
  `isActive` tinyint(1) NOT NULL,
  `isApproved` tinyint(1) NOT NULL,
  `isReview` tinyint(1) NOT NULL,
  `ispost` tinyint(1) NOT NULL,
  `executeBy` int(11) NOT NULL,
  `executeTime` datetime NOT NULL,
  PRIMARY KEY (`applicationTranslateId`),
  KEY `moduleId` (`applicationId`),
  KEY `languageId` (`languageId`)
) ENGINE=InnoDB AUTO_INCREMENT=21 DEFAULT CHARSET=utf8 COLLATE=utf8_unicode_ci;

# Dumping data for table icore.applicationtranslate: ~20 rows (approximately)
/*!40000 ALTER TABLE `applicationtranslate` DISABLE KEYS */;
INSERT INTO `applicationtranslate` (`applicationTranslateId`, `applicationId`, `languageId`, `applicationNative`, `isDefault`, `isNew`, `isDraft`, `isUpdate`, `isDelete`, `isActive`, `isApproved`, `isReview`, `ispost`, `executeBy`, `executeTime`) VALUES
	(1, 1, 21, 'Setting', 0, 1, 0, 0, 0, 1, 0, 0, 0, 2, '2011-12-16 08:35:58'),
	(2, 2, 21, 'Sample Application', 0, 1, 0, 0, 0, 1, 0, 0, 0, 2, '2011-12-16 08:35:58'),
	(3, 3, 21, 'General Ledger', 0, 1, 0, 0, 0, 1, 0, 0, 0, 2, '2011-12-16 08:35:58'),
	(4, 4, 21, 'Account Receivable', 0, 1, 0, 0, 0, 1, 0, 0, 0, 2, '2011-12-16 08:35:58'),
	(5, 5, 21, 'Invoice', 0, 1, 0, 0, 0, 1, 0, 0, 0, 2, '2011-12-16 08:35:58'),
	(6, 6, 21, 'Purchasing  or Account Payable', 0, 1, 0, 0, 0, 1, 0, 0, 0, 2, '2011-12-16 08:35:58'),
	(7, 7, 21, 'Membership', 0, 1, 0, 0, 0, 1, 0, 0, 0, 2, '2011-12-16 08:35:58'),
	(8, 8, 21, 'Banks', 0, 1, 0, 0, 0, 1, 0, 0, 0, 2, '2011-12-16 08:35:58'),
	(9, 9, 21, 'Preview Account', 0, 1, 0, 0, 0, 1, 0, 0, 0, 2, '2011-12-16 08:35:58'),
	(10, 10, 21, 'Calendar', 0, 1, 0, 0, 0, 1, 0, 0, 0, 2, '2011-12-16 08:35:58'),
	(11, 11, 21, 'Chat', 0, 1, 0, 0, 0, 1, 0, 0, 0, 2, '2011-12-16 08:35:58'),
	(12, 12, 21, 'Todo', 0, 1, 0, 0, 0, 1, 0, 0, 0, 2, '2011-12-16 08:35:58'),
	(13, 13, 21, 'Fix Asset', 0, 1, 0, 0, 0, 1, 0, 0, 0, 2, '2011-12-16 08:35:58'),
	(14, 14, 21, 'Document Management', 0, 1, 0, 0, 0, 1, 0, 0, 0, 2, '2011-12-16 08:35:58'),
	(15, 15, 21, 'Cash Book', 0, 1, 0, 0, 0, 1, 0, 0, 0, 2, '2011-12-16 08:35:58'),
	(16, 16, 21, 'Payroll', 0, 1, 0, 0, 0, 1, 0, 0, 0, 2, '2011-12-16 08:35:58'),
	(17, 17, 21, 'Human Resource', 0, 1, 0, 0, 0, 1, 0, 0, 0, 2, '2011-12-16 08:35:58'),
	(18, 18, 21, 'Mail', 0, 1, 0, 0, 0, 1, 0, 0, 0, 2, '2011-12-16 08:35:58'),
	(19, 19, 21, 'Business Partner', 0, 1, 0, 0, 0, 1, 0, 0, 0, 2, '2011-12-16 08:35:58'),
	(20, 20, 21, 'reserve', 0, 1, 0, 0, 0, 1, 0, 0, 0, 2, '2011-12-16 08:35:58');
/*!40000 ALTER TABLE `applicationtranslate` ENABLE KEYS */;


# Dumping structure for table icore.defaultlabel
DROP TABLE IF EXISTS `defaultlabel`;
CREATE TABLE IF NOT EXISTS `defaultlabel` (
  `defaultLabelId` int(11) NOT NULL AUTO_INCREMENT COMMENT 'Label|',
  `defaultLabel` varchar(128) COLLATE utf8_unicode_ci NOT NULL COMMENT 'Note|',
  `defaultLabelEnglish` varchar(128) COLLATE utf8_unicode_ci NOT NULL COMMENT 'English|',
  `isDefault` tinyint(1) NOT NULL,
  `isNew` tinyint(1) NOT NULL,
  `isDraft` tinyint(1) NOT NULL,
  `isUpdate` tinyint(1) NOT NULL,
  `isDelete` tinyint(1) NOT NULL,
  `isActive` tinyint(1) NOT NULL,
  `isApproved` tinyint(1) NOT NULL,
  `isReview` tinyint(1) NOT NULL,
  `isPost` tinyint(1) NOT NULL,
  `executeBy` tinyint(1) NOT NULL,
  `executeTime` datetime NOT NULL,
  PRIMARY KEY (`defaultLabelId`)
) ENGINE=InnoDB AUTO_INCREMENT=49 DEFAULT CHARSET=utf8 COLLATE=utf8_unicode_ci COMMENT='this is basic english template';

# Dumping data for table icore.defaultlabel: ~46 rows (approximately)
/*!40000 ALTER TABLE `defaultlabel` DISABLE KEYS */;
INSERT INTO `defaultlabel` (`defaultLabelId`, `defaultLabel`, `defaultLabelEnglish`, `isDefault`, `isNew`, `isDraft`, `isUpdate`, `isDelete`, `isActive`, `isApproved`, `isReview`, `isPost`, `executeBy`, `executeTime`) VALUES
	(1, 'systemLabel', 'System', 0, 0, 0, 0, 0, 0, 0, 0, 0, 0, '0000-00-00 00:00:00'),
	(2, 'systemErrorLabel', 'Error', 0, 0, 0, 0, 0, 0, 0, 0, 0, 0, '0000-00-00 00:00:00'),
	(3, 'updateRecordToolTipLabel', 'Update', 0, 0, 0, 0, 0, 0, 0, 0, 0, 0, '0000-00-00 00:00:00'),
	(4, 'deleteRecordToolTipLabel', 'Delete', 0, 0, 0, 0, 0, 0, 0, 0, 0, 0, '0000-00-00 00:00:00'),
	(5, 'deleteRecordTitleMessageLabel', 'Delete', 0, 0, 0, 0, 0, 0, 0, 0, 0, 0, '0000-00-00 00:00:00'),
	(6, 'deleteRecordMessageLabel', 'Are you sure want to delete this record?', 0, 0, 0, 0, 0, 0, 0, 0, 0, 0, '0000-00-00 00:00:00'),
	(7, 'waitMessageLabel', 'Processing', 0, 0, 0, 0, 0, 0, 0, 0, 0, 0, '0000-00-00 00:00:00'),
	(8, 'successLabel', 'Sucess', 0, 0, 0, 0, 0, 0, 0, 0, 0, 0, '0000-00-00 00:00:00'),
	(9, 'waitLabel', 'processing', 0, 0, 0, 0, 0, 0, 0, 0, 0, 0, '0000-00-00 00:00:00'),
	(10, 'emptyTextLabel', 'Please field  Empty Text.', 0, 0, 0, 0, 0, 0, 0, 0, 0, 0, '0000-00-00 00:00:00'),
	(11, 'reloadToolbarLabel', 'Reload', 0, 0, 0, 0, 0, 0, 0, 0, 0, 0, '0000-00-00 00:00:00'),
	(12, 'addToolbarLabel', 'New Record', 0, 0, 0, 0, 0, 0, 0, 0, 0, 0, '0000-00-00 00:00:00'),
	(13, 'printerToolbarLabel', 'Printer', 0, 0, 0, 0, 0, 0, 0, 0, 0, 0, '0000-00-00 00:00:00'),
	(14, 'excelToolbarLabel', 'Microsoft Excel', 0, 0, 0, 0, 0, 0, 0, 0, 0, 0, '0000-00-00 00:00:00'),
	(15, 'blankTextLabel', 'Field in the blank', 0, 0, 0, 0, 0, 0, 0, 0, 0, 0, '0000-00-00 00:00:00'),
	(16, 'duplicateMessageLabel', 'Duplicate Record', 0, 0, 0, 0, 0, 0, 0, 0, 0, 0, '0000-00-00 00:00:00'),
	(17, 'defaultTextLabel', 'Default Text', 0, 0, 0, 0, 0, 0, 0, 0, 0, 0, '0000-00-00 00:00:00'),
	(18, 'newButtonLabel', 'New Record', 0, 0, 0, 0, 0, 0, 0, 0, 0, 0, '0000-00-00 00:00:00'),
	(19, 'saveButtonLabel', 'Save', 0, 0, 0, 0, 0, 0, 0, 0, 0, 0, '0000-00-00 00:00:00'),
	(20, 'deleteButtonLabel', 'Delete', 0, 0, 0, 0, 0, 0, 0, 0, 0, 0, '0000-00-00 00:00:00'),
	(21, 'draftButtonLabel', 'Draft', 0, 0, 0, 0, 0, 0, 0, 0, 0, 0, '0000-00-00 00:00:00'),
	(22, 'resetButtonLabel', 'Reset', 0, 0, 0, 0, 0, 0, 0, 0, 0, 0, '0000-00-00 00:00:00'),
	(23, 'postButtonLabel', 'Post', 0, 0, 0, 0, 0, 0, 0, 0, 0, 0, '0000-00-00 00:00:00'),
	(24, 'gridButtonLabel', 'Listing Record', 0, 0, 0, 0, 0, 0, 0, 0, 0, 0, '0000-00-00 00:00:00'),
	(25, 'cancelButtonLabel', 'Cancel', 0, 0, 0, 0, 0, 0, 0, 0, 0, 0, '0000-00-00 00:00:00'),
	(26, 'firstButtonLabel', 'First', 0, 0, 0, 0, 0, 0, 0, 0, 0, 0, '0000-00-00 00:00:00'),
	(27, 'previousButtonLabel', 'Previous', 0, 0, 0, 0, 0, 0, 0, 0, 0, 0, '0000-00-00 00:00:00'),
	(28, 'nextButtonLabel', 'Next', 0, 0, 0, 0, 0, 0, 0, 0, 0, 0, '0000-00-00 00:00:00'),
	(29, 'endButtonLabel', 'End', 0, 0, 0, 0, 0, 0, 0, 0, 0, 0, '0000-00-00 00:00:00'),
	(30, 'loadFailureLabel', 'Load Failure', 0, 0, 0, 0, 0, 0, 0, 0, 0, 0, '0000-00-00 00:00:00'),
	(31, 'clientInvalidLabel', 'Client Invalid', 0, 0, 0, 0, 0, 0, 0, 0, 0, 0, '0000-00-00 00:00:00'),
	(32, 'connectFailureLabel', 'Connection Failure', 0, 0, 0, 0, 0, 0, 0, 0, 0, 0, '0000-00-00 00:00:00'),
	(33, 'serverInvalidLabel', 'Server Response Invalid', 0, 0, 0, 0, 0, 0, 0, 0, 0, 0, '0000-00-00 00:00:00'),
	(34, 'actionLabel', 'Action', 0, 0, 0, 0, 0, 0, 0, 0, 0, 0, '0000-00-00 00:00:00'),
	(35, 'byLabel', 'By', 0, 0, 0, 0, 0, 0, 0, 0, 0, 0, '0000-00-00 00:00:00'),
	(36, 'timeLabel', 'Time', 0, 0, 0, 0, 0, 0, 0, 0, 0, 0, '0000-00-00 00:00:00'),
	(39, 'emptyRowLabel', 'Empty Row', 0, 0, 0, 0, 0, 0, 0, 0, 0, 0, '0000-00-00 00:00:00'),
	(40, 'CheckAllLabel', 'Check All', 0, 0, 0, 0, 0, 0, 0, 0, 0, 0, '0000-00-00 00:00:00'),
	(41, 'ClearAllLabel', 'Clear All', 0, 0, 0, 0, 0, 0, 0, 0, 0, 0, '0000-00-00 00:00:00'),
	(42, 'uploadButtonLabel', 'Upload', 0, 0, 0, 0, 0, 0, 0, 0, 0, 0, '0000-00-00 00:00:00'),
	(43, 'recordNotFoundLabel', 'Record not Found', 0, 0, 0, 0, 0, 0, 0, 0, 0, 0, '0000-00-00 00:00:00'),
	(44, 'chooseRecordLabel', 'Please Choose a Record ?', 0, 0, 0, 0, 0, 0, 0, 0, 0, 0, '0000-00-00 00:00:00'),
	(45, 'saveTextLabel', 'Save', 0, 0, 0, 0, 0, 0, 0, 0, 0, 0, '0000-00-00 00:00:00'),
	(46, 'cancelTextLabel', 'Cancel', 0, 0, 0, 0, 0, 0, 0, 0, 0, 0, '0000-00-00 00:00:00'),
	(47, 'checkDuplicateCodeLabel', 'Check Duplicate Code ?', 0, 0, 0, 0, 0, 0, 0, 0, 0, 0, '0000-00-00 00:00:00'),
	(48, 'filter', 'Filter', 0, 0, 0, 0, 0, 0, 0, 0, 0, 0, '0000-00-00 00:00:00');
/*!40000 ALTER TABLE `defaultlabel` ENABLE KEYS */;


# Dumping structure for table icore.defaultlabeltranslate
DROP TABLE IF EXISTS `defaultlabeltranslate`;
CREATE TABLE IF NOT EXISTS `defaultlabeltranslate` (
  `languageId` int(11) NOT NULL COMMENT 'Language|',
  `defaultLabelTranslateId` int(11) NOT NULL AUTO_INCREMENT COMMENT 'Label|',
  `defaultLabelNative` varchar(64) COLLATE utf8_unicode_ci NOT NULL COMMENT 'Native|',
  `defaultLabelId` int(11) NOT NULL COMMENT 'English|',
  PRIMARY KEY (`defaultLabelTranslateId`),
  KEY `languageId` (`languageId`)
) ENGINE=InnoDB AUTO_INCREMENT=2061 DEFAULT CHARSET=utf8 COLLATE=utf8_unicode_ci;

# Dumping data for table icore.defaultlabeltranslate: ~2,119 rows (approximately)
/*!40000 ALTER TABLE `defaultlabeltranslate` DISABLE KEYS */;
INSERT INTO `defaultlabeltranslate` (`languageId`, `defaultLabelTranslateId`, `defaultLabelNative`, `defaultLabelId`) VALUES
	(9, 5, 'Stelsel', 1),
	(10, 6, 'Sistem', 1),
	(11, 7, 'نظام', 1),
	(12, 8, 'Сістэма', 1),
	(13, 9, 'Система', 1),
	(14, 10, 'Sistema d&#39;', 1),
	(15, 11, '系统', 1),
	(16, 12, '系統', 1),
	(17, 13, 'Sustav', 1),
	(18, 14, 'Systém', 1),
	(19, 15, 'System', 1),
	(20, 16, 'Het systeem', 1),
	(21, 17, 'System', 1),
	(22, 18, 'Süsteemi', 1),
	(23, 19, 'Sistema', 1),
	(24, 20, 'System', 1),
	(25, 21, 'Système', 1),
	(26, 22, 'Sistema', 1),
	(27, 23, 'System', 1),
	(28, 24, 'Σύστημα', 1),
	(29, 25, 'Sistèm', 1),
	(30, 26, 'מערכת', 1),
	(31, 27, 'प्रणाली', 1),
	(32, 28, 'Rendszer', 1),
	(33, 29, 'System', 1),
	(34, 30, 'Sistem', 1),
	(35, 31, 'Córas', 1),
	(36, 32, 'Sistema', 1),
	(37, 33, 'システム', 1),
	(38, 34, 'Sistēmas', 1),
	(39, 35, 'Sistemos', 1),
	(40, 36, 'Систем', 1),
	(41, 37, 'Sistem', 1),
	(42, 38, 'Sistema', 1),
	(43, 39, 'System', 1),
	(44, 40, 'سیستم', 1),
	(45, 41, 'Sistema', 1),
	(46, 42, 'Sistemul de', 1),
	(47, 43, 'Система', 1),
	(48, 44, 'Систем', 1),
	(49, 45, 'Systém', 1),
	(50, 46, 'System', 1),
	(51, 47, 'Sistema de', 1),
	(52, 48, 'Mfumo', 1),
	(53, 49, 'System', 1),
	(54, 50, 'ระบบ', 1),
	(55, 51, 'Система', 1),
	(56, 52, 'Hệ thống', 1),
	(57, 53, 'System', 1),
	(58, 54, 'סיסטעמע', 1),
	(9, 55, 'Fout', 2),
	(10, 56, 'Gabim', 2),
	(11, 57, 'خطأ', 2),
	(12, 58, 'Памылка', 2),
	(13, 59, 'Грешка', 2),
	(14, 60, 'Error', 2),
	(15, 61, '错误', 2),
	(16, 62, '錯誤', 2),
	(17, 63, 'Pogreška', 2),
	(18, 64, 'Chyba', 2),
	(19, 65, 'Fejl', 2),
	(20, 66, 'Fout', 2),
	(21, 67, 'Error', 2),
	(22, 68, 'Viga', 2),
	(23, 69, 'Mali', 2),
	(24, 70, 'Virhe', 2),
	(25, 71, 'Erreur', 2),
	(26, 72, 'Erro', 2),
	(27, 73, 'Fehler', 2),
	(28, 74, 'Σφάλμα', 2),
	(29, 75, 'Erè', 2),
	(30, 76, 'שגיאה', 2),
	(31, 77, 'त्रुटि', 2),
	(32, 78, 'Hiba', 2),
	(33, 79, 'Villa', 2),
	(34, 80, 'Kesalahan', 2),
	(35, 81, 'Earráid', 2),
	(36, 82, 'Errore', 2),
	(37, 83, 'エラー', 2),
	(38, 84, 'Kļūda', 2),
	(39, 85, 'Klaida', 2),
	(40, 86, 'Грешка', 2),
	(41, 87, 'Kesalahan', 2),
	(42, 88, 'Error', 2),
	(43, 89, 'Feil', 2),
	(44, 90, 'خطا', 2),
	(45, 91, 'Erro', 2),
	(46, 92, 'Eroare', 2),
	(47, 93, 'Ошибка', 2),
	(48, 94, 'Грешка', 2),
	(49, 95, 'Chyba', 2),
	(50, 96, 'Napaka', 2),
	(51, 97, 'Error', 2),
	(52, 98, 'Kosa', 2),
	(53, 99, 'Fel', 2),
	(54, 100, 'ความผิดพลาด', 2),
	(55, 101, 'Помилка', 2),
	(56, 102, 'Lỗi', 2),
	(57, 103, 'Gwall', 2),
	(58, 104, 'גרייַז', 2),
	(9, 105, 'Update', 3),
	(10, 106, 'Update', 3),
	(11, 107, 'التحديث', 3),
	(12, 108, 'Абнаўленне', 3),
	(13, 109, 'Update', 3),
	(14, 110, 'Actualitzar', 3),
	(15, 111, '更新', 3),
	(16, 112, '更新', 3),
	(17, 113, 'Ažuriranje', 3),
	(18, 114, 'Aktualizace', 3),
	(19, 115, 'Update', 3),
	(20, 116, 'Update', 3),
	(21, 117, 'Update', 3),
	(22, 118, 'Ajakohastama', 3),
	(23, 119, 'Update', 3),
	(24, 120, 'Päivitä', 3),
	(25, 121, 'Mise à jour', 3),
	(26, 122, 'Update', 3),
	(27, 123, 'Update', 3),
	(28, 124, 'Ενημέρωση', 3),
	(29, 125, 'Mizajou', 3),
	(30, 126, 'עדכון', 3),
	(31, 127, 'अद्यतन', 3),
	(32, 128, 'Frissítés', 3),
	(33, 129, 'Uppfæra', 3),
	(34, 130, 'Update', 3),
	(35, 131, 'Update', 3),
	(36, 132, 'Aggiornamento', 3),
	(37, 133, '更新', 3),
	(38, 134, 'Update', 3),
	(39, 135, 'Atnaujinti', 3),
	(40, 136, 'Ажурирање', 3),
	(41, 137, 'Update', 3),
	(42, 138, 'Aġġornament', 3),
	(43, 139, 'Update', 3),
	(44, 140, 'بروز رسانی', 3),
	(45, 141, 'Update', 3),
	(46, 142, 'Update', 3),
	(47, 143, 'Обновление', 3),
	(48, 144, 'Ажурирање', 3),
	(49, 145, 'Aktualizácie', 3),
	(50, 146, 'Update', 3),
	(51, 147, 'Actualizar', 3),
	(52, 148, 'Mwisho', 3),
	(53, 149, 'Uppdatera', 3),
	(54, 150, 'Update', 3),
	(55, 151, 'Оновлення', 3),
	(56, 152, 'Thông', 3),
	(57, 153, 'Y Diweddaraf', 3),
	(58, 154, 'דערהייַנטיקן', 3),
	(9, 155, 'Verwyder', 4),
	(10, 156, 'Fshij', 4),
	(11, 157, 'حذف', 4),
	(12, 158, 'Выдаліць', 4),
	(13, 159, 'Изтриване', 4),
	(14, 160, 'Eliminar', 4),
	(15, 161, '删除', 4),
	(16, 162, '刪除', 4),
	(17, 163, 'Izbrisati', 4),
	(18, 164, 'Odstranit', 4),
	(19, 165, 'Slet', 4),
	(20, 166, 'Verwijderen', 4),
	(21, 167, 'Delete', 4),
	(22, 168, 'Kustuta', 4),
	(23, 169, 'Alisin', 4),
	(24, 170, 'Poista', 4),
	(25, 171, 'Supprimer', 4),
	(26, 172, 'Borrar', 4),
	(27, 173, 'Löschen', 4),
	(28, 174, 'Διαγραφή', 4),
	(29, 175, 'Delete', 4),
	(30, 176, 'מחק', 4),
	(31, 177, 'हटाएँ', 4),
	(32, 178, 'Törlés', 4),
	(33, 179, 'Eyða', 4),
	(34, 180, 'Hapus', 4),
	(35, 181, 'Scrios', 4),
	(36, 182, 'Elimina', 4),
	(37, 183, '削除', 4),
	(38, 184, 'Dzēst', 4),
	(39, 185, 'Ištrinti', 4),
	(40, 186, 'Бриши', 4),
	(41, 187, 'Padam', 4),
	(42, 188, 'Ħassar', 4),
	(43, 189, 'Slett', 4),
	(44, 190, 'حذف', 4),
	(45, 191, 'Excluir', 4),
	(46, 192, 'Şterge', 4),
	(47, 193, 'Удалить', 4),
	(48, 194, 'Избриши', 4),
	(49, 195, 'Odstrániť', 4),
	(50, 196, 'Izbriši', 4),
	(51, 197, 'Eliminar', 4),
	(52, 198, 'Delete', 4),
	(53, 199, 'Radera', 4),
	(54, 200, 'ลบ', 4),
	(55, 201, 'Видалити', 4),
	(56, 202, 'Xóa', 4),
	(57, 203, 'Dileu', 4),
	(58, 204, 'ויסמעקן', 4),
	(9, 205, 'Verwyder', 5),
	(10, 206, 'Fshij', 5),
	(11, 207, 'حذف', 5),
	(12, 208, 'Выдаліць', 5),
	(13, 209, 'Изтриване', 5),
	(14, 210, 'Eliminar', 5),
	(15, 211, '删除', 5),
	(16, 212, '刪除', 5),
	(17, 213, 'Izbrisati', 5),
	(18, 214, 'Odstranit', 5),
	(19, 215, 'Slet', 5),
	(20, 216, 'Verwijderen', 5),
	(21, 217, 'Delete', 5),
	(22, 218, 'Kustuta', 5),
	(23, 219, 'Alisin', 5),
	(24, 220, 'Poista', 5),
	(25, 221, 'Supprimer', 5),
	(26, 222, 'Borrar', 5),
	(27, 223, 'Löschen', 5),
	(28, 224, 'Διαγραφή', 5),
	(29, 225, 'Delete', 5),
	(30, 226, 'מחק', 5),
	(31, 227, 'हटाएँ', 5),
	(32, 228, 'Törlés', 5),
	(33, 229, 'Eyða', 5),
	(34, 230, 'Hapus', 5),
	(35, 231, 'Scrios', 5),
	(36, 232, 'Elimina', 5),
	(37, 233, '削除', 5),
	(38, 234, 'Dzēst', 5),
	(39, 235, 'Ištrinti', 5),
	(40, 236, 'Бриши', 5),
	(41, 237, 'Padam', 5),
	(42, 238, 'Ħassar', 5),
	(43, 239, 'Slett', 5),
	(44, 240, 'حذف', 5),
	(45, 241, 'Excluir', 5),
	(46, 242, 'Şterge', 5),
	(47, 243, 'Удалить', 5),
	(48, 244, 'Избриши', 5),
	(49, 245, 'Odstrániť', 5),
	(50, 246, 'Izbriši', 5),
	(51, 247, 'Eliminar', 5),
	(52, 248, 'Delete', 5),
	(53, 249, 'Radera', 5),
	(54, 250, 'ลบ', 5),
	(55, 251, 'Видалити', 5),
	(56, 252, 'Xóa', 5),
	(57, 253, 'Dileu', 5),
	(58, 254, 'ויסמעקן', 5),
	(9, 255, 'Is jy seker jy hierdie rekord te verwyder?', 6),
	(10, 256, 'A jeni i sigurt se doni te fshini kete rekord?', 6),
	(11, 257, 'هل تريد التأكد من حذف هذا السجل؟', 6),
	(12, 258, 'Вы ўпэўненыя, што жадаеце выдаліць гэтую запіс?', 6),
	(13, 259, 'Сигурни ли сте, искате да изтриете този запис?', 6),
	(14, 260, 'Estàs segur que vols eliminar aquest registre?', 6),
	(15, 261, '你确定要删除此记录？', 6),
	(16, 262, '你確定要刪除此記錄？', 6),
	(17, 263, 'Jeste li sigurni da želite pobrisati ovaj zapis?', 6),
	(18, 264, 'Jste si jisti, že chcete smazat tento záznam?', 6),
	(19, 265, 'Er du sikker på ønsker at slette denne post?', 6),
	(20, 266, 'Weet u zeker dat deze record wilt verwijderen?', 6),
	(21, 267, 'Are you sure want to delete this record?', 6),
	(22, 268, 'Oled sa kindel, et soovite kustutada selle teate?', 6),
	(23, 269, 'Sigurado ka bang gusto mong tanggalin ang ulat na ito?', 6),
	(24, 270, 'Oletko varma että haluat poistaa tämän tietueen?', 6),
	(25, 271, 'Etes-vous sûr de vouloir supprimer cet enregistrement?', 6),
	(26, 272, '¿Está seguro de querer eliminar este rexistro?', 6),
	(27, 273, 'Sind Sie sicher, dass mit diesen Datensatz wirklich löschen?', 6),
	(28, 274, 'Είστε σίγουροι ότι θέλετε να διαγράψετε αυτό το ρεκόρ;', 6),
	(29, 275, 'Èske ou asire w vle efase dosye sa a?', 6),
	(30, 276, 'האם אתה בטוח שברצונך למחוק רשומה זו?', 6),
	(31, 277, 'क्या आप सुनिश्चित करने के लिए इस रिकॉर्ड को नष्ट करना चाहते हैं?', 6),
	(32, 278, 'Biztos vagy benne, hogy törölni kívánja a rekordot?', 6),
	(33, 279, 'Ertu viss um að vilja eyða þessari færslu?', 6),
	(34, 280, 'Apakah Anda yakin ingin menghapus data ini?', 6),
	(35, 281, 'An bhfuil tú cinnte go dteastaíonn a scriosadh taifead seo?', 6),
	(36, 282, 'Sei sicuro di voler cancellare questo record?', 6),
	(37, 283, 'あなたは確かにこのレコードを削除してもよろしいですか？', 6),
	(38, 284, 'Vai esi pārliecināts, ka vēlaties dzēst šo ierakstu?', 6),
	(39, 285, 'Ar tikrai norite ištrinti šį įrašą?', 6),
	(40, 286, 'Дали сте сигурни дека сакате да ја избришете оваа плоча?', 6),
	(41, 287, 'Adakah anda benar-benar ingin memadam data ini?', 6),
	(42, 288, 'Inti żgur trid tħassar dan ir-rekord?', 6),
	(43, 289, 'Er du sikker på at vil slette denne posten?', 6),
	(44, 290, 'آیا مطمئن هستید که می خواهید این رکورد را حذف کنید؟', 6),
	(45, 291, 'Tem certeza de que deseja excluir este registro?', 6),
	(46, 292, 'Eşti sigur că doriţi să ştergeţi acest record?', 6),
	(47, 293, 'Вы уверены, что хотите удалить эту запись?', 6),
	(48, 294, 'Јесте ли сигурни да желите да избришете овај запис?', 6),
	(49, 295, 'Ste si istí, že chcete zmazať tento záznam?', 6),
	(50, 296, 'Ali ste prepričani, da želite izbrisati ta zapis?', 6),
	(51, 297, '¿Estás seguro que quieres eliminar este registro?', 6),
	(52, 298, 'Una uhakika unataka kufuta rekodi?', 6),
	(53, 299, 'Vill du verkligen ta bort denna post?', 6),
	(54, 300, 'คุณแน่ใจหรือว่าต้องการลบบันทึกนี้หรือไม่', 6),
	(55, 301, 'Ви впевнені, що хочете видалити цей запис?', 6),
	(56, 302, 'Bạn có chắc chắn muốn xóa hồ sơ này?', 6),
	(57, 303, 'A ydych yn sicr am ddileu&#39;r cofnod hwn?', 6),
	(58, 304, 'זענט איר זיכער ווילן צו אויסמעקן דעם רעקאָרד?', 6),
	(9, 305, 'Verwerking', 7),
	(10, 306, 'Përpunimit', 7),
	(11, 307, 'تجهيز', 7),
	(12, 308, 'Апрацоўка', 7),
	(13, 309, 'Обработка', 7),
	(14, 310, 'Processament', 7),
	(15, 311, '处理', 7),
	(16, 312, '處理', 7),
	(17, 313, 'Obrada', 7),
	(18, 314, 'Zpracování', 7),
	(19, 315, 'Forarbejdning', 7),
	(20, 316, 'Verwerking', 7),
	(21, 317, 'Processing', 7),
	(22, 318, 'Töötlemine', 7),
	(23, 319, 'Pagproseso', 7),
	(24, 320, 'Jalostus', 7),
	(25, 321, 'Traitement', 7),
	(26, 322, 'Procesamento', 7),
	(27, 323, 'Verarbeitung', 7),
	(28, 324, 'Επεξεργασία', 7),
	(29, 325, 'Processing', 7),
	(30, 326, 'עיבוד', 7),
	(31, 327, 'प्रसंस्करण', 7),
	(32, 328, 'Feldolgozás', 7),
	(33, 329, 'Vinnsla', 7),
	(34, 330, 'Pengolahan', 7),
	(35, 331, 'Próiseáil', 7),
	(36, 332, 'Elaborazione', 7),
	(37, 333, '処理', 7),
	(38, 334, 'Apstrāde', 7),
	(39, 335, 'Perdirbimo', 7),
	(40, 336, 'Обработка', 7),
	(41, 337, 'Pemprosesan', 7),
	(42, 338, 'Ipproċessar', 7),
	(43, 339, 'Processing', 7),
	(44, 340, 'پردازش', 7),
	(45, 341, 'Processamento', 7),
	(46, 342, 'Prelucrare', 7),
	(47, 343, 'Обработка', 7),
	(48, 344, 'Обрада', 7),
	(49, 345, 'Spracovanie', 7),
	(50, 346, 'Predelava', 7),
	(51, 347, 'Procesamiento', 7),
	(52, 348, 'Usindikaji', 7),
	(53, 349, 'Bearbetning', 7),
	(54, 350, 'การประมวลผล', 7),
	(55, 351, 'Обробка', 7),
	(56, 352, 'Chế biến', 7),
	(57, 353, 'Prosesu', 7),
	(58, 354, 'פּראַסעסינג', 7),
	(9, 355, 'Sukses', 8),
	(10, 356, 'Sukses', 8),
	(11, 357, 'نجاح', 8),
	(12, 358, 'Поспеху', 8),
	(13, 359, 'Успех', 8),
	(14, 360, 'Èxit', 8),
	(15, 361, '成功', 8),
	(16, 362, '成功', 8),
	(17, 363, 'Uspjeh', 8),
	(18, 364, 'Úspěch', 8),
	(19, 365, 'Succes', 8),
	(20, 366, 'Succes', 8),
	(21, 367, 'Sucess', 8),
	(22, 368, 'Edu', 8),
	(23, 369, 'Tagumpay', 8),
	(24, 370, 'Suoritettu', 8),
	(25, 371, 'Succès', 8),
	(26, 372, 'Éxito', 8),
	(27, 373, 'Success', 8),
	(28, 374, 'Επιτυχίας', 8),
	(29, 375, 'Siksè', 8),
	(30, 376, 'הצלחה', 8),
	(31, 377, 'सफलता', 8),
	(32, 378, 'Siker', 8),
	(33, 379, 'Velgengni', 8),
	(34, 380, 'Sukses', 8),
	(35, 381, 'Rath', 8),
	(36, 382, 'Successo', 8),
	(37, 383, '成功', 8),
	(38, 384, 'Veiksme', 8),
	(39, 385, 'Sėkmė', 8),
	(40, 386, 'Успех', 8),
	(41, 387, 'Sukses', 8),
	(42, 388, 'Suċċess', 8),
	(43, 389, 'Suksess', 8),
	(44, 390, 'موفقیت', 8),
	(45, 391, 'Sucesso', 8),
	(46, 392, 'Succes', 8),
	(47, 393, 'Успеха', 8),
	(48, 394, 'Успех', 8),
	(49, 395, 'Úspech', 8),
	(50, 396, 'Uspeh', 8),
	(51, 397, 'Éxito', 8),
	(52, 398, 'Mafanikio', 8),
	(53, 399, 'Framgång', 8),
	(54, 400, 'ความสำเร็จ', 8),
	(55, 401, 'Успіху', 8),
	(56, 402, 'Thành công', 8),
	(57, 403, 'Llwyddiant', 8),
	(58, 404, 'דערפאָלג', 8),
	(9, 405, 'verwerking', 9),
	(10, 406, 'përpunimit', 9),
	(11, 407, 'تجهيز', 9),
	(12, 408, 'апрацоўкі', 9),
	(13, 409, 'обработка', 9),
	(14, 410, 'processament', 9),
	(15, 411, '处理', 9),
	(16, 412, '處理', 9),
	(17, 413, 'obrada', 9),
	(18, 414, 'zpracování', 9),
	(19, 415, 'forarbejdning', 9),
	(20, 416, 'verwerking', 9),
	(21, 417, 'processing', 9),
	(22, 418, 'töötlemine', 9),
	(23, 419, 'pagproseso', 9),
	(24, 420, 'jalostus', 9),
	(25, 421, 'traitement', 9),
	(26, 422, 'procesamento', 9),
	(27, 423, 'Verarbeitung', 9),
	(28, 424, 'μεταποίησης', 9),
	(29, 425, 'pwosesis', 9),
	(30, 426, 'עיבוד', 9),
	(31, 427, 'प्रसंस्करण', 9),
	(32, 428, 'feldolgozás', 9),
	(33, 429, 'vinnsla', 9),
	(34, 430, 'pengolahan', 9),
	(35, 431, 'próiseála', 9),
	(36, 432, 'elaborazione', 9),
	(37, 433, '処理', 9),
	(38, 434, 'apstrāde', 9),
	(39, 435, 'perdirbimo', 9),
	(40, 436, 'обработка', 9),
	(41, 437, 'pemprosesan', 9),
	(42, 438, 'ipproċessar', 9),
	(43, 439, 'prosessering', 9),
	(44, 440, 'پردازش', 9),
	(45, 441, 'processamento', 9),
	(46, 442, 'prelucrare', 9),
	(47, 443, 'обработки', 9),
	(48, 444, 'обрада', 9),
	(49, 445, 'spracovanie', 9),
	(50, 446, 'predelavo', 9),
	(51, 447, 'procesamiento', 9),
	(52, 448, 'usindikaji', 9),
	(53, 449, 'bearbetning', 9),
	(54, 450, 'การประมวลผล', 9),
	(55, 451, 'обробки', 9),
	(56, 452, 'chế biến', 9),
	(57, 453, 'prosesu', 9),
	(58, 454, 'פּראַסעסינג', 9),
	(9, 455, 'Asseblief veld leeg teks.', 10),
	(10, 456, 'Ju lutem fushë Tekst bosh.', 10),
	(11, 457, 'يرجى حقل نص فارغ.', 10),
	(12, 458, 'Калі ласка, запаўняйце поле Тэкст.', 10),
	(13, 459, 'Моля областта празен текст.', 10),
	(14, 460, 'Si us plau, camp de text buit.', 10),
	(15, 461, '请字段为空文本。', 10),
	(16, 462, '請字段為空文本。', 10),
	(17, 463, 'Molimo polje prazno tekst.', 10),
	(18, 464, 'Prosím pole prázdné textové.', 10),
	(19, 465, 'Venligst felt tom tekst.', 10),
	(20, 466, 'Gelieve veld leeg tekst.', 10),
	(21, 467, 'Please field  Empty Text.', 10),
	(22, 468, 'Palun valdkonnas tühi tekst.', 10),
	(23, 469, 'Mangyaring field Empty Text.', 10),
	(24, 470, 'Ole hyvä kenttä tyhjä teksti.', 10),
	(25, 471, 'S&#39;il vous plaît champ texte vide.', 10),
	(26, 472, 'Por favor, campo de texto en branco.', 10),
	(27, 473, 'Bitte Feld leer Text.', 10),
	(28, 474, 'Παρακαλούμε πεδίο Κείμενο Κενό.', 10),
	(29, 475, 'Tanpri, jaden Vide tèks.', 10),
	(30, 476, 'אנא שדה טקסט ריק.', 10),
	(31, 477, 'खाली पाठ क्षेत्र करें.', 10),
	(32, 478, 'Kérjük mező üres szöveg.', 10),
	(33, 479, 'Vinsamlegast sviði Empty Texti.', 10),
	(34, 480, 'Silakan field Teks Kosong.', 10),
	(35, 481, 'Tabhair faoi réimse Téacs Folamh.', 10),
	(36, 482, 'Si prega di campo di testo vuoto.', 10),
	(37, 483, '空のテキストをフィールドしてください。', 10),
	(38, 484, 'Lūdzu, lauku tukšu tekstu.', 10),
	(39, 485, 'Prašome srityje Tuščias tekstas.', 10),
	(40, 486, 'Ве молиме полето празно текст.', 10),
	(41, 487, 'Sila field Mesej Kosong.', 10),
	(42, 488, 'Jekk jogħġbok qasam Test vojta.', 10),
	(43, 489, 'Vennligst feltet tom tekst.', 10),
	(44, 490, 'لطفا زمینه متن خالی می باشد.', 10),
	(45, 491, 'Por favor, campo de texto vazio.', 10),
	(46, 492, 'Vă rugăm să câmp text gol.', 10),
	(47, 493, 'Пожалуйста, заполняйте поле Текст.', 10),
	(48, 494, 'Молимо Вас да поља празног текста.', 10),
	(49, 495, 'Prosím pole prázdne textové.', 10),
	(50, 496, 'Prosimo polje prazno besedilo.', 10),
	(51, 497, 'Por favor, campo de texto vacío.', 10),
	(52, 498, 'Tafadhali shamba Nakala tupu.', 10),
	(53, 499, 'Vänligen fält tom text.', 10),
	(54, 500, 'กรุณาฟิลด์ข้อความว่างเปล่า', 10),
	(55, 501, 'Будь ласка, заповнюйте поле Текст.', 10),
	(56, 502, 'Xin vui lòng lĩnh vực văn bản trống.', 10),
	(57, 503, 'Os gwelwch yn dda maes Testun Gwag.', 10),
	(58, 504, 'ביטע פעלד נוליקע טעקסט.', 10),
	(9, 505, 'Reload', 11),
	(10, 506, 'Ringarko', 11),
	(11, 507, 'تحديث', 11),
	(12, 508, 'Перазагрузіць', 11),
	(13, 509, 'Презареди', 11),
	(14, 510, 'Actualitzar', 11),
	(15, 511, '重载', 11),
	(16, 512, '重載', 11),
	(17, 513, 'Učitajte', 11),
	(18, 514, 'Obnovit', 11),
	(19, 515, 'Opdater', 11),
	(20, 516, 'Reload', 11),
	(21, 517, 'Reload', 11),
	(22, 518, 'Reload', 11),
	(23, 519, 'Reload', 11),
	(24, 520, 'Ladata', 11),
	(25, 521, 'Recharger', 11),
	(26, 522, 'Actualizar', 11),
	(27, 523, 'Reload', 11),
	(28, 524, 'Ανανέωση', 11),
	(29, 525, 'Reload', 11),
	(30, 526, 'רענן', 11),
	(31, 527, 'Reload', 11),
	(32, 528, 'Reload', 11),
	(33, 529, 'Endurhlaða', 11),
	(34, 530, 'Reload', 11),
	(35, 531, 'Reload', 11),
	(36, 532, 'Ricarica', 11),
	(37, 533, 'リロード', 11),
	(38, 534, 'Pārlādēt', 11),
	(39, 535, 'Perkrauti', 11),
	(40, 536, 'Вчитај', 11),
	(41, 537, 'Reload', 11),
	(42, 538, 'Reload', 11),
	(43, 539, 'Reload', 11),
	(44, 540, 'بارگذاری', 11),
	(45, 541, 'Atualizar', 11),
	(46, 542, 'Reîncarcă', 11),
	(47, 543, 'Перезагрузить', 11),
	(48, 544, 'Учитај поново', 11),
	(49, 545, 'Obnoviť', 11),
	(50, 546, 'Reload', 11),
	(51, 547, 'Actualizar', 11),
	(52, 548, 'Reload', 11),
	(53, 549, 'Ladda om', 11),
	(54, 550, 'Reload', 11),
	(55, 551, 'Перезавантажити', 11),
	(56, 552, 'Cập Nhật', 11),
	(57, 553, 'Ail-lwytho', 11),
	(58, 554, 'רעלאָאַד', 11),
	(9, 555, 'Nuwe rekord', 12),
	(10, 556, 'Regjistro reja', 12),
	(11, 557, 'رقم قياسي جديد', 12),
	(12, 558, 'Новая запіс', 12),
	(13, 559, 'Нов запис', 12),
	(14, 560, 'Nou registre', 12),
	(15, 561, '新记录', 12),
	(16, 562, '新記錄', 12),
	(17, 563, 'Novi rekord', 12),
	(18, 564, 'Nový rekord', 12),
	(19, 565, 'Ny post', 12),
	(20, 566, 'Nieuw record', 12),
	(21, 567, 'New Record', 12),
	(22, 568, 'New Record', 12),
	(23, 569, 'Bagong Record', 12),
	(24, 570, 'Uusi ennätys', 12),
	(25, 571, 'Nouveau record', 12),
	(26, 572, 'Novo Record', 12),
	(27, 573, 'Neuer Rekord', 12),
	(28, 574, 'Νέα Εγγραφή', 12),
	(29, 575, 'Ekri nouvo', 12),
	(30, 576, 'שיא חדש', 12),
	(31, 577, 'नया रिकार्ड', 12),
	(32, 578, 'Új rekord', 12),
	(33, 579, 'New Record', 12),
	(34, 580, 'Record Baru', 12),
	(35, 581, 'Nua Taifead', 12),
	(36, 582, 'Nuovo record', 12),
	(37, 583, '新しいレコード', 12),
	(38, 584, 'Jauns ieraksts', 12),
	(39, 585, 'Naujas įrašas', 12),
	(40, 586, 'Нов рекорд', 12),
	(41, 587, 'Record Baru', 12),
	(42, 588, 'New Record', 12),
	(43, 589, 'Ny post', 12),
	(44, 590, 'رکورد جدید', 12),
	(45, 591, 'Novo Record', 12),
	(46, 592, 'Record nou', 12),
	(47, 593, 'Новая запись', 12),
	(48, 594, 'Нови запис', 12),
	(49, 595, 'Nový rekord', 12),
	(50, 596, 'Nov zapis', 12),
	(51, 597, 'Nuevo registro', 12),
	(52, 598, 'Mpya Record', 12),
	(53, 599, 'Ny post', 12),
	(54, 600, 'บันทึกใหม่', 12),
	(55, 601, 'Новий запис', 12),
	(56, 602, 'New Record', 12),
	(57, 603, 'Cofnod Newydd', 12),
	(58, 604, 'ניו רעקאָרד', 12),
	(9, 605, 'Drukker', 13),
	(10, 606, 'Printer', 13),
	(11, 607, 'الطابعة', 13),
	(12, 608, 'Друкарак', 13),
	(13, 609, 'Принтер', 13),
	(14, 610, 'Impressora', 13),
	(15, 611, '打印机', 13),
	(16, 612, '打印機', 13),
	(17, 613, 'Printer', 13),
	(18, 614, 'Tiskárny', 13),
	(19, 615, 'Printer', 13),
	(20, 616, 'Printer', 13),
	(21, 617, 'Printer', 13),
	(22, 618, 'Printer', 13),
	(23, 619, 'Printer', 13),
	(24, 620, 'Tulostimen', 13),
	(25, 621, 'Imprimante', 13),
	(26, 622, 'Impresora', 13),
	(27, 623, 'Drucker', 13),
	(28, 624, 'Εκτυπωτή', 13),
	(29, 625, 'Printer', 13),
	(30, 626, 'מדפסת', 13),
	(31, 627, 'प्रिंटर', 13),
	(32, 628, 'Nyomtató', 13),
	(33, 629, 'Printer', 13),
	(34, 630, 'Printer', 13),
	(35, 631, 'Printéir', 13),
	(36, 632, 'Stampante', 13),
	(37, 633, 'プリンタ', 13),
	(38, 634, 'Printeris', 13),
	(39, 635, 'Spausdintuvas', 13),
	(40, 636, 'Отпечати', 13),
	(41, 637, 'Printer', 13),
	(42, 638, 'Printer', 13),
	(43, 639, 'Skriver', 13),
	(44, 640, 'چاپگر', 13),
	(45, 641, 'Impressora', 13),
	(46, 642, 'Imprimantă', 13),
	(47, 643, 'Принтеров', 13),
	(48, 644, 'Штампач', 13),
	(49, 645, 'Tlačiarne', 13),
	(50, 646, 'Printer', 13),
	(51, 647, 'Impresora', 13),
	(52, 648, 'Printer', 13),
	(53, 649, 'Skrivare', 13),
	(54, 650, 'พิมพ์', 13),
	(55, 651, 'Принтерів', 13),
	(56, 652, 'Máy in', 13),
	(57, 653, 'Argraffydd', 13),
	(58, 654, 'דרוקער', 13),
	(9, 655, 'Microsoft Excel', 14),
	(10, 656, 'Microsoft Excel', 14),
	(11, 657, 'مايكروسوفت إكسل', 14),
	(12, 658, 'Microsoft Excel', 14),
	(13, 659, 'Microsoft Excel', 14),
	(14, 660, 'Microsoft Excel', 14),
	(15, 661, '微软的Excel', 14),
	(16, 662, '微軟的Excel', 14),
	(17, 663, 'Microsoft Excel', 14),
	(18, 664, 'Microsoft Excel', 14),
	(19, 665, 'Microsoft Excel', 14),
	(20, 666, 'Microsoft Excel', 14),
	(21, 667, 'Microsoft Excel', 14),
	(22, 668, 'Microsoft Excel', 14),
	(23, 669, 'Microsoft Excel', 14),
	(24, 670, 'Microsoft Excel', 14),
	(25, 671, 'Microsoft Excel', 14),
	(26, 672, 'Microsoft Excel', 14),
	(27, 673, 'Microsoft Excel', 14),
	(28, 674, 'Microsoft Excel', 14),
	(29, 675, 'Microsoft Excel', 14),
	(30, 676, 'Microsoft Excel', 14),
	(31, 677, 'माइक्रोसॉफ्ट एक्सेल', 14),
	(32, 678, 'Microsoft Excel', 14),
	(33, 679, 'Microsoft Excel', 14),
	(34, 680, 'Microsoft Excel', 14),
	(35, 681, 'Microsoft Excel', 14),
	(36, 682, 'Microsoft Excel', 14),
	(37, 683, 'Microsoft Excelの', 14),
	(38, 684, 'Microsoft Excel', 14),
	(39, 685, '&quot;Microsoft Excel&quot;', 14),
	(40, 686, 'Microsoft Excel', 14),
	(41, 687, 'Microsoft Excel', 14),
	(42, 688, 'Microsoft Excel', 14),
	(43, 689, 'Microsoft Excel', 14),
	(44, 690, 'مایکروسافت اکسل', 14),
	(45, 691, 'Microsoft Excel', 14),
	(46, 692, 'Microsoft Excel', 14),
	(47, 693, 'Microsoft Excel', 14),
	(48, 694, 'Мицрософт Екцел', 14),
	(49, 695, 'Microsoft Excel', 14),
	(50, 696, 'Microsoft Excel', 14),
	(51, 697, 'Microsoft Excel', 14),
	(52, 698, 'Microsoft Excel', 14),
	(53, 699, 'Microsoft Excel', 14),
	(54, 700, 'Microsoft Excel', 14),
	(55, 701, 'Microsoft Excel', 14),
	(56, 702, 'Microsoft Excel', 14),
	(57, 703, 'Microsoft Excel', 14),
	(58, 704, 'מייקראָסאָפֿט עקססעל', 14),
	(9, 705, 'Veld in die leë', 15),
	(10, 706, 'Fushë në bosh', 15),
	(11, 707, 'في حقل فارغ', 15),
	(12, 708, 'Поле ў пусты', 15),
	(13, 709, 'Поле в празното', 15),
	(14, 710, 'Camp en l&#39;espai en blanc', 15),
	(15, 711, '场中的空白', 15),
	(16, 712, '場中的空白', 15),
	(17, 713, 'Polje u prazno', 15),
	(18, 714, 'Pole do prázdného', 15),
	(19, 715, 'Felt i blank', 15),
	(20, 716, 'Veld in het lege', 15),
	(21, 717, 'Field in the blank', 15),
	(22, 718, 'Väli tühjaks', 15),
	(23, 719, 'Patlang ng mga blangko', 15),
	(24, 720, 'Kenttä tyhjäksi', 15),
	(25, 721, 'Champ dans l&#39;espace', 15),
	(26, 722, 'Campo en branco', 15),
	(27, 723, 'Feld in der leeren', 15),
	(28, 724, 'Πεδίο στο κενό', 15),
	(29, 725, 'Jaden nan vid la', 15),
	(30, 726, 'שדה ריק', 15),
	(31, 727, 'रिक्त में फील्ड', 15),
	(32, 728, 'Field az üres', 15),
	(33, 729, 'Field í auða', 15),
	(34, 730, 'Lapangan di kosong', 15),
	(35, 731, 'Réimse an bán', 15),
	(36, 732, 'Campo nel vuoto', 15),
	(37, 733, '空白のフィールド', 15),
	(38, 734, 'Jomā tukšajā', 15),
	(39, 735, 'Laukas tuščias', 15),
	(40, 736, 'Поле во празно', 15),
	(41, 737, 'Lapangan di kosong', 15),
	(42, 738, 'Qasam fl-imbjank', 15),
	(43, 739, 'Field i det tomme', 15),
	(44, 740, 'در فیلد خالی', 15),
	(45, 741, 'Campo em branco', 15),
	(46, 742, 'Câmp în gol', 15),
	(47, 743, 'Поле в пустой', 15),
	(48, 744, 'Поље у празно', 15),
	(49, 745, 'Pole do prázdneho', 15),
	(50, 746, 'Polje v prazno', 15),
	(51, 747, 'Campo en el espacio en blanco', 15),
	(52, 748, 'Shamba katika tupu', 15),
	(53, 749, 'Fält i den tomma', 15),
	(54, 750, 'เขตข้อมูลในที่ว่างเปล่า', 15),
	(55, 751, 'Поле в порожній', 15),
	(56, 752, 'Field vào chỗ trống', 15),
	(57, 753, 'Maes yn y gwag', 15),
	(58, 754, 'פעלד אין די ליידיק', 15),
	(9, 755, 'Tweevoud Rekord', 16),
	(10, 756, 'Duplicate Record', 16),
	(11, 757, 'سجل مكرر', 16),
	(12, 758, 'Запісы, якія паўтараюцца', 16),
	(13, 759, 'Дублиране Запис', 16),
	(14, 760, 'Registres duplicats', 16),
	(15, 761, '重复记录', 16),
	(16, 762, '重複記錄', 16),
	(17, 763, 'Dvostruki rekord', 16),
	(18, 764, 'Duplicitní záznam', 16),
	(19, 765, 'Duplicate Record', 16),
	(20, 766, 'Dubbele record', 16),
	(21, 767, 'Duplicate Record', 16),
	(22, 768, 'Duplicate Record', 16),
	(23, 769, 'Doblehin Record', 16),
	(24, 770, 'Monista Record', 16),
	(25, 771, 'Dupliquer l&#39;enregistrement', 16),
	(26, 772, 'Duplicate Record', 16),
	(27, 773, 'Datensatz duplizieren', 16),
	(28, 774, 'Διπλότυπο Εγγραφή', 16),
	(29, 775, 'Kopi Dosye', 16),
	(30, 776, 'שכפל שיא', 16),
	(31, 777, 'नकल रिकार्ड', 16),
	(32, 778, 'Duplicate rekord', 16),
	(33, 779, 'Afrit Record', 16),
	(34, 780, 'Duplikasi Record', 16),
	(35, 781, 'Dúblach Taifead', 16),
	(36, 782, 'Duplica il record', 16),
	(37, 783, '重複レコード', 16),
	(38, 784, 'Duplicate Record', 16),
	(39, 785, 'Dubliuoti Įrašų', 16),
	(40, 786, 'Дупликат рекорд', 16),
	(41, 787, 'Duplikasi Record', 16),
	(42, 788, 'Duplikat Record', 16),
	(43, 789, 'Duplicate Record', 16),
	(44, 790, 'رکورد تکراری', 16),
	(45, 791, 'Duplicate Record', 16),
	(46, 792, 'Record duplicat', 16),
	(47, 793, 'Повторяющиеся записи', 16),
	(48, 794, 'Дупликат Рекорд', 16),
	(49, 795, 'Duplicitné záznam', 16),
	(50, 796, 'Duplicate Record', 16),
	(51, 797, 'Registros duplicados', 16),
	(52, 798, 'Duplicate Record', 16),
	(53, 799, 'Duplicera post', 16),
	(54, 800, 'บันทึกซ้ำ', 16),
	(55, 801, 'Повторювані записи', 16),
	(56, 802, 'Duplicate Record', 16),
	(57, 803, 'Cofnod dyblyg', 16),
	(58, 804, 'דופּליקאַט רעקאָרד', 16),
	(9, 805, 'Standaard teks', 17),
	(10, 806, 'Default Tekst', 17),
	(11, 807, 'النص الافتراضي', 17),
	(12, 808, 'Тэкст па змаўчанні', 17),
	(13, 809, 'Текстът по подразбиране', 17),
	(14, 810, 'Text per defecte', 17),
	(15, 811, '默认文本', 17),
	(16, 812, '默認文本', 17),
	(17, 813, 'Zadani tekst', 17),
	(18, 814, 'Výchozí text', 17),
	(19, 815, 'Standard tekst', 17),
	(20, 816, 'Default Text', 17),
	(21, 817, 'Default Text', 17),
	(22, 818, 'Vaikimisi tekst', 17),
	(23, 819, 'Default na Teksto', 17),
	(24, 820, 'Default Text', 17),
	(25, 821, 'De texte par défaut', 17),
	(26, 822, 'Default Text', 17),
	(27, 823, 'Default Text', 17),
	(28, 824, 'Default Text', 17),
	(29, 825, 'Default Text', 17),
	(30, 826, 'ברירת המחדל של הטקסט', 17),
	(31, 827, 'डिफ़ॉल्ट पाठ', 17),
	(32, 828, 'Alapértelmezett szöveg', 17),
	(33, 829, 'Default Text', 17),
	(34, 830, 'Default Text', 17),
	(35, 831, 'Default Text', 17),
	(36, 832, 'Testo predefinito', 17),
	(37, 833, 'デフォルトのテキスト', 17),
	(38, 834, 'Noklusējuma teksta', 17),
	(39, 835, 'Numatytasis tekstas', 17),
	(40, 836, 'Стандардна текст', 17),
	(41, 837, 'Default Text', 17),
	(42, 838, 'Default Test', 17),
	(43, 839, 'Default Tekst', 17),
	(44, 840, 'متن پیشفرض', 17),
	(45, 841, 'Default Text', 17),
	(46, 842, 'Implicit Text', 17),
	(47, 843, 'Текст по умолчанию', 17),
	(48, 844, 'Подразумевани текст', 17),
	(49, 845, 'Východiskový text', 17),
	(50, 846, 'Default Text', 17),
	(51, 847, 'Texto por defecto', 17),
	(52, 848, 'Nakala default', 17),
	(53, 849, 'Default Text', 17),
	(54, 850, 'ข้อความเริ่มต้น', 17),
	(55, 851, 'Текст за умовчанням', 17),
	(56, 852, 'Văn bản mặc định', 17),
	(57, 853, 'Default Testun', 17),
	(58, 854, 'ניט ויסצאָלן טעקסט', 17),
	(9, 855, 'Nuwe rekord', 18),
	(10, 856, 'Regjistro reja', 18),
	(11, 857, 'رقم قياسي جديد', 18),
	(12, 858, 'Новая запіс', 18),
	(13, 859, 'Нов запис', 18),
	(14, 860, 'Nou registre', 18),
	(15, 861, '新记录', 18),
	(16, 862, '新記錄', 18),
	(17, 863, 'Novi rekord', 18),
	(18, 864, 'Nový rekord', 18),
	(19, 865, 'Ny post', 18),
	(20, 866, 'Nieuw record', 18),
	(21, 867, 'New Record', 18),
	(22, 868, 'New Record', 18),
	(23, 869, 'Bagong Record', 18),
	(24, 870, 'Uusi ennätys', 18),
	(25, 871, 'Nouveau record', 18),
	(26, 872, 'Novo Record', 18),
	(27, 873, 'Neuer Rekord', 18),
	(28, 874, 'Νέα Εγγραφή', 18),
	(29, 875, 'Ekri nouvo', 18),
	(30, 876, 'שיא חדש', 18),
	(31, 877, 'नया रिकार्ड', 18),
	(32, 878, 'Új rekord', 18),
	(33, 879, 'New Record', 18),
	(34, 880, 'Record Baru', 18),
	(35, 881, 'Nua Taifead', 18),
	(36, 882, 'Nuovo record', 18),
	(37, 883, '新しいレコード', 18),
	(38, 884, 'Jauns ieraksts', 18),
	(39, 885, 'Naujas įrašas', 18),
	(40, 886, 'Нов рекорд', 18),
	(41, 887, 'Record Baru', 18),
	(42, 888, 'New Record', 18),
	(43, 889, 'Ny post', 18),
	(44, 890, 'رکورد جدید', 18),
	(45, 891, 'Novo Record', 18),
	(46, 892, 'Record nou', 18),
	(47, 893, 'Новая запись', 18),
	(48, 894, 'Нови запис', 18),
	(49, 895, 'Nový rekord', 18),
	(50, 896, 'Nov zapis', 18),
	(51, 897, 'Nuevo registro', 18),
	(52, 898, 'Mpya Record', 18),
	(53, 899, 'Ny post', 18),
	(54, 900, 'บันทึกใหม่', 18),
	(55, 901, 'Новий запис', 18),
	(56, 902, 'New Record', 18),
	(57, 903, 'Cofnod Newydd', 18),
	(58, 904, 'ניו רעקאָרד', 18),
	(9, 905, 'Slaan', 19),
	(10, 906, 'Ruaj', 19),
	(11, 907, 'حفظ', 19),
	(12, 908, 'Захаваць', 19),
	(13, 909, 'Запази', 19),
	(14, 910, 'Guardar', 19),
	(15, 911, '保存', 19),
	(16, 912, '保存', 19),
	(17, 913, 'Spasiti', 19),
	(18, 914, 'Uložit', 19),
	(19, 915, 'Gem', 19),
	(20, 916, 'Opslaan', 19),
	(21, 917, 'Save', 19),
	(22, 918, 'Salvesta', 19),
	(23, 919, 'Iligtas', 19),
	(24, 920, 'Tallenna', 19),
	(25, 921, 'Enregistrer', 19),
	(26, 922, 'Gardar', 19),
	(27, 923, 'Speichern', 19),
	(28, 924, 'Αποθήκευση', 19),
	(29, 925, 'Sove', 19),
	(30, 926, 'שמור', 19),
	(31, 927, 'सहेजें', 19),
	(32, 928, 'Mentés', 19),
	(33, 929, 'Vista', 19),
	(34, 930, 'Simpan', 19),
	(35, 931, 'Sábháil', 19),
	(36, 932, 'Salva', 19),
	(37, 933, '名前を付けて保存', 19),
	(38, 934, 'Saglabāt', 19),
	(39, 935, 'Prisiminti', 19),
	(40, 936, 'Зачувај', 19),
	(41, 937, 'Simpan', 19),
	(42, 938, 'Save', 19),
	(43, 939, 'Lagre', 19),
	(44, 940, 'ذخیره', 19),
	(45, 941, 'Guardar', 19),
	(46, 942, 'Salva', 19),
	(47, 943, 'Сохранить', 19),
	(48, 944, 'Сачувај', 19),
	(49, 945, 'Uložiť', 19),
	(50, 946, 'Shrani', 19),
	(51, 947, 'Guardar', 19),
	(52, 948, 'Ila', 19),
	(53, 949, 'Spara', 19),
	(54, 950, 'บันทึก', 19),
	(55, 951, 'Зберегти', 19),
	(56, 952, 'Lưu', 19),
	(57, 953, 'Cadw', 19),
	(58, 954, 'ראַטעווען', 19),
	(9, 955, 'Verwyder', 20),
	(10, 956, 'Fshij', 20),
	(11, 957, 'حذف', 20),
	(12, 958, 'Выдаліць', 20),
	(13, 959, 'Изтриване', 20),
	(14, 960, 'Eliminar', 20),
	(15, 961, '删除', 20),
	(16, 962, '刪除', 20),
	(17, 963, 'Izbrisati', 20),
	(18, 964, 'Odstranit', 20),
	(19, 965, 'Slet', 20),
	(20, 966, 'Verwijderen', 20),
	(21, 967, 'Delete', 20),
	(22, 968, 'Kustuta', 20),
	(23, 969, 'Alisin', 20),
	(24, 970, 'Poista', 20),
	(25, 971, 'Supprimer', 20),
	(26, 972, 'Borrar', 20),
	(27, 973, 'Löschen', 20),
	(28, 974, 'Διαγραφή', 20),
	(29, 975, 'Delete', 20),
	(30, 976, 'מחק', 20),
	(31, 977, 'हटाएँ', 20),
	(32, 978, 'Törlés', 20),
	(33, 979, 'Eyða', 20),
	(34, 980, 'Hapus', 20),
	(35, 981, 'Scrios', 20),
	(36, 982, 'Elimina', 20),
	(37, 983, '削除', 20),
	(38, 984, 'Dzēst', 20),
	(39, 985, 'Ištrinti', 20),
	(40, 986, 'Бриши', 20),
	(41, 987, 'Padam', 20),
	(42, 988, 'Ħassar', 20),
	(43, 989, 'Slett', 20),
	(44, 990, 'حذف', 20),
	(45, 991, 'Excluir', 20),
	(46, 992, 'Şterge', 20),
	(47, 993, 'Удалить', 20),
	(48, 994, 'Избриши', 20),
	(49, 995, 'Odstrániť', 20),
	(50, 996, 'Izbriši', 20),
	(51, 997, 'Eliminar', 20),
	(52, 998, 'Delete', 20),
	(53, 999, 'Radera', 20),
	(54, 1000, 'ลบ', 20),
	(55, 1001, 'Видалити', 20),
	(56, 1002, 'Xóa', 20),
	(57, 1003, 'Dileu', 20),
	(58, 1004, 'ויסמעקן', 20),
	(9, 1005, 'Ontwerp', 21),
	(10, 1006, 'Projekt', 21),
	(11, 1007, 'مشروع', 21),
	(12, 1008, 'Праект', 21),
	(13, 1009, 'Проект', 21),
	(14, 1010, 'Projecte de', 21),
	(15, 1011, '草案', 21),
	(16, 1012, '草案', 21),
	(17, 1013, 'Nacrt', 21),
	(18, 1014, 'Návrh', 21),
	(19, 1015, 'Udkast til', 21),
	(20, 1016, 'Ontwerp-', 21),
	(21, 1017, 'Draft', 21),
	(22, 1018, 'Projekt', 21),
	(23, 1019, 'Burador', 21),
	(24, 1020, 'Luonnos', 21),
	(25, 1021, 'Projet de', 21),
	(26, 1022, 'Proxecto', 21),
	(27, 1023, 'Entwurf', 21),
	(28, 1024, 'Σχέδιο', 21),
	(29, 1025, 'Bouyon', 21),
	(30, 1026, 'טיוטה', 21),
	(31, 1027, 'मसौदा', 21),
	(32, 1028, 'Tervezet', 21),
	(33, 1029, 'Draft', 21),
	(34, 1030, 'Draf', 21),
	(35, 1031, 'Dréacht', 21),
	(36, 1032, 'Progetto', 21),
	(37, 1033, 'ドラフト', 21),
	(38, 1034, 'Projektu', 21),
	(39, 1035, 'Projektas', 21),
	(40, 1036, 'Предлог', 21),
	(41, 1037, 'Draf', 21),
	(42, 1038, 'Abbozz', 21),
	(43, 1039, 'Utkast', 21),
	(44, 1040, 'پیش نویس', 21),
	(45, 1041, 'Projecto', 21),
	(46, 1042, 'Proiect de', 21),
	(47, 1043, 'Проект', 21),
	(48, 1044, 'Нацрт', 21),
	(49, 1045, 'Návrh', 21),
	(50, 1046, 'Osnutek', 21),
	(51, 1047, 'Proyecto de', 21),
	(52, 1048, 'Rasimu', 21),
	(53, 1049, 'Förslag', 21),
	(54, 1050, 'ร่าง', 21),
	(55, 1051, 'Проект', 21),
	(56, 1052, 'Dự thảo', 21),
	(57, 1053, 'Drafft', 21),
	(58, 1054, 'פּלאַן', 21),
	(9, 1055, 'Reset', 22),
	(10, 1056, 'Reset', 22),
	(11, 1057, 'إعادة تعيين', 22),
	(12, 1058, 'Скід', 22),
	(13, 1059, 'Проучване', 22),
	(14, 1060, 'Restablir', 22),
	(15, 1061, '复位', 22),
	(16, 1062, '復位', 22),
	(17, 1063, 'Reset', 22),
	(18, 1064, 'Reset', 22),
	(19, 1065, 'Nulstil', 22),
	(20, 1066, 'Reset', 22),
	(21, 1067, 'Reset', 22),
	(22, 1068, 'Reset', 22),
	(23, 1069, 'I-reset', 22),
	(24, 1070, 'Nollaa', 22),
	(25, 1071, 'Reset', 22),
	(26, 1072, 'Reset', 22),
	(27, 1073, 'Reset', 22),
	(28, 1074, 'Επαναφορά', 22),
	(29, 1075, 'Reyajiste', 22),
	(30, 1076, 'איפוס', 22),
	(31, 1077, 'रीसेट', 22),
	(32, 1078, 'Reset', 22),
	(33, 1079, 'Endurstilla', 22),
	(34, 1080, 'Reset', 22),
	(35, 1081, 'Athshocraigh', 22),
	(36, 1082, 'Reset', 22),
	(37, 1083, 'リセット', 22),
	(38, 1084, 'Reset', 22),
	(39, 1085, 'Atstatyti', 22),
	(40, 1086, 'Ресетирај', 22),
	(41, 1087, 'Kembalikan', 22),
	(42, 1088, 'Irrisettja', 22),
	(43, 1089, 'Reset', 22),
	(44, 1090, 'بازنشانی', 22),
	(45, 1091, 'Reset', 22),
	(46, 1092, 'Resetare', 22),
	(47, 1093, 'Сброс', 22),
	(48, 1094, 'Ресетовање', 22),
	(49, 1095, 'Reset', 22),
	(50, 1096, 'Reset', 22),
	(51, 1097, 'Restablecer', 22),
	(52, 1098, 'Reset', 22),
	(53, 1099, 'Återställ', 22),
	(54, 1100, 'Reset', 22),
	(55, 1101, 'Скидання', 22),
	(56, 1102, 'Thiết lập lại', 22),
	(57, 1103, 'Ailosod', 22),
	(58, 1104, 'באַשטעטיק', 22),
	(9, 1105, 'Post', 23),
	(10, 1106, 'Post', 23),
	(11, 1107, 'آخر', 23),
	(12, 1108, 'Паведамленне', 23),
	(13, 1109, 'Пост', 23),
	(14, 1110, 'Missatge', 23),
	(15, 1111, '邮政', 23),
	(16, 1112, '郵政', 23),
	(17, 1113, 'Post', 23),
	(18, 1114, 'Příspěvek', 23),
	(19, 1115, 'Post', 23),
	(20, 1116, 'Post', 23),
	(21, 1117, 'Post', 23),
	(22, 1118, 'Post', 23),
	(23, 1119, 'Post', 23),
	(24, 1120, 'Post', 23),
	(25, 1121, 'Post', 23),
	(26, 1122, 'Post', 23),
	(27, 1123, 'Post', 23),
	(28, 1124, 'Δημοσίευση', 23),
	(29, 1125, 'Post', 23),
	(30, 1126, 'הודעה', 23),
	(31, 1127, 'पोस्ट', 23),
	(32, 1128, 'Hozzászólás', 23),
	(33, 1129, 'Post', 23),
	(34, 1130, 'Post', 23),
	(35, 1131, 'Iar', 23),
	(36, 1132, 'Post', 23),
	(37, 1133, '投稿', 23),
	(38, 1134, 'Pastu', 23),
	(39, 1135, 'Paštu', 23),
	(40, 1136, 'Пост', 23),
	(41, 1137, 'Post', 23),
	(42, 1138, 'Post', 23),
	(43, 1139, 'Post', 23),
	(44, 1140, 'پست', 23),
	(45, 1141, 'Post', 23),
	(46, 1142, 'Post', 23),
	(47, 1143, 'Сообщение', 23),
	(48, 1144, 'Пост', 23),
	(49, 1145, 'Príspevok', 23),
	(50, 1146, 'Post', 23),
	(51, 1147, 'Mensaje', 23),
	(52, 1148, 'Post', 23),
	(53, 1149, 'Post', 23),
	(54, 1150, 'โพสต์', 23),
	(55, 1151, 'Повідомлення', 23),
	(56, 1152, 'Post', 23),
	(57, 1153, 'Post', 23),
	(58, 1154, 'פּאָסטן', 23),
	(9, 1155, 'Aanbieding Rekord', 24),
	(10, 1156, 'Listing Record', 24),
	(11, 1157, 'إدراج سجل', 24),
	(12, 1158, 'Лістынг запіс', 24),
	(13, 1159, 'Обява Запис', 24),
	(14, 1160, 'Llistat de Registre', 24),
	(15, 1161, '上市记录', 24),
	(16, 1162, '上市記錄', 24),
	(17, 1163, 'Oglas rekord', 24),
	(18, 1164, 'Výpis záznamů', 24),
	(19, 1165, 'Notering Record', 24),
	(20, 1166, 'Record aanbieding', 24),
	(21, 1167, 'Listing Record', 24),
	(22, 1168, 'Videod Record', 24),
	(23, 1169, 'Listing Record', 24),
	(24, 1170, 'Listing Record', 24),
	(25, 1171, 'Exemple d&#39;enregistrement', 24),
	(26, 1172, 'Listado Record', 24),
	(27, 1173, 'Listing Record', 24),
	(28, 1174, 'Λίστα Εγγραφή', 24),
	(29, 1175, 'Listing Ekri', 24),
	(30, 1176, 'רשימת תקליטים', 24),
	(31, 1177, 'लिस्ट रिकार्ड', 24),
	(32, 1178, 'Rekord listázása', 24),
	(33, 1179, 'Listing Record', 24),
	(34, 1180, 'Listing Rekam', 24),
	(35, 1181, 'Liosta Taifead', 24),
	(36, 1182, 'Elenco dei Record', 24),
	(37, 1183, 'リストレコード', 24),
	(38, 1184, 'Listing Ierakstīt', 24),
	(39, 1185, 'Sąrašas Įrašų', 24),
	(40, 1186, 'Рекорд на оглас', 24),
	(41, 1187, 'Listing Rakam', 24),
	(42, 1188, 'Elenku Record', 24),
	(43, 1189, 'Oppføring Record', 24),
	(44, 1190, 'مثال رکورد', 24),
	(45, 1191, 'Listagem Record', 24),
	(46, 1192, 'Listarea Record', 24),
	(47, 1193, 'Листинг запись', 24),
	(48, 1194, 'Оглас Рекорд', 24),
	(49, 1195, 'Výpis záznamov', 24),
	(50, 1196, 'Ad Record', 24),
	(51, 1197, 'Listado de Registro', 24),
	(52, 1198, 'Nyimbo Record', 24),
	(53, 1199, 'Lista Record', 24),
	(54, 1200, 'บันทึกรายการ', 24),
	(55, 1201, 'Лістинг запис', 24),
	(56, 1202, 'Liệt kê Record', 24),
	(57, 1203, 'Cofnod Listing', 24),
	(58, 1204, 'ליסטינג רעקאָרד', 24),
	(9, 1205, 'Kanselleer', 25),
	(10, 1206, 'Anuloj', 25),
	(11, 1207, 'إلغاء', 25),
	(12, 1208, 'Адмяніць', 25),
	(13, 1209, 'Отказ', 25),
	(14, 1210, 'Cancel', 25),
	(15, 1211, '取消', 25),
	(16, 1212, '取消', 25),
	(17, 1213, 'Otkazati', 25),
	(18, 1214, 'Zrušit', 25),
	(19, 1215, 'Annuller', 25),
	(20, 1216, 'Annuleren', 25),
	(21, 1217, 'Cancel', 25),
	(22, 1218, 'Tühista', 25),
	(23, 1219, 'Kanselahin', 25),
	(24, 1220, 'Peruuta', 25),
	(25, 1221, 'Annuler', 25),
	(26, 1222, 'Cancelar', 25),
	(27, 1223, 'Abbrechen', 25),
	(28, 1224, 'Ακύρωση', 25),
	(29, 1225, 'Anile', 25),
	(30, 1226, 'לבטל', 25),
	(31, 1227, 'रद्द', 25),
	(32, 1228, 'Mégsem', 25),
	(33, 1229, 'Hætta við', 25),
	(34, 1230, 'Membatalkan', 25),
	(35, 1231, 'Cealaigh', 25),
	(36, 1232, 'Annulla', 25),
	(37, 1233, 'キャンセル', 25),
	(38, 1234, 'Atcelt', 25),
	(39, 1235, 'Atšaukti', 25),
	(40, 1236, 'Откажи', 25),
	(41, 1237, 'Membatalkan', 25),
	(42, 1238, 'Ikkanċella', 25),
	(43, 1239, 'Avbryt', 25),
	(44, 1240, 'انصراف', 25),
	(45, 1241, 'Cancelar', 25),
	(46, 1242, 'Anula', 25),
	(47, 1243, 'Отменить', 25),
	(48, 1244, 'Отказати', 25),
	(49, 1245, 'Zrušiť', 25),
	(50, 1246, 'Prekliči', 25),
	(51, 1247, 'Cancelar', 25),
	(52, 1248, 'Kufuta', 25),
	(53, 1249, 'Avbryt', 25),
	(54, 1250, 'ยกเลิก', 25),
	(55, 1251, 'Скасувати', 25),
	(56, 1252, 'Huỷ', 25),
	(57, 1253, 'Canslo', 25),
	(58, 1254, 'באָטל מאַכן', 25),
	(9, 1255, 'Eerste', 26),
	(10, 1256, 'Parë', 26),
	(11, 1257, 'الأول', 26),
	(12, 1258, 'Першы', 26),
	(13, 1259, 'Първи', 26),
	(14, 1260, 'En primer lloc', 26),
	(15, 1261, '第一', 26),
	(16, 1262, '第一', 26),
	(17, 1263, 'Prvi', 26),
	(18, 1264, 'První', 26),
	(19, 1265, 'Første', 26),
	(20, 1266, 'Eerste', 26),
	(21, 1267, 'First', 26),
	(22, 1268, 'Esimese', 26),
	(23, 1269, 'Unang', 26),
	(24, 1270, 'Ensimmäinen', 26),
	(25, 1271, 'Première', 26),
	(26, 1272, 'Primeira', 26),
	(27, 1273, 'Erste', 26),
	(28, 1274, 'Πρώτα', 26),
	(29, 1275, 'Premye', 26),
	(30, 1276, 'ראשון', 26),
	(31, 1277, 'पहले', 26),
	(32, 1278, 'Első', 26),
	(33, 1279, 'First', 26),
	(34, 1280, 'Pertama', 26),
	(35, 1281, 'An Chéad', 26),
	(36, 1282, 'Primo', 26),
	(37, 1283, '最初の', 26),
	(38, 1284, 'Pirmā', 26),
	(39, 1285, 'Pirmosios', 26),
	(40, 1286, 'Прво', 26),
	(41, 1287, 'Pertama', 26),
	(42, 1288, 'Ewwel', 26),
	(43, 1289, 'Første', 26),
	(44, 1290, 'اول', 26),
	(45, 1291, 'Primeira', 26),
	(46, 1292, 'În primul rând', 26),
	(47, 1293, 'Первый', 26),
	(48, 1294, 'Прва', 26),
	(49, 1295, 'Prvé', 26),
	(50, 1296, 'Prva', 26),
	(51, 1297, 'En primer lugar', 26),
	(52, 1298, 'Kwanza', 26),
	(53, 1299, 'Första', 26),
	(54, 1300, 'แรก', 26),
	(55, 1301, 'Перший', 26),
	(56, 1302, 'Đầu tiên', 26),
	(57, 1303, 'Cyntaf', 26),
	(58, 1304, 'ערשטער', 26),
	(9, 1305, 'Vorige', 27),
	(10, 1306, 'I mëparshëm', 27),
	(11, 1307, 'السابقة', 27),
	(12, 1308, 'Папярэдняя', 27),
	(13, 1309, 'Предишна', 27),
	(14, 1310, 'Anterior', 27),
	(15, 1311, '上一页', 27),
	(16, 1312, '上一頁', 27),
	(17, 1313, 'Prethodna', 27),
	(18, 1314, 'Předchozí', 27),
	(19, 1315, 'Forrige', 27),
	(20, 1316, 'Vorige', 27),
	(21, 1317, 'Previous', 27),
	(22, 1318, 'Eelmine', 27),
	(23, 1319, 'Nakaraan', 27),
	(24, 1320, 'Edellinen', 27),
	(25, 1321, 'Précédent', 27),
	(26, 1322, 'Anterior', 27),
	(27, 1323, 'Zurück', 27),
	(28, 1324, 'Προηγούμενη', 27),
	(29, 1325, 'Previous', 27),
	(30, 1326, 'קודם', 27),
	(31, 1327, 'पिछला', 27),
	(32, 1328, 'Előző', 27),
	(33, 1329, 'Fyrri', 27),
	(34, 1330, 'Sebelumnya', 27),
	(35, 1331, 'Roimhe Seo', 27),
	(36, 1332, 'Precedente', 27),
	(37, 1333, '前へ', 27),
	(38, 1334, 'Iepriekšējais', 27),
	(39, 1335, 'Ankstesnis', 27),
	(40, 1336, 'Назад', 27),
	(41, 1337, 'Sebelumnya', 27),
	(42, 1338, 'Preċedenti', 27),
	(43, 1339, 'Forrige', 27),
	(44, 1340, 'قبلی', 27),
	(45, 1341, 'Anterior', 27),
	(46, 1342, 'Anterioare', 27),
	(47, 1343, 'Предыдущая', 27),
	(48, 1344, 'Претходни', 27),
	(49, 1345, 'Predchádzajúci', 27),
	(50, 1346, 'Prejšnja', 27),
	(51, 1347, 'Anterior', 27),
	(52, 1348, 'Previous', 27),
	(53, 1349, 'Föregående', 27),
	(54, 1350, 'ก่อน', 27),
	(55, 1351, 'Попередня', 27),
	(56, 1352, 'Trước', 27),
	(57, 1353, 'Blaenorol', 27),
	(58, 1354, 'פרייַערדיק', 27),
	(9, 1355, 'Volgende', 28),
	(10, 1356, 'Tjetër', 28),
	(11, 1357, 'القادم', 28),
	(12, 1358, 'Наступная', 28),
	(13, 1359, 'Следваща', 28),
	(14, 1360, 'Següent', 28),
	(15, 1361, '下一页', 28),
	(16, 1362, '下一頁', 28),
	(17, 1363, 'Slijedeća', 28),
	(18, 1364, 'Další', 28),
	(19, 1365, 'Næste', 28),
	(20, 1366, 'Volgende', 28),
	(21, 1367, 'Next', 28),
	(22, 1368, 'Järgmine', 28),
	(23, 1369, 'Susunod', 28),
	(24, 1370, 'Seuraava', 28),
	(25, 1371, 'Suivant', 28),
	(26, 1372, 'Seguinte', 28),
	(27, 1373, 'Weiter', 28),
	(28, 1374, 'Επόμενο', 28),
	(29, 1375, 'Next', 28),
	(30, 1376, 'הבא', 28),
	(31, 1377, 'अगला', 28),
	(32, 1378, 'Következő', 28),
	(33, 1379, 'Next', 28),
	(34, 1380, 'Berikutnya', 28),
	(35, 1381, 'Ar Aghaidh', 28),
	(36, 1382, 'Prossimo', 28),
	(37, 1383, '次へ', 28),
	(38, 1384, 'Nākamā', 28),
	(39, 1385, 'Kitas', 28),
	(40, 1386, 'Следна', 28),
	(41, 1387, 'Kemudian', 28),
	(42, 1388, 'Li jmiss', 28),
	(43, 1389, 'Neste', 28),
	(44, 1390, 'بعدی', 28),
	(45, 1391, 'Seguinte', 28),
	(46, 1392, 'Următorul', 28),
	(47, 1393, 'Следующая', 28),
	(48, 1394, 'Следећа', 28),
	(49, 1395, 'Ďalší', 28),
	(50, 1396, 'Naprej', 28),
	(51, 1397, 'Siguiente', 28),
	(52, 1398, 'Ijayo', 28),
	(53, 1399, 'Nästa', 28),
	(54, 1400, 'ถัดไป', 28),
	(55, 1401, 'Наступна', 28),
	(56, 1402, 'Tiếp theo', 28),
	(57, 1403, 'Nesaf', 28),
	(58, 1404, 'ווייַטער', 28),
	(9, 1405, 'Einde', 29),
	(10, 1406, 'Fund', 29),
	(11, 1407, 'نهاية', 29),
	(12, 1408, 'Канец', 29),
	(13, 1409, 'Край', 29),
	(14, 1410, 'Fi', 29),
	(15, 1411, '完', 29),
	(16, 1412, '完', 29),
	(17, 1413, 'Kraju', 29),
	(18, 1414, 'Konec', 29),
	(19, 1415, 'End', 29),
	(20, 1416, 'Einde', 29),
	(21, 1417, 'End', 29),
	(22, 1418, 'Aasta lõpuks', 29),
	(23, 1419, 'Katapusan', 29),
	(24, 1420, 'Lopussa', 29),
	(25, 1421, 'Fin', 29),
	(26, 1422, 'Fin', 29),
	(27, 1423, 'Ende', 29),
	(28, 1424, 'Τέλος', 29),
	(29, 1425, 'Fen', 29),
	(30, 1426, 'בסוף', 29),
	(31, 1427, 'अंत', 29),
	(32, 1428, 'Vége', 29),
	(33, 1429, 'End', 29),
	(34, 1430, 'Akhir', 29),
	(35, 1431, 'Deireadh', 29),
	(36, 1432, 'Fine', 29),
	(37, 1433, '終了', 29),
	(38, 1434, 'Beigās', 29),
	(39, 1435, 'Pabaigos', 29),
	(40, 1436, 'Крајот', 29),
	(41, 1437, 'Akhir', 29),
	(42, 1438, 'Tmiem', 29),
	(43, 1439, 'Slutt', 29),
	(44, 1440, 'پایان', 29),
	(45, 1441, 'Fim', 29),
	(46, 1442, 'Capăt', 29),
	(47, 1443, 'Конец', 29),
	(48, 1444, 'Крај', 29),
	(49, 1445, 'Koniec', 29),
	(50, 1446, 'End', 29),
	(51, 1447, 'Fin', 29),
	(52, 1448, 'Mwisho', 29),
	(53, 1449, 'Avsluta', 29),
	(54, 1450, 'ท้าย', 29),
	(55, 1451, 'Кінець', 29),
	(56, 1452, 'Cuối', 29),
	(57, 1453, 'Diwedd', 29),
	(58, 1454, 'ענדיקן', 29),
	(9, 1455, 'Vrag Versuim', 30),
	(10, 1456, 'Dështimi Load', 30),
	(11, 1457, 'فشل تحميل', 30),
	(12, 1458, 'Load Failure', 30),
	(13, 1459, 'Разрушаващо натоварване', 30),
	(14, 1460, 'La manca de càrrega', 30),
	(15, 1461, '加载失败', 30),
	(16, 1462, '加載失敗', 30),
	(17, 1463, 'Učitaj Neuspjeh', 30),
	(18, 1464, 'Zatížení selhání', 30),
	(19, 1465, 'Belastning Manglende', 30),
	(20, 1466, 'Load Failure', 30),
	(21, 1467, 'Load Failure', 30),
	(22, 1468, 'Load jätmine', 30),
	(23, 1469, 'Load Kabiguang', 30),
	(24, 1470, 'Kuorman jättäminen', 30),
	(25, 1471, 'Échec du chargement', 30),
	(26, 1472, 'Falla de carga', 30),
	(27, 1473, 'Load Failure', 30),
	(28, 1474, 'Αποτυχία φόρτωσης', 30),
	(29, 1475, 'Si w chaj', 30),
	(30, 1476, 'טען כישלון', 30),
	(31, 1477, 'लोड करने में विफलता', 30),
	(32, 1478, 'Töltsön hiba', 30),
	(33, 1479, 'Hlaða Failure', 30),
	(34, 1480, 'Load Kegagalan', 30),
	(35, 1481, 'Failure Luchtaigh', 30),
	(36, 1482, 'Carico di rottura', 30),
	(37, 1483, '負荷障害', 30),
	(38, 1484, 'Slodzes Ja', 30),
	(39, 1485, 'Įkelti neįvykdymas', 30),
	(40, 1486, 'Оптоварување Неуспехот', 30),
	(41, 1487, 'Load Kegagalan', 30),
	(42, 1488, 'Nuqqas Tagħbija', 30),
	(43, 1489, 'Last inn Failure', 30),
	(44, 1490, 'شکست بار', 30),
	(45, 1491, 'Falha de carga', 30),
	(46, 1492, 'Nerespectarea de încărcare', 30),
	(47, 1493, 'Load Failure', 30),
	(48, 1494, 'Учитај неуспех', 30),
	(49, 1495, 'Zaťaženie zlyhanie', 30),
	(50, 1496, 'Naloži Če', 30),
	(51, 1497, 'La falta de carga', 30),
	(52, 1498, 'Mzigo Kushindwa', 30),
	(53, 1499, 'Fyll Underlåtenhet', 30),
	(54, 1500, 'ความล้มเหลวในการโหลด', 30),
	(55, 1501, 'Load Failure', 30),
	(56, 1502, 'Không tải', 30),
	(57, 1503, 'Methiant Llwytho', 30),
	(58, 1504, 'מאַסע פאַילורע', 30),
	(9, 1505, 'Kliënt Ongeldige', 31),
	(10, 1506, 'Klienti i pavlefshëm', 31),
	(11, 1507, 'عميل غير صالح', 31),
	(12, 1508, 'Кліент Няправільны', 31),
	(13, 1509, 'Клиент Невалидна', 31),
	(14, 1510, 'Client no és vàlid', 31),
	(15, 1511, '客户无效', 31),
	(16, 1512, '客戶無效', 31),
	(17, 1513, 'Klijent nije valjan', 31),
	(18, 1514, 'Klient Neplatná', 31),
	(19, 1515, 'Client Ugyldig', 31),
	(20, 1516, 'Opdrachtgever Ongeldige', 31),
	(21, 1517, 'Client Invalid', 31),
	(22, 1518, 'Klient Vigane', 31),
	(23, 1519, 'Client Hindi wastong', 31),
	(24, 1520, 'Asiakas ei kelpaa', 31),
	(25, 1521, 'Client Blancs', 31),
	(26, 1522, 'Cliente non válido', 31),
	(27, 1523, 'Ungültige Client', 31),
	(28, 1524, 'Πελάτης Άκυρα', 31),
	(29, 1525, 'Kliyan envalid', 31),
	(30, 1526, 'לקוח לא חוקית', 31),
	(31, 1527, 'ग्राहक अवैध', 31),
	(32, 1528, 'Érvénytelen kliens', 31),
	(33, 1529, 'Viðskiptavinur Ógilt', 31),
	(34, 1530, 'Klien tidak valid', 31),
	(35, 1531, 'Cliant neamhbhailí', 31),
	(36, 1532, 'Client non valida', 31),
	(37, 1533, 'クライアントが無効です', 31),
	(38, 1534, 'Klientu Nederīgs', 31),
	(39, 1535, 'Kliento Neteisingas', 31),
	(40, 1536, 'Невалиден клиент', 31),
	(41, 1537, 'Pelanggan tidak sah', 31),
	(42, 1538, 'Klijent Invalid', 31),
	(43, 1539, 'Client Ugyldig', 31),
	(44, 1540, 'کارفرما نامعتبر', 31),
	(45, 1541, 'Cliente inválido', 31),
	(46, 1542, 'Client nevalid', 31),
	(47, 1543, 'Клиент Неверный', 31),
	(48, 1544, 'Клијент Неважећи', 31),
	(49, 1545, 'Klient Neplatná', 31),
	(50, 1546, 'Client Invalid', 31),
	(51, 1547, 'Cliente no es válido', 31),
	(52, 1548, 'Mteja batili', 31),
	(53, 1549, 'Client Ogiltig', 31),
	(54, 1550, 'Client ไม่ถูกต้อง', 31),
	(55, 1551, 'Клієнт Невірний', 31),
	(56, 1552, 'Khách hàng không hợp lệ', 31),
	(57, 1553, 'Cleient annilys', 31),
	(58, 1554, 'קליענט אומלעקסיקער', 31),
	(9, 1555, 'Verband Versuim', 32),
	(10, 1556, 'Dështimi Connection', 32),
	(11, 1557, 'فشل في الاتصال', 32),
	(12, 1558, 'Памылка злучэння', 32),
	(13, 1559, 'Грешка при свързване', 32),
	(14, 1560, 'La manca de connexió', 32),
	(15, 1561, '连接失败', 32),
	(16, 1562, '連接失敗', 32),
	(17, 1563, 'Veza Neuspjeh', 32),
	(18, 1564, 'Chyba připojení', 32),
	(19, 1565, 'Tilslutning Manglende', 32),
	(20, 1566, 'Verbinding mislukt', 32),
	(21, 1567, 'Connection Failure', 32),
	(22, 1568, 'Connection jätmine', 32),
	(23, 1569, 'Connection Kabiguang', 32),
	(24, 1570, 'Yhteyden jättäminen', 32),
	(25, 1571, 'Échec de connexion', 32),
	(26, 1572, 'Fallou a conexión', 32),
	(27, 1573, 'Verbindungsfehler', 32),
	(28, 1574, 'Παράλειψη σύνδεσης', 32),
	(29, 1575, 'Echèk Connection', 32),
	(30, 1576, 'כשל בחיבור', 32),
	(31, 1577, 'कनेक्शन विफलता', 32),
	(32, 1578, 'Csatlakozási hiba', 32),
	(33, 1579, 'Connection Failure', 32),
	(34, 1580, 'Kegagalan Koneksi', 32),
	(35, 1581, 'Failure Ceangal', 32),
	(36, 1582, 'Errore di connessione', 32),
	(37, 1583, '接続障害', 32),
	(38, 1584, 'Savienojuma Kļūda', 32),
	(39, 1585, 'Ryšio gedimas', 32),
	(40, 1586, 'Поврзување Неуспех', 32),
	(41, 1587, 'Kegagalan Koneksi', 32),
	(42, 1588, 'Nuqqas Konnessjoni', 32),
	(43, 1589, 'Tilkobling Failure', 32),
	(44, 1590, 'عدم اتصال', 32),
	(45, 1591, 'Falha na conexão', 32),
	(46, 1592, 'Conexiune Nerespectarea', 32),
	(47, 1593, 'Ошибка соединения', 32),
	(48, 1594, 'Цоннецтион фаилуре', 32),
	(49, 1595, 'Chyba pripojenia', 32),
	(50, 1596, 'Če povezava', 32),
	(51, 1597, 'La falta de conexión', 32),
	(52, 1598, 'Uhusiano Kushindwa', 32),
	(53, 1599, 'Anslutningsfel', 32),
	(54, 1600, 'ความล้มเหลวในการเชื่อมต่อ', 32),
	(55, 1601, 'Помилка з&#39;єднання', 32),
	(56, 1602, 'Không kết nối', 32),
	(57, 1603, 'Methiant Cysylltiad', 32),
	(58, 1604, 'קשר פאַילורע', 32),
	(9, 1605, 'Bediener Response Ongeldige', 33),
	(10, 1606, 'Përgjigje Server pavlefshme', 33),
	(11, 1607, 'استجابة ملقم غير صالح', 33),
	(12, 1608, 'Няправільны адказ сервера', 33),
	(13, 1609, 'Отговор на сървъра Невалидна', 33),
	(14, 1610, 'Resposta del servidor no vàlid', 33),
	(15, 1611, '服务器响应无效', 33),
	(16, 1612, '服務器響應無效', 33),
	(17, 1613, 'Odgovor poslužitelja nije valjana', 33),
	(18, 1614, 'Odezva serveru Neplatná', 33),
	(19, 1615, 'Server Response Ugyldig', 33),
	(20, 1616, 'Reactie van server Ongeldig', 33),
	(21, 1617, 'Server Response Invalid', 33),
	(22, 1618, 'Server Response Vigane', 33),
	(23, 1619, 'Server Response Hindi wastong', 33),
	(24, 1620, 'Palvelimen vastaus ei kelpaa', 33),
	(25, 1621, 'Réponse du serveur invalide', 33),
	(26, 1622, 'Resposta non válida do servidor', 33),
	(27, 1623, 'Ungültige Server-Antwort', 33),
	(28, 1624, 'Ανταπόκριση Server Άκυρα', 33),
	(29, 1625, 'Repons Server envalid', 33),
	(30, 1626, 'תגובת שרת לא חוקי', 33),
	(31, 1627, 'सर्वर प्रतिक्रिया अमान्य', 33),
	(32, 1628, 'Kiszolgáló válasza érvénytelen', 33),
	(33, 1629, 'Server Response Ógilt', 33),
	(34, 1630, 'Respon server tidak valid', 33),
	(35, 1631, 'Freagra Freastalaí neamhbhailí', 33),
	(36, 1632, 'Risposta del server non valida', 33),
	(37, 1633, 'サーバーの応答が無効です', 33),
	(38, 1634, 'Servera atbilde Nederīgs', 33),
	(39, 1635, 'Serveris atsako Neteisingas', 33),
	(40, 1636, 'Невалиден одговор од серверот', 33),
	(41, 1637, 'Respon pelayan tidak sah', 33),
	(42, 1638, 'Rispons Server Invalid', 33),
	(43, 1639, 'Server Response Ugyldig', 33),
	(44, 1640, 'پاسخ کارساز نامعتبر است', 33),
	(45, 1641, 'Resposta inválida do servidor', 33),
	(46, 1642, 'Server răspuns nevalid', 33),
	(47, 1643, 'Неверный ответ сервера', 33),
	(48, 1644, 'Одговор сервера Неважећи', 33),
	(49, 1645, 'Odozva servera Neplatná', 33),
	(50, 1646, 'Odgovor strežnika Invalid', 33),
	(51, 1647, 'Respuesta del servidor no válido', 33),
	(52, 1648, 'Response server batili', 33),
	(53, 1649, 'Server Response Ogiltig', 33),
	(54, 1650, 'Server ตอบสนองไม่ถูกต้อง', 33),
	(55, 1651, 'Неправильна відповідь сервера', 33),
	(56, 1652, 'Server đáp ứng không hợp lệ', 33),
	(57, 1653, 'Ymateb annilys Gweinydd', 33),
	(58, 1654, 'סערווירער רעספּאָנסע אומלעקסיקער', 33),
	(9, 1655, 'Optrede', 34),
	(10, 1656, 'Veprim', 34),
	(11, 1657, 'عمل', 34),
	(12, 1658, 'Дзеянняў', 34),
	(13, 1659, 'Действие', 34),
	(14, 1660, 'Acció', 34),
	(15, 1661, '行动', 34),
	(16, 1662, '行動', 34),
	(17, 1663, 'Akcija', 34),
	(18, 1664, 'Akce', 34),
	(19, 1665, 'Handling', 34),
	(20, 1666, 'Actie', 34),
	(21, 1667, 'Action', 34),
	(22, 1668, 'Tegevuskava', 34),
	(23, 1669, 'Aksyon', 34),
	(24, 1670, 'Toiminta', 34),
	(25, 1671, 'Action', 34),
	(26, 1672, 'Acción', 34),
	(27, 1673, 'Aktion', 34),
	(28, 1674, 'Δράση', 34),
	(29, 1675, 'Aksyon', 34),
	(30, 1676, 'פעולה', 34),
	(31, 1677, 'कार्रवाई', 34),
	(32, 1678, 'Cselekvési', 34),
	(33, 1679, 'Action', 34),
	(34, 1680, 'Tindakan', 34),
	(35, 1681, 'Gníomh', 34),
	(36, 1682, 'Azione', 34),
	(37, 1683, 'アクション', 34),
	(38, 1684, 'Darbības', 34),
	(39, 1685, 'Veiksmų', 34),
	(40, 1686, 'Акција', 34),
	(41, 1687, 'Tindakan', 34),
	(42, 1688, 'Azzjoni', 34),
	(43, 1689, 'Action', 34),
	(44, 1690, 'اقدام', 34),
	(45, 1691, 'Ação', 34),
	(46, 1692, 'Acţiune', 34),
	(47, 1693, 'Действий', 34),
	(48, 1694, 'Акција', 34),
	(49, 1695, 'Akcia', 34),
	(50, 1696, 'Ukrep', 34),
	(51, 1697, 'Acción', 34),
	(52, 1698, 'Hatua', 34),
	(53, 1699, 'Åtgärd', 34),
	(54, 1700, 'การกระทำ', 34),
	(55, 1701, 'Дій', 34),
	(56, 1702, 'Hành động', 34),
	(57, 1703, 'Gweithredu', 34),
	(58, 1704, 'אַקציע', 34),
	(9, 1705, 'Skep deur', 35),
	(10, 1706, 'Krijo Nga', 35),
	(11, 1707, 'بإنشائها', 35),
	(12, 1708, 'Стварыць па', 35),
	(13, 1709, 'Създаване С', 35),
	(14, 1710, 'En crear', 35),
	(15, 1711, '创建', 35),
	(16, 1712, '創建', 35),
	(17, 1713, 'Napravi Po', 35),
	(18, 1714, 'Vytvořil', 35),
	(19, 1715, 'Opret Ved', 35),
	(20, 1716, 'Te creëren door', 35),
	(21, 1717, 'By', 35),
	(22, 1718, 'Loo aasta', 35),
	(23, 1719, 'Gumawa By', 35),
	(24, 1720, 'Luo Tekijä', 35),
	(25, 1721, 'Créé par', 35),
	(26, 1722, 'Ao crear', 35),
	(27, 1723, 'Erstellen Durch', 35),
	(28, 1724, 'Δημιουργία Με', 35),
	(29, 1725, 'Kreye By', 35),
	(30, 1726, 'יוצר', 35),
	(31, 1727, 'बनाएँ तक', 35),
	(32, 1728, 'Létrehozása által', 35),
	(33, 1729, 'Búa By', 35),
	(34, 1730, 'Buat Dengan', 35),
	(35, 1731, 'Cruthaigh De', 35),
	(36, 1732, 'Creare con la', 35),
	(37, 1733, 'を作成することにより', 35),
	(38, 1734, 'Izveidot Pēc', 35),
	(39, 1735, 'Sukurti Iki', 35),
	(40, 1736, 'Креирај Со', 35),
	(41, 1737, 'Buat Dengan', 35),
	(42, 1738, 'Oħloq Permezz', 35),
	(43, 1739, 'Lag Av', 35),
	(44, 1740, 'ایجاد شده توسط', 35),
	(45, 1741, 'Ao criar', 35),
	(46, 1742, 'Prin crea', 35),
	(47, 1743, 'Создать по', 35),
	(48, 1744, 'Креирате', 35),
	(49, 1745, 'Vytvoril', 35),
	(50, 1746, 'Ustvarite Z', 35),
	(51, 1747, 'Al crear', 35),
	(52, 1748, 'Kwa kujenga', 35),
	(53, 1749, 'Skapa av', 35),
	(54, 1750, 'สร้างโดย', 35),
	(55, 1751, 'Створити по', 35),
	(56, 1752, 'Tạo Bởi', 35),
	(57, 1753, 'Creu Erbyn', 35),
	(58, 1754, 'שאַפֿן דורך', 35),
	(9, 1755, 'Skep Tyd', 36),
	(10, 1756, 'Krijo Time', 36),
	(11, 1757, 'إنشاء الوقت', 36),
	(12, 1758, 'Час стварэння', 36),
	(13, 1759, 'Създаване на времето', 36),
	(14, 1760, 'Crear Temps', 36),
	(15, 1761, '创建时间', 36),
	(16, 1762, '創建時間', 36),
	(17, 1763, 'Napravi Vrijeme', 36),
	(18, 1764, 'Vytvořit čas', 36),
	(19, 1765, 'Opret Time', 36),
	(20, 1766, 'Maak tijd', 36),
	(21, 1767, 'Time', 36),
	(22, 1768, 'Loo Time', 36),
	(23, 1769, 'Gumawa ng Time', 36),
	(24, 1770, 'Luo Time', 36),
	(25, 1771, 'Créer Time', 36),
	(26, 1772, 'Crear Time', 36),
	(27, 1773, 'Erstellen Time', 36),
	(28, 1774, 'Δημιουργία Χρόνος', 36),
	(29, 1775, 'Kreye Tan', 36),
	(30, 1776, 'יצירת זמן', 36),
	(31, 1777, 'समय बनाएँ', 36),
	(32, 1778, 'Idő létrehozása', 36),
	(33, 1779, 'Búa Time', 36),
	(34, 1780, 'Membuat Waktu', 36),
	(35, 1781, 'Am Cruthaigh', 36),
	(36, 1782, 'Crea Time', 36),
	(37, 1783, '時間を作成する', 36),
	(38, 1784, 'Izveidot laiks', 36),
	(39, 1785, 'Sukūrimo laikas', 36),
	(40, 1786, 'Креирај Време', 36),
	(41, 1787, 'Membuat Waktu', 36),
	(42, 1788, 'Oħloq Ħin', 36),
	(43, 1789, 'Lag Time', 36),
	(44, 1790, 'زمان ایجاد', 36),
	(45, 1791, 'Criar Time', 36),
	(46, 1792, 'Timp de a crea', 36),
	(47, 1793, 'Время создания', 36),
	(48, 1794, 'Креирање Време', 36),
	(49, 1795, 'Vytvoriť čas', 36),
	(50, 1796, 'Ustvari Time', 36),
	(51, 1797, 'Crear Tiempo', 36),
	(52, 1798, 'Kujenga Time', 36),
	(53, 1799, 'Skapa tid', 36),
	(54, 1800, 'เวลาที่สร้าง', 36),
	(55, 1801, 'Час створення', 36),
	(56, 1802, 'Tạo Thời gian', 36),
	(57, 1803, 'Creu Amser', 36),
	(58, 1804, 'שאַפֿן צייט', 36),
	(9, 1805, 'Gewysig deur', 37),
	(10, 1806, 'Modifikuar nga', 37),
	(11, 1807, 'تم تعديلها من قبل', 37),
	(12, 1808, 'Аўтар змяненняў', 37),
	(13, 1809, 'Променен от', 37),
	(14, 1810, 'Modificat per', 37),
	(15, 1811, '修改者', 37),
	(16, 1812, '修改者', 37),
	(17, 1813, 'Izmijenio', 37),
	(18, 1814, 'Změnil', 37),
	(19, 1815, 'Ændret af', 37),
	(20, 1816, 'Gewijzigd door', 37),
	(21, 1817, 'Modified By', 37),
	(22, 1818, 'Muutja', 37),
	(23, 1819, 'Modified By', 37),
	(24, 1820, 'Muokkaaja', 37),
	(25, 1821, 'Modifié par', 37),
	(26, 1822, 'Modificado por', 37),
	(27, 1823, 'Geändert von', 37),
	(28, 1824, 'Τροποποιήθηκε από', 37),
	(29, 1825, 'Edite By', 37),
	(30, 1826, 'שונה על ידי', 37),
	(31, 1827, 'द्वारा संशोधित', 37),
	(32, 1828, 'Módosította', 37),
	(33, 1829, 'Modified By', 37),
	(34, 1830, 'Modifikasi Dengan', 37),
	(35, 1831, 'De Athraithe', 37),
	(36, 1832, 'Modificato da', 37),
	(37, 1833, '更新者', 37),
	(38, 1834, 'Grozījumi izdarīti ar', 37),
	(39, 1835, 'Modifikavo', 37),
	(40, 1836, 'Пат од страна', 37),
	(41, 1837, 'Modifikasi Dengan', 37),
	(42, 1838, 'Modifikat Permezz', 37),
	(43, 1839, 'Endret av', 37),
	(44, 1840, 'اصلاح شده توسط', 37),
	(45, 1841, 'Modificado por', 37),
	(46, 1842, 'Modificat de', 37),
	(47, 1843, 'Автор изменений', 37),
	(48, 1844, 'Модификована', 37),
	(49, 1845, 'Zmenil', 37),
	(50, 1846, 'Spremenil', 37),
	(51, 1847, 'Modificado por', 37),
	(52, 1848, 'Iliyopita Kwa', 37),
	(53, 1849, 'Ändrad av', 37),
	(54, 1850, 'ปรับเปลี่ยนโดย', 37),
	(55, 1851, 'Автор змін', 37),
	(56, 1852, 'Sửa đổi theo', 37),
	(57, 1853, 'Addaswyd yn Erbyn', 37),
	(58, 1854, 'מאדיפיצירט דורך', 37),
	(9, 1855, 'Modified Tyd', 38),
	(10, 1856, 'Ndryshuar Time', 38),
	(11, 1857, 'تعديل التوقيت', 38),
	(12, 1858, 'Час змены', 38),
	(13, 1859, 'Време на промяна', 38),
	(14, 1860, 'Modificat Temps', 38),
	(15, 1861, '修改时间', 38),
	(16, 1862, '修改時間', 38),
	(17, 1863, 'Promjena Vrijeme', 38),
	(18, 1864, 'Modifikovaná čas', 38),
	(19, 1865, 'Modificerede Time', 38),
	(20, 1866, 'Gewijzigd Tijd', 38),
	(21, 1867, 'Modified Time', 38),
	(22, 1868, 'Muudetud aeg', 38),
	(23, 1869, 'Binagong Oras', 38),
	(24, 1870, 'Muokattu aika', 38),
	(25, 1871, 'Mise à jour Temps', 38),
	(26, 1872, 'Modificado Tempo', 38),
	(27, 1873, 'Geändert Time', 38),
	(28, 1874, 'Τροποποιημένο Χρόνος', 38),
	(29, 1875, 'Edite Tan', 38),
	(30, 1876, 'השתנה זמן', 38),
	(31, 1877, 'संशोधित टाइम', 38),
	(32, 1878, 'Módosított idő', 38),
	(33, 1879, 'Tímabreyting', 38),
	(34, 1880, 'Modifikasi Waktu', 38),
	(35, 1881, 'Am Athraithe', 38),
	(36, 1882, 'Modified Time', 38),
	(37, 1883, '修正時間', 38),
	(38, 1884, 'Modificētais laiks', 38),
	(39, 1885, 'Modifikuotas Laikas', 38),
	(40, 1886, 'Време е изменета', 38),
	(41, 1887, 'Modifikasi Waktu', 38),
	(42, 1888, 'Modifikat Ħin', 38),
	(43, 1889, 'Modifisert Time', 38),
	(44, 1890, 'تغییر ساعت', 38),
	(45, 1891, 'Modificado Tempo', 38),
	(46, 1892, 'Modificat Time', 38),
	(47, 1893, 'Время изменения', 38),
	(48, 1894, 'Модификовани Време', 38),
	(49, 1895, 'Modifikovaná čas', 38),
	(50, 1896, 'Spremenjen čas', 38),
	(51, 1897, 'Modificado Tiempo', 38),
	(52, 1898, 'Iliyopita Time', 38),
	(53, 1899, 'Ändrad tid', 38),
	(54, 1900, 'เวลาแก้ไข', 38),
	(55, 1901, 'Час зміни', 38),
	(56, 1902, 'Được thay đổi Thời gian', 38),
	(57, 1903, 'Addaswyd Amser', 38),
	(58, 1904, 'מאדיפיצירט צייט', 38),
	(9, 1905, 'Leë Row', 39),
	(10, 1906, 'Row Empty', 39),
	(11, 1907, 'فارغة الصف', 39),
	(12, 1908, 'Пустая радок', 39),
	(13, 1909, 'Празен ред', 39),
	(14, 1910, 'Fila buida', 39),
	(15, 1911, '空行', 39),
	(16, 1912, '空行', 39),
	(17, 1913, 'Prazan redak', 39),
	(18, 1914, 'Prázdný řádek', 39),
	(19, 1915, 'Tomme Row', 39),
	(20, 1916, 'Lege rij', 39),
	(21, 1917, 'Empty Row', 39),
	(22, 1918, 'Tühi rida', 39),
	(23, 1919, 'Walang laman ang Hilera', 39),
	(24, 1920, 'Tyhjä rivi', 39),
	(25, 1921, 'Ligne vide', 39),
	(26, 1922, 'Liña baleira', 39),
	(27, 1923, 'Leere Zeile', 39),
	(28, 1924, 'Κενή γραμμή', 39),
	(29, 1925, 'Vid Ranje', 39),
	(30, 1926, 'ריק שורה', 39),
	(31, 1927, 'खाली पंक्ति', 39),
	(32, 1928, 'Üres sor', 39),
	(33, 1929, 'Tóm Row', 39),
	(34, 1930, 'Baris Kosong', 39),
	(35, 1931, 'Ró Folamh', 39),
	(36, 1932, 'Riga vuota', 39),
	(37, 1933, '空行', 39),
	(38, 1934, 'Tukša rinda', 39),
	(39, 1935, 'Tuščia eilutė', 39),
	(40, 1936, 'Празен ред', 39),
	(41, 1937, 'Baris Kosong', 39),
	(42, 1938, 'Empty Ringiela', 39),
	(43, 1939, 'Tomme Row', 39),
	(44, 1940, 'سطر خالی', 39),
	(45, 1941, 'Linha vazia', 39),
	(46, 1942, 'Gol Row', 39),
	(47, 1943, 'Пустая строка', 39),
	(48, 1944, 'Празан ред', 39),
	(49, 1945, 'Prázdny riadok', 39),
	(50, 1946, 'Prazne Row', 39),
	(51, 1947, 'Fila vacía', 39),
	(52, 1948, 'Row tupu', 39),
	(53, 1949, 'Tomma raden', 39),
	(54, 1950, 'แถวว่าง', 39),
	(55, 1951, 'Порожній рядок', 39),
	(56, 1952, 'Empty Row', 39),
	(57, 1953, 'Rhes Gwag', 39),
	(58, 1954, 'נוליקע ראָוו', 39),
	(9, 1955, 'Check Alle', 40),
	(10, 1956, 'Kontrollo të gjitha', 40),
	(11, 1957, 'الاختيار الكل', 40),
	(12, 1958, 'Праверце ўсе', 40),
	(13, 1959, 'Проверка на всички', 40),
	(14, 1960, 'Comprovar tots els', 40),
	(15, 1961, '全部选中', 40),
	(16, 1962, '全部選中', 40),
	(17, 1963, 'Provjerite sve', 40),
	(18, 1964, 'Zkontrolujte, zda všechny', 40),
	(19, 1965, 'Check Alle', 40),
	(20, 1966, 'Check All', 40),
	(21, 1967, 'Check All', 40),
	(22, 1968, 'Kontrolli kõik', 40),
	(23, 1969, 'Suriin ang Lahat', 40),
	(24, 1970, 'Valitse kaikki', 40),
	(25, 1971, 'Vérifier tous les', 40),
	(26, 1972, 'Consulte todas as', 40),
	(27, 1973, 'Check All', 40),
	(28, 1974, 'Ελέγξτε Όλες', 40),
	(29, 1975, 'Tcheke tout sa', 40),
	(30, 1976, 'לבדוק את כל', 40),
	(31, 1977, 'सभी की जाँच करें', 40),
	(32, 1978, 'Összes ellenőrzése', 40),
	(33, 1979, 'Check All', 40),
	(34, 1980, 'Periksa Semua', 40),
	(35, 1981, 'Seiceáil go léir', 40),
	(36, 1982, 'Check All', 40),
	(37, 1983, 'すべてをチェック', 40),
	(38, 1984, 'Pārbaudīt visus', 40),
	(39, 1985, 'Pažymėti visus', 40),
	(40, 1986, 'Провери ги сите', 40),
	(41, 1987, 'Semak Semua', 40),
	(42, 1988, 'Iċċekkja kollha', 40),
	(43, 1989, 'Sjekk alle', 40),
	(44, 1990, 'انتخاب همه', 40),
	(45, 1991, 'Confira todas as', 40),
	(46, 1992, 'Verifica toate', 40),
	(47, 1993, 'Проверьте все', 40),
	(48, 1994, 'Проверите све', 40),
	(49, 1995, 'Skontrolujte, či všetky', 40),
	(50, 1996, 'Preverite Vse', 40),
	(51, 1997, 'Comprobar todos los', 40),
	(52, 1998, 'Kuangalia zote', 40),
	(53, 1999, 'Markera alla', 40),
	(54, 2000, 'เลือกทั้งหมด', 40),
	(55, 2001, 'Перевірте всі', 40),
	(56, 2002, 'Chọn tất cả', 40),
	(57, 2003, 'Gwirio Pob', 40),
	(58, 2004, 'קוק אַלע', 40),
	(9, 2005, 'Alles', 41),
	(10, 2006, 'Qartë të gjitha', 41),
	(11, 2007, 'مسح الكل', 41),
	(12, 2008, 'Ачысціць усе', 41),
	(13, 2009, 'Изчистване на всички', 41),
	(14, 2010, 'Esborrar tots', 41),
	(15, 2011, '全部清除', 41),
	(16, 2012, '全部清除', 41),
	(17, 2013, 'Obriši sve', 41),
	(18, 2014, 'Vymazat vše', 41),
	(19, 2015, 'Ryd alle', 41),
	(20, 2016, 'Alles wissen', 41),
	(21, 2017, 'Clear All', 41),
	(22, 2018, 'Kustuta kõik', 41),
	(23, 2019, 'Maaliwalas Lahat', 41),
	(24, 2020, 'Tyhjennä kaikki', 41),
	(25, 2021, 'Effacer tout', 41),
	(26, 2022, 'Borrar todo', 41),
	(27, 2023, 'Clear All', 41),
	(28, 2024, 'Καθαρισμός Όλων', 41),
	(29, 2025, 'Tout klè', 41),
	(30, 2026, 'נקה הכל', 41),
	(31, 2027, 'सभी साफ़', 41),
	(32, 2028, 'Az összes törlése', 41),
	(33, 2029, 'Clear All', 41),
	(34, 2030, 'Hapus Semua', 41),
	(35, 2031, 'Gach Glan', 41),
	(36, 2032, 'Cancella tutto', 41),
	(37, 2033, '[すべてクリア]', 41),
	(38, 2034, 'Notīrīt visu', 41),
	(39, 2035, 'Išvalyti visus', 41),
	(40, 2036, 'Исчисти ги сите', 41),
	(41, 2037, 'Padam Semua', 41),
	(42, 2038, 'Clear kollha', 41),
	(43, 2039, 'Fjern alle', 41),
	(44, 2040, 'پاک کردن همه', 41),
	(45, 2041, 'Limpar tudo', 41),
	(46, 2042, 'Toate clar', 41),
	(47, 2043, 'Очистить все', 41),
	(48, 2044, 'Обриши све', 41),
	(49, 2045, 'Vymazať všetko', 41),
	(50, 2046, 'Počisti vse', 41),
	(51, 2047, 'Borrar todos', 41),
	(52, 2048, 'Wazi zote', 41),
	(53, 2049, 'Rensa alla', 41),
	(54, 2050, 'ล้างทั้งหมด', 41),
	(55, 2051, 'Очистити всі', 41),
	(56, 2052, 'Clear All', 41),
	(57, 2053, 'Clear Pob', 41),
	(58, 2054, 'קלאָר אַלע', 41),
	(21, 2055, 'Upload', 42),
	(21, 2056, 'Record not Found', 43),
	(21, 2057, 'Please Choose a Record ?', 44),
	(21, 2058, 'Save', 45),
	(21, 2059, 'Cancel', 46),
	(21, 2060, 'Check Duplicate Code ?', 47);
/*!40000 ALTER TABLE `defaultlabeltranslate` ENABLE KEYS */;


# Dumping structure for table icore.document
DROP TABLE IF EXISTS `document`;
CREATE TABLE IF NOT EXISTS `document` (
  `documentId` int(11) NOT NULL AUTO_INCREMENT,
  `documentCategoryId` int(11) NOT NULL,
  `leafId` int(11) NOT NULL,
  `documentCode` varchar(4) COLLATE utf8_unicode_ci NOT NULL,
  `DocumentSequence` int(11) NOT NULL,
  `documentNote` varchar(64) COLLATE utf8_unicode_ci NOT NULL,
  `documentTitle` varchar(64) COLLATE utf8_unicode_ci NOT NULL,
  `documentDesc` varchar(128) COLLATE utf8_unicode_ci NOT NULL,
  `documentPath` varchar(128) COLLATE utf8_unicode_ci NOT NULL,
  `documentOriginalFilename` varchar(128) COLLATE utf8_unicode_ci NOT NULL,
  `documentDownloadFilename` varchar(128) COLLATE utf8_unicode_ci NOT NULL,
  `documentExtension` varchar(8) COLLATE utf8_unicode_ci NOT NULL,
  `documentVersion` int(11) NOT NULL,
  `isDefault` tinyint(1) NOT NULL,
  `isNew` tinyint(1) NOT NULL,
  `isDraft` tinyint(1) NOT NULL,
  `isUpdate` tinyint(1) NOT NULL,
  `isDelete` tinyint(1) NOT NULL,
  `isActive` tinyint(1) NOT NULL,
  `isApproved` tinyint(1) NOT NULL,
  `isReview` tinyint(1) NOT NULL,
  `isPost` tinyint(1) NOT NULL,
  `executeBy` int(11) NOT NULL,
  `executeTime` datetime NOT NULL,
  PRIMARY KEY (`documentId`),
  KEY `documentCategoryId` (`documentCategoryId`),
  KEY `leafId` (`leafId`)
) ENGINE=InnoDB AUTO_INCREMENT=3 DEFAULT CHARSET=utf8 COLLATE=utf8_unicode_ci;

# Dumping data for table icore.document: ~2 rows (approximately)
/*!40000 ALTER TABLE `document` DISABLE KEYS */;
INSERT INTO `document` (`documentId`, `documentCategoryId`, `leafId`, `documentCode`, `DocumentSequence`, `documentNote`, `documentTitle`, `documentDesc`, `documentPath`, `documentOriginalFilename`, `documentDownloadFilename`, `documentExtension`, `documentVersion`, `isDefault`, `isNew`, `isDraft`, `isUpdate`, `isDelete`, `isActive`, `isApproved`, `isReview`, `isPost`, `executeBy`, `executeTime`) VALUES
	(1, 0, 512, '', 0, '', '', '', '', '39396-1287155243.jpg', '2011-08-22-23504.xlsx', '', 1, 0, 1, 0, 0, 0, 1, 0, 0, 0, 2, '2011-08-22 21:29:39'),
	(2, 3, 512, '', 0, '', '', '', 'C:/inetpub/wwwroot/idcmsCore/document/document/user/2/', 'cv.pdf', 'cv-28628pdf', 'pdf', 1, 0, 1, 0, 0, 0, 1, 0, 0, 0, 2, '2011-08-25 08:28:18');
/*!40000 ALTER TABLE `document` ENABLE KEYS */;


# Dumping structure for table icore.documentcategory
DROP TABLE IF EXISTS `documentcategory`;
CREATE TABLE IF NOT EXISTS `documentcategory` (
  `documentCategoryId` int(11) NOT NULL AUTO_INCREMENT COMMENT 'Document|',
  `documentCategoryTitle` varchar(64) COLLATE utf8_unicode_ci NOT NULL,
  `documentCategoryDesc` varchar(128) COLLATE utf8_unicode_ci NOT NULL,
  `documentCategorySequence` int(11) NOT NULL,
  `documentCategoryCode` varchar(4) COLLATE utf8_unicode_ci NOT NULL,
  `documentCategoryEnglish` varchar(128) COLLATE utf8_unicode_ci NOT NULL,
  `isDefault` tinyint(1) NOT NULL,
  `isNew` tinyint(1) NOT NULL,
  `isDraft` tinyint(1) NOT NULL,
  `IsUpdate` tinyint(1) NOT NULL,
  `isDelete` tinyint(1) NOT NULL,
  `isActive` tinyint(1) NOT NULL,
  `isApproved` tinyint(1) NOT NULL,
  `isReview` tinyint(1) NOT NULL,
  `isPost` tinyint(1) NOT NULL,
  `executeBy` int(11) NOT NULL,
  `executeTime` datetime NOT NULL,
  PRIMARY KEY (`documentCategoryId`)
) ENGINE=InnoDB AUTO_INCREMENT=6 DEFAULT CHARSET=utf8 COLLATE=utf8_unicode_ci COMMENT='Document Category Audit Trail';

# Dumping data for table icore.documentcategory: ~2 rows (approximately)
/*!40000 ALTER TABLE `documentcategory` DISABLE KEYS */;
INSERT INTO `documentcategory` (`documentCategoryId`, `documentCategoryTitle`, `documentCategoryDesc`, `documentCategorySequence`, `documentCategoryCode`, `documentCategoryEnglish`, `isDefault`, `isNew`, `isDraft`, `IsUpdate`, `isDelete`, `isActive`, `isApproved`, `isReview`, `isPost`, `executeBy`, `executeTime`) VALUES
	(3, 'System Audit Trail', 'System Audit Trail', 0, '', '', 0, 1, 0, 0, 0, 1, 0, 0, 0, 2, '0000-00-00 00:00:00'),
	(5, 'ab', 'k', 7, 'k', 'j', 0, 0, 0, 1, 0, 1, 0, 0, 0, 2, '2011-07-17 09:48:23');
/*!40000 ALTER TABLE `documentcategory` ENABLE KEYS */;


# Dumping structure for table icore.documentSequence
DROP TABLE IF EXISTS `documentSequence`;
CREATE TABLE IF NOT EXISTS `documentSequence` (
  `documentSequenceId` int(11) NOT NULL AUTO_INCREMENT,
  `documentSequenceCode` varchar(4) COLLATE utf8_unicode_ci NOT NULL,
  `documentSequenceDes` varchar(200) COLLATE utf8_unicode_ci NOT NULL,
  `documentSequenceStart` int(11) NOT NULL COMMENT 'start',
  `documentSequenceEnd` int(11) NOT NULL COMMENT 'end',
  `documentSequenceNumber` int(6) unsigned zerofill NOT NULL,
  `isDefault` tinyint(1) NOT NULL,
  `isNew` tinyint(1) NOT NULL COMMENT 'New|',
  `isDraft` tinyint(1) NOT NULL COMMENT 'Draft|',
  `isUpdate` tinyint(1) NOT NULL COMMENT 'Updated|',
  `isDelete` tinyint(1) NOT NULL COMMENT 'Delete|',
  `isActive` tinyint(1) NOT NULL COMMENT 'Active|',
  `isApproved` tinyint(1) NOT NULL COMMENT 'Approved|',
  `isReview` tinyint(1) NOT NULL,
  `isPost` tinyint(1) NOT NULL,
  `executeBy` int(11) NOT NULL COMMENT 'By|',
  `executeTime` datetime NOT NULL,
  PRIMARY KEY (`documentSequenceId`)
) ENGINE=InnoDB AUTO_INCREMENT=11 DEFAULT CHARSET=utf8 COLLATE=utf8_unicode_ci COMMENT='Transaction Number Sequence';

# Dumping data for table icore.documentSequence: ~10 rows (approximately)
/*!40000 ALTER TABLE `documentSequence` DISABLE KEYS */;
INSERT INTO `documentSequence` (`documentSequenceId`, `documentSequenceCode`, `documentSequenceDes`, `documentSequenceStart`, `documentSequenceEnd`, `documentSequenceNumber`, `isDefault`, `isNew`, `isDraft`, `isUpdate`, `isDelete`, `isActive`, `isApproved`, `isReview`, `isPost`, `executeBy`, `executeTime`) VALUES
	(1, 'JRNL', 'Journal ', 1, 999999, 000043, 0, 1, 0, 0, 0, 1, 0, 0, 0, 2, '2011-12-12 23:15:32'),
	(2, 'JRRG', 'Journal Range', 1, 999999, 000001, 0, 1, 0, 0, 0, 1, 0, 0, 0, 2, '2011-12-12 23:15:32'),
	(3, 'JRME', 'Journal Month End Adjustment', 1, 999999, 000001, 0, 1, 0, 0, 0, 1, 0, 0, 0, 2, '2011-12-12 23:15:32'),
	(4, 'JRYE', 'Journal Year End Adjustment', 1, 999999, 000001, 0, 1, 0, 0, 0, 1, 0, 0, 0, 2, '2011-12-12 23:15:32'),
	(5, 'INVC', 'Invoice', 1, 999999, 000001, 0, 1, 0, 0, 0, 1, 0, 0, 0, 2, '2011-12-12 23:15:32'),
	(6, 'VOUC', 'Voucher', 1, 999999, 000001, 0, 1, 0, 0, 0, 1, 0, 0, 0, 2, '2011-12-12 23:15:32'),
	(7, 'PMNT', 'Payment', 1, 999999, 000001, 0, 1, 0, 0, 0, 1, 0, 0, 0, 2, '2011-12-12 23:15:32'),
	(8, 'ADJT', 'Adjustment', 1, 999999, 000001, 0, 1, 0, 0, 0, 1, 0, 0, 0, 2, '2011-12-12 23:15:32'),
	(9, 'FXAT', 'Fix Asset', 1, 999999, 000001, 0, 1, 0, 0, 0, 1, 0, 0, 0, 2, '2011-12-12 23:15:32'),
	(10, 'PYRL', 'Payroll', 1, 999999, 000001, 0, 1, 0, 0, 0, 1, 0, 0, 0, 2, '2011-12-12 23:15:32');
/*!40000 ALTER TABLE `documentSequence` ENABLE KEYS */;


# Dumping structure for table icore.documentSetting
DROP TABLE IF EXISTS `documentSetting`;
CREATE TABLE IF NOT EXISTS `documentSetting` (
  `documentSettingId` int(11) NOT NULL AUTO_INCREMENT,
  `documentSequenceId` int(11) NOT NULL,
  `leafId` int(11) NOT NULL,
  `isDefault` tinyint(1) NOT NULL,
  `isNew` tinyint(1) NOT NULL COMMENT 'New|',
  `isDraft` tinyint(1) NOT NULL COMMENT 'Draft|',
  `isUpdate` tinyint(1) NOT NULL COMMENT 'Updated|',
  `isDelete` tinyint(1) NOT NULL COMMENT 'Delete|',
  `isActive` tinyint(1) NOT NULL COMMENT 'Active|',
  `isApproved` tinyint(1) NOT NULL COMMENT 'Approved|',
  `isReview` tinyint(1) NOT NULL,
  `isPost` tinyint(1) NOT NULL,
  `executeBy` int(11) NOT NULL COMMENT 'By|',
  `executeTime` datetime NOT NULL,
  PRIMARY KEY (`documentSettingId`),
  KEY `leafId` (`leafId`),
  KEY `documentSequenceId` (`documentSequenceId`)
) ENGINE=InnoDB AUTO_INCREMENT=2 DEFAULT CHARSET=utf8 COLLATE=utf8_unicode_ci;

# Dumping data for table icore.documentSetting: ~1 rows (approximately)
/*!40000 ALTER TABLE `documentSetting` DISABLE KEYS */;
INSERT INTO `documentSetting` (`documentSettingId`, `documentSequenceId`, `leafId`, `isDefault`, `isNew`, `isDraft`, `isUpdate`, `isDelete`, `isActive`, `isApproved`, `isReview`, `isPost`, `executeBy`, `executeTime`) VALUES
	(1, 1, 37, 0, 0, 0, 0, 0, 0, 0, 0, 0, 0, '0000-00-00 00:00:00');
/*!40000 ALTER TABLE `documentSetting` ENABLE KEYS */;


# Dumping structure for table icore.extlabel
DROP TABLE IF EXISTS `extlabel`;
CREATE TABLE IF NOT EXISTS `extlabel` (
  `extLabelId` int(11) NOT NULL AUTO_INCREMENT,
  `extLabeLEnglish` varchar(32) NOT NULL,
  `isDefault` tinyint(1) NOT NULL,
  `isNew` tinyint(1) NOT NULL,
  `isDraft` tinyint(1) NOT NULL,
  `isUpdate` tinyint(1) NOT NULL,
  `isDelete` tinyint(1) NOT NULL,
  `isActive` tinyint(1) NOT NULL,
  `isApproved` tinyint(1) NOT NULL,
  `isReview` tinyint(1) NOT NULL,
  `isPost` tinyint(1) NOT NULL,
  `executeBy` tinyint(1) NOT NULL,
  `executeTime` datetime NOT NULL,
  PRIMARY KEY (`extLabelId`)
) ENGINE=InnoDB DEFAULT CHARSET=latin1;

# Dumping data for table icore.extlabel: ~0 rows (approximately)
/*!40000 ALTER TABLE `extlabel` DISABLE KEYS */;
/*!40000 ALTER TABLE `extlabel` ENABLE KEYS */;


# Dumping structure for table icore.extlabeltranslate
DROP TABLE IF EXISTS `extlabeltranslate`;
CREATE TABLE IF NOT EXISTS `extlabeltranslate` (
  `extLabelTranslateId` int(11) NOT NULL AUTO_INCREMENT COMMENT 'Label|',
  `extLabelId` int(11) NOT NULL,
  `languageId` int(11) NOT NULL,
  `extLabelNative` varchar(64) COLLATE utf8_unicode_ci NOT NULL COMMENT 'Native|',
  PRIMARY KEY (`extLabelTranslateId`)
) ENGINE=InnoDB DEFAULT CHARSET=utf8 COLLATE=utf8_unicode_ci;

# Dumping data for table icore.extlabeltranslate: ~0 rows (approximately)
/*!40000 ALTER TABLE `extlabeltranslate` DISABLE KEYS */;
/*!40000 ALTER TABLE `extlabeltranslate` ENABLE KEYS */;


# Dumping structure for table icore.folder
DROP TABLE IF EXISTS `folder`;
CREATE TABLE IF NOT EXISTS `folder` (
  `folderId` int(11) NOT NULL AUTO_INCREMENT COMMENT 'folder|',
  `applicationId` int(11) NOT NULL,
  `moduleId` int(11) NOT NULL COMMENT 'Tab|',
  `iconId` int(11) NOT NULL DEFAULT '281' COMMENT 'Icon|',
  `folderSequence` int(11) NOT NULL COMMENT 'Sequence|',
  `folderCode` varchar(4) COLLATE utf8_unicode_ci NOT NULL,
  `folderPath` varchar(64) COLLATE utf8_unicode_ci NOT NULL COMMENT 'Path|',
  `folderEnglish` varchar(128) COLLATE utf8_unicode_ci NOT NULL COMMENT 'English|',
  `isDefault` tinyint(1) NOT NULL,
  `isNew` tinyint(1) NOT NULL COMMENT 'New|',
  `isDraft` tinyint(1) NOT NULL COMMENT 'Draft|',
  `isUpdate` tinyint(1) NOT NULL COMMENT 'Updated|',
  `isDelete` tinyint(1) NOT NULL COMMENT 'Delete|',
  `isActive` tinyint(1) NOT NULL COMMENT 'Active|',
  `isApproved` tinyint(1) NOT NULL COMMENT 'Approved|',
  `isReview` tinyint(1) NOT NULL,
  `isPost` tinyint(1) NOT NULL,
  `executeBy` int(11) NOT NULL COMMENT 'By|',
  `executeTime` datetime NOT NULL,
  PRIMARY KEY (`folderId`),
  KEY `tabId` (`moduleId`),
  KEY `iconId` (`iconId`)
) ENGINE=InnoDB AUTO_INCREMENT=92 DEFAULT CHARSET=utf8 COLLATE=utf8_unicode_ci;

# Dumping data for table icore.folder: ~91 rows (approximately)
/*!40000 ALTER TABLE `folder` DISABLE KEYS */;
INSERT INTO `folder` (`folderId`, `applicationId`, `moduleId`, `iconId`, `folderSequence`, `folderCode`, `folderPath`, `folderEnglish`, `isDefault`, `isNew`, `isDraft`, `isUpdate`, `isDelete`, `isActive`, `isApproved`, `isReview`, `isPost`, `executeBy`, `executeTime`) VALUES
	(1, 1, 1, 281, 1, 'sys', 'system', 'System Entry', 0, 1, 0, 0, 0, 1, 0, 0, 0, 2, '2011-11-22 18:30:06'),
	(2, 1, 1, 281, 2, 'sys', 'system', 'Common', 0, 1, 0, 0, 0, 1, 0, 0, 0, 2, '2011-11-22 18:30:06'),
	(3, 1, 2, 281, 1, 'sys', 'system', 'Common', 0, 1, 0, 0, 0, 1, 0, 0, 0, 2, '2011-11-22 18:30:06'),
	(4, 1, 3, 281, 1, 'sys', 'system', 'Common', 0, 1, 0, 0, 0, 1, 0, 0, 0, 2, '2011-11-22 18:30:06'),
	(5, 2, 4, 281, 1, 'sys', 'sample', 'Single Form', 0, 1, 0, 0, 0, 1, 0, 0, 0, 2, '2011-11-22 18:30:06'),
	(6, 2, 4, 491, 2, 'sys', 'sample', 'Multiplied Form', 0, 1, 0, 0, 0, 1, 0, 0, 0, 2, '2011-11-22 18:30:06'),
	(7, 3, 5, 491, 1, 'gl', 'ifinancial', 'Setting', 0, 1, 0, 0, 0, 1, 0, 0, 0, 2, '2011-11-22 18:30:06'),
	(8, 3, 24, 491, 2, 'gl', 'ifinancial', 'Budget', 0, 1, 0, 0, 0, 1, 0, 0, 0, 2, '2011-11-22 18:30:06'),
	(9, 3, 24, 491, 3, 'gl', 'ifinancial', 'Forecast', 0, 1, 0, 0, 0, 1, 0, 0, 0, 2, '2011-11-22 18:30:06'),
	(10, 3, 24, 491, 4, 'gl', 'ifinancial', 'Journal', 0, 1, 0, 0, 0, 1, 0, 0, 0, 2, '2011-11-22 18:30:06'),
	(11, 5, 6, 281, 1, '', '', 'reserve', 0, 1, 0, 0, 0, 1, 0, 0, 0, 2, '2011-11-22 18:30:06'),
	(12, 5, 25, 491, 2, '', '', 'reserve', 0, 1, 0, 0, 0, 1, 0, 0, 0, 2, '2011-11-22 18:30:06'),
	(13, 5, 7, 491, 1, '', '', 'reserve', 0, 1, 0, 0, 0, 1, 0, 0, 0, 2, '2011-11-22 18:30:06'),
	(14, 6, 15, 281, 1, 'po', 'po', 'Document No', 0, 1, 0, 0, 0, 1, 0, 0, 0, 2, '2011-11-22 18:30:06'),
	(15, 6, 28, 491, 2, 'po', 'po', 'Inventory and Purchasing', 0, 1, 0, 0, 0, 1, 0, 0, 0, 2, '2011-11-22 18:30:06'),
	(16, 6, 28, 491, 3, 'po', 'po', 'Suppliers', 0, 1, 0, 0, 0, 1, 0, 0, 0, 2, '2011-11-22 18:30:06'),
	(17, 6, 28, 491, 5, 'po', 'po', 'Shippers', 0, 1, 0, 0, 0, 1, 0, 0, 0, 2, '2011-11-22 18:30:06'),
	(18, 6, 35, 841, 6, 'po', 'po', 'Reports', 0, 1, 0, 0, 0, 1, 0, 0, 0, 2, '2011-11-22 18:30:06'),
	(19, 7, 8, 281, 1, 'mbr', 'membership', 'Document No', 0, 1, 0, 0, 0, 1, 0, 0, 0, 2, '2011-11-22 18:30:06'),
	(20, 7, 19, 491, 1, 'mbr', 'membership', 'Dividen', 0, 1, 0, 0, 0, 1, 0, 0, 0, 2, '2011-11-22 18:30:06'),
	(21, 7, 36, 841, 4, 'mbr', 'membership', 'Report', 0, 1, 0, 0, 0, 1, 0, 0, 0, 2, '2011-11-22 18:30:06'),
	(22, 8, 9, 281, 1, 'bank', 'bank', 'Document No', 0, 1, 0, 0, 0, 1, 0, 0, 0, 2, '2011-11-22 18:30:06'),
	(23, 8, 20, 491, 1, 'bank', 'bank', 'Bank ', 0, 1, 0, 0, 0, 1, 0, 0, 0, 2, '2011-11-22 18:30:06'),
	(24, 13, 10, 281, 1, 'fa', 'fa', 'Document No', 0, 1, 0, 0, 0, 1, 0, 0, 0, 2, '2011-11-22 18:30:06'),
	(25, 13, 21, 491, 1, 'fa', 'fa', 'Fix Asset', 0, 1, 0, 0, 0, 1, 0, 0, 0, 2, '2011-11-22 18:30:06'),
	(26, 13, 21, 491, 2, 'fa', 'fa', 'Disposal', 0, 1, 0, 0, 0, 1, 0, 0, 0, 2, '2011-11-22 18:30:06'),
	(27, 13, 21, 491, 3, 'fa', 'fa', 'Depreciation', 0, 1, 0, 0, 0, 1, 0, 0, 0, 2, '2011-11-22 18:30:06'),
	(28, 13, 21, 491, 4, 'fa', 'fa', 'Write Off', 0, 1, 0, 0, 0, 1, 0, 0, 0, 2, '2011-11-22 18:30:06'),
	(29, 13, 21, 491, 5, 'fa', 'fa', 'Adjustment', 0, 1, 0, 0, 0, 1, 0, 0, 0, 2, '2011-11-22 18:30:06'),
	(30, 13, 38, 841, 6, 'fa', 'fa', 'Report', 0, 1, 0, 0, 0, 1, 0, 0, 0, 2, '2011-11-22 18:30:06'),
	(31, 14, 11, 281, 1, 'dm', 'dm', 'Setting', 0, 1, 0, 0, 0, 1, 0, 0, 0, 2, '2011-11-22 18:30:06'),
	(32, 14, 22, 852, 2, 'dm', 'dm', 'Public', 0, 1, 0, 0, 0, 1, 0, 0, 0, 2, '2011-11-22 18:30:06'),
	(33, 14, 22, 852, 3, 'dm', 'dm', 'Group', 0, 1, 0, 0, 0, 1, 0, 0, 0, 2, '2011-11-22 18:30:06'),
	(34, 14, 22, 852, 4, 'dm', 'dm', 'Private', 0, 1, 0, 0, 0, 1, 0, 0, 0, 2, '2011-11-22 18:30:06'),
	(35, 16, 23, 491, 1, 'py', 'py', 'Document No', 0, 1, 0, 0, 0, 1, 0, 0, 0, 2, '2011-11-22 18:30:06'),
	(36, 16, 13, 491, 1, 'py', 'py', 'Designation', 0, 1, 0, 0, 0, 1, 0, 0, 0, 2, '2011-11-22 18:30:06'),
	(37, 16, 13, 491, 2, 'py', 'py', 'Category', 0, 1, 0, 0, 0, 1, 0, 0, 0, 2, '2011-11-22 18:30:06'),
	(38, 16, 13, 491, 3, 'py', 'py', 'Management', 0, 1, 0, 0, 0, 1, 0, 0, 0, 2, '2011-11-22 18:30:06'),
	(39, 16, 13, 491, 4, 'py', 'py', 'Parameter', 0, 1, 0, 0, 0, 1, 0, 0, 0, 2, '2011-11-22 18:30:06'),
	(40, 16, 30, 841, 1, 'py', 'py', 'Report', 0, 1, 0, 0, 0, 1, 0, 0, 0, 2, '2011-11-22 18:30:06'),
	(41, 17, 14, 491, 1, 'hr', 'hr', 'Setting', 0, 1, 0, 0, 0, 1, 0, 0, 0, 2, '2011-11-22 18:30:06'),
	(42, 17, 29, 491, 2, 'hr', 'hr', 'Leave Management Module', 0, 1, 0, 0, 0, 1, 0, 0, 0, 2, '2011-11-22 18:30:06'),
	(43, 17, 29, 491, 3, 'hr', 'hr', 'Recruitment Management', 0, 1, 0, 0, 0, 1, 0, 0, 0, 2, '2011-11-22 18:30:06'),
	(44, 17, 29, 491, 4, 'hr', 'hr', 'Key Performance Index', 0, 1, 0, 0, 0, 1, 0, 0, 0, 2, '2011-11-22 18:30:06'),
	(45, 17, 40, 841, 1, 'hr', 'hr', 'Report', 0, 1, 0, 0, 0, 1, 0, 0, 0, 2, '2011-11-22 18:30:06'),
	(46, 17, 40, 841, 2, 'hr', 'hr', 'Custom Report', 0, 1, 0, 0, 0, 1, 0, 0, 0, 2, '2011-11-22 18:30:06'),
	(47, 3, 32, 841, 1, 'gl', 'ifinancial', 'Financial Report', 0, 1, 0, 0, 0, 1, 0, 0, 0, 2, '2011-11-22 18:30:06'),
	(48, 3, 32, 841, 2, 'gl', 'ifinancial', 'Report', 0, 1, 0, 0, 0, 1, 0, 0, 0, 2, '2011-11-22 18:30:06'),
	(49, 5, 34, 841, 1, '', '', 'reserve', 0, 1, 0, 0, 0, 1, 0, 0, 0, 2, '2011-11-22 18:30:06'),
	(50, 5, 34, 841, 2, 'ap', 'ap', 'Custom Report', 0, 1, 0, 0, 0, 1, 0, 0, 0, 2, '2011-11-22 18:30:06'),
	(51, 6, 28, 491, 4, 'po', 'po', 'Custom Report', 0, 1, 0, 0, 0, 1, 0, 0, 0, 2, '2011-11-22 18:30:06'),
	(52, 7, 36, 841, 5, 'mbr', 'mbr', 'Custom Report', 0, 1, 0, 0, 0, 1, 0, 0, 0, 2, '2011-11-22 18:30:06'),
	(53, 8, 37, 841, 2, 'bank', 'bank', 'Report', 0, 1, 0, 0, 0, 1, 0, 0, 0, 2, '2011-11-22 18:30:06'),
	(54, 8, 37, 841, 3, 'bank', 'bank', 'Custom Report', 0, 1, 0, 0, 0, 1, 0, 0, 0, 2, '2011-11-22 18:30:06'),
	(55, 13, 38, 841, 7, 'fa', 'fa', 'Custom Report', 0, 1, 0, 0, 0, 1, 0, 0, 0, 2, '2011-11-22 18:30:06'),
	(56, 16, 30, 841, 2, 'py', 'py', 'Custom Report', 0, 1, 0, 0, 0, 1, 0, 0, 0, 2, '2011-11-22 18:30:06'),
	(57, 4, 16, 491, 1, 'ar', 'ifinancial', 'Document Numbering', 0, 1, 0, 0, 0, 1, 0, 0, 0, 2, '2011-11-22 18:30:06'),
	(58, 4, 27, 491, 2, 'ar', 'ifinancial', 'Invoice', 0, 1, 0, 0, 0, 1, 0, 0, 0, 2, '2011-11-22 18:30:06'),
	(59, 4, 27, 491, 3, 'ar', 'ifinancial', 'Voucher', 0, 1, 0, 0, 0, 1, 0, 0, 0, 2, '2011-11-22 18:30:06'),
	(60, 15, 17, 491, 1, 'cb', 'cb', 'Setting', 0, 1, 0, 0, 0, 1, 0, 0, 0, 2, '2011-11-22 18:30:06'),
	(61, 15, 12, 652, 2, 'cb', 'cb', 'Reverse  Payment', 0, 1, 0, 0, 0, 1, 0, 0, 0, 2, '2011-11-22 18:30:06'),
	(62, 15, 12, 652, 3, 'cb', 'cb', 'Refund Payment', 0, 1, 0, 0, 0, 1, 0, 0, 0, 2, '2011-11-22 18:30:06'),
	(63, 4, 33, 841, 1, 'ar', 'ifinancial', 'Report', 0, 1, 0, 0, 0, 1, 0, 0, 0, 2, '2011-11-22 18:30:06'),
	(64, 4, 33, 841, 2, 'ar', 'ifinancial', 'Custom Report', 0, 1, 0, 0, 0, 1, 0, 0, 0, 2, '2011-11-22 18:30:06'),
	(65, 15, 26, 841, 4, 'cb', 'cb', 'Report', 0, 1, 0, 0, 0, 1, 0, 0, 0, 2, '2011-11-22 18:30:06'),
	(66, 15, 26, 841, 5, 'cb', 'cb', 'Custom Report', 0, 1, 0, 0, 0, 1, 0, 0, 0, 2, '2011-11-22 18:30:06'),
	(67, 1, 31, 281, 1, 'sys', 'system', 'Common', 0, 1, 0, 0, 0, 1, 0, 0, 0, 2, '2011-11-22 18:30:06'),
	(68, 6, 35, 841, 7, 'po', 'po', 'Custom Report', 0, 1, 0, 0, 0, 1, 0, 0, 0, 2, '2011-11-22 18:30:06'),
	(69, 7, 18, 491, 2, 'mbr', 'membership', 'Membership', 0, 1, 0, 0, 0, 1, 0, 0, 0, 2, '2011-11-22 18:30:06'),
	(70, 17, 29, 491, 1, 'hr', 'hr', 'Personal Information Management', 0, 1, 0, 0, 0, 1, 0, 0, 0, 2, '2011-11-22 18:30:06'),
	(71, 6, 28, 491, 1, 'po', 'po', 'Customers And Orders', 0, 1, 0, 0, 0, 1, 0, 0, 0, 2, '2011-11-22 18:30:06'),
	(72, 5, 25, 491, 1, '', '', 'reserve', 0, 1, 0, 0, 0, 1, 0, 0, 0, 2, '2011-11-22 18:30:06'),
	(73, 15, 12, 652, 1, 'cb', 'cb', 'Receive Payment', 0, 1, 0, 0, 0, 1, 0, 0, 0, 2, '2011-11-22 18:30:06'),
	(74, 3, 32, 841, 3, 'gl', 'ifinancial', 'Custom Report', 0, 1, 0, 0, 0, 1, 0, 0, 0, 2, '2011-11-22 18:30:06'),
	(75, 3, 24, 281, 1, 'gl', 'ifinancial', 'Chart Of Account', 0, 1, 0, 0, 0, 1, 0, 0, 0, 2, '2011-11-22 18:30:06'),
	(76, 3, 24, 281, 5, '', '', 'Reserve', 0, 1, 0, 0, 0, 1, 0, 0, 0, 2, '2011-11-22 18:30:06'),
	(77, 4, 27, 491, 1, 'ar', 'ifinancial', 'Sales', 0, 1, 0, 0, 0, 1, 0, 0, 0, 2, '2011-11-22 18:30:06'),
	(78, 3, 5, 491, 2, 'gl', 'ifinancial', 'Financial', 0, 1, 0, 0, 0, 1, 0, 0, 0, 2, '2011-11-22 18:30:06'),
	(79, 4, 27, 491, 4, 'ar', 'ifinancial', 'Adjustment', 0, 1, 0, 0, 0, 1, 0, 0, 0, 2, '2011-11-22 18:30:06'),
	(80, 4, 16, 491, 5, 'ar', 'ifinancial', 'Setting', 0, 1, 0, 0, 0, 1, 0, 0, 0, 2, '2011-11-22 18:30:06'),
	(81, 4, 27, 491, 5, 'ar', 'ifinancial', 'Late Interest', 0, 1, 0, 0, 0, 1, 0, 0, 0, 2, '2011-11-22 18:30:06'),
	(82, 19, 41, 841, 1, 'BP', 'businessPartner', 'Document No', 0, 1, 0, 0, 0, 1, 0, 0, 0, 2, '2011-11-22 18:30:06'),
	(83, 19, 42, 841, 1, 'BP', 'businessPartner', 'Business Partner', 0, 1, 0, 0, 0, 1, 0, 0, 0, 2, '2011-11-22 18:30:06'),
	(84, 19, 43, 841, 1, 'BP', 'businessPartner', 'Report', 0, 1, 0, 0, 0, 1, 0, 0, 0, 2, '2011-11-22 18:30:06'),
	(85, 19, 43, 841, 2, 'BP', 'businessPartner', 'Custom Report', 0, 1, 0, 0, 0, 1, 0, 0, 0, 2, '2011-11-22 18:30:06'),
	(86, 19, 41, 841, 2, 'BP', 'businessPartner', 'Setting', 0, 1, 0, 0, 0, 1, 0, 0, 0, 2, '2011-11-22 18:30:06'),
	(87, 16, 23, 491, 2, 'py', 'py', 'Setting', 0, 1, 0, 0, 0, 1, 0, 0, 0, 2, '2011-11-22 18:30:06'),
	(88, 6, 15, 281, 1, 'po', 'po', 'Setting', 0, 1, 0, 0, 0, 1, 0, 0, 0, 2, '2011-11-22 18:30:06'),
	(89, 7, 8, 281, 2, 'mbr', 'membership', 'Setting', 0, 1, 0, 0, 0, 1, 0, 0, 0, 2, '2011-11-22 18:30:06'),
	(90, 8, 9, 281, 2, 'bank', 'bank', 'Setting', 0, 1, 0, 0, 0, 1, 0, 0, 0, 2, '2011-11-22 18:30:06'),
	(91, 13, 10, 281, 2, 'fa', 'fa', 'Setting', 0, 1, 0, 0, 0, 1, 0, 0, 0, 2, '2011-11-22 18:30:06');
/*!40000 ALTER TABLE `folder` ENABLE KEYS */;


# Dumping structure for table icore.folderaccess
DROP TABLE IF EXISTS `folderaccess`;
CREATE TABLE IF NOT EXISTS `folderaccess` (
  `folderAccessId` int(11) NOT NULL AUTO_INCREMENT COMMENT 'Access|',
  `teamId` int(11) NOT NULL COMMENT 'Group|',
  `folderId` int(11) NOT NULL COMMENT 'Folder|',
  `folderAccessValue` tinyint(1) NOT NULL COMMENT 'Value|',
  PRIMARY KEY (`folderAccessId`),
  KEY `groupId` (`teamId`),
  KEY `folderId` (`folderId`)
) ENGINE=InnoDB AUTO_INCREMENT=547 DEFAULT CHARSET=utf8 COLLATE=utf8_unicode_ci;

# Dumping data for table icore.folderaccess: ~611 rows (approximately)
/*!40000 ALTER TABLE `folderaccess` DISABLE KEYS */;
INSERT INTO `folderaccess` (`folderAccessId`, `teamId`, `folderId`, `folderAccessValue`) VALUES
	(1, 1, 1, 1),
	(2, 1, 2, 1),
	(3, 1, 3, 1),
	(4, 1, 4, 1),
	(5, 1, 5, 1),
	(6, 1, 6, 1),
	(7, 1, 7, 1),
	(8, 1, 8, 1),
	(9, 1, 9, 1),
	(10, 1, 10, 1),
	(11, 1, 11, 1),
	(12, 1, 12, 1),
	(13, 1, 13, 1),
	(14, 1, 14, 1),
	(15, 1, 15, 1),
	(16, 1, 16, 1),
	(17, 1, 17, 1),
	(18, 1, 18, 1),
	(19, 1, 19, 1),
	(20, 1, 20, 1),
	(21, 1, 21, 1),
	(22, 1, 22, 1),
	(23, 1, 23, 1),
	(24, 1, 24, 1),
	(25, 1, 25, 1),
	(26, 1, 26, 1),
	(27, 1, 27, 1),
	(28, 1, 28, 1),
	(29, 1, 29, 1),
	(30, 1, 30, 1),
	(31, 1, 31, 1),
	(32, 1, 32, 1),
	(33, 1, 33, 1),
	(34, 1, 34, 1),
	(35, 1, 35, 1),
	(36, 1, 36, 1),
	(37, 1, 37, 1),
	(38, 1, 38, 1),
	(39, 1, 39, 1),
	(40, 1, 40, 1),
	(41, 1, 41, 1),
	(42, 1, 42, 1),
	(43, 1, 43, 1),
	(44, 1, 44, 1),
	(45, 1, 45, 1),
	(46, 1, 46, 1),
	(47, 1, 47, 1),
	(48, 1, 48, 1),
	(49, 1, 49, 1),
	(50, 1, 50, 1),
	(51, 1, 51, 1),
	(52, 1, 52, 1),
	(53, 1, 53, 1),
	(54, 1, 54, 1),
	(55, 1, 55, 1),
	(56, 1, 56, 1),
	(57, 1, 57, 1),
	(58, 1, 58, 1),
	(59, 1, 59, 1),
	(60, 1, 60, 1),
	(61, 1, 61, 1),
	(62, 1, 62, 1),
	(63, 1, 63, 1),
	(64, 1, 64, 1),
	(65, 1, 65, 1),
	(66, 1, 66, 1),
	(67, 1, 67, 1),
	(68, 1, 68, 1),
	(69, 1, 69, 1),
	(70, 1, 70, 1),
	(71, 1, 71, 1),
	(72, 1, 72, 1),
	(73, 1, 73, 1),
	(74, 1, 74, 1),
	(75, 1, 75, 1),
	(76, 1, 76, 1),
	(77, 1, 77, 1),
	(78, 1, 78, 1),
	(79, 1, 79, 1),
	(80, 1, 80, 1),
	(81, 1, 81, 1),
	(82, 1, 82, 1),
	(83, 1, 83, 1),
	(84, 1, 84, 1),
	(85, 1, 85, 1),
	(86, 1, 86, 1),
	(87, 1, 87, 1),
	(88, 1, 88, 1),
	(89, 1, 89, 1),
	(90, 1, 90, 1),
	(91, 1, 91, 1),
	(92, 2, 1, 1),
	(93, 2, 2, 1),
	(94, 2, 3, 1),
	(95, 2, 4, 1),
	(96, 2, 5, 1),
	(97, 2, 6, 1),
	(98, 2, 7, 1),
	(99, 2, 8, 1),
	(100, 2, 9, 1),
	(101, 2, 10, 1),
	(102, 2, 11, 1),
	(103, 2, 12, 1),
	(104, 2, 13, 1),
	(105, 2, 14, 1),
	(106, 2, 15, 1),
	(107, 2, 16, 1),
	(108, 2, 17, 1),
	(109, 2, 18, 1),
	(110, 2, 19, 1),
	(111, 2, 20, 1),
	(112, 2, 21, 1),
	(113, 2, 22, 1),
	(114, 2, 23, 1),
	(115, 2, 24, 1),
	(116, 2, 25, 1),
	(117, 2, 26, 1),
	(118, 2, 27, 1),
	(119, 2, 28, 1),
	(120, 2, 29, 1),
	(121, 2, 30, 1),
	(122, 2, 31, 1),
	(123, 2, 32, 1),
	(124, 2, 33, 1),
	(125, 2, 34, 1),
	(126, 2, 35, 1),
	(127, 2, 36, 1),
	(128, 2, 37, 1),
	(129, 2, 38, 1),
	(130, 2, 39, 1),
	(131, 2, 40, 1),
	(132, 2, 41, 1),
	(133, 2, 42, 1),
	(134, 2, 43, 1),
	(135, 2, 44, 1),
	(136, 2, 45, 1),
	(137, 2, 46, 1),
	(138, 2, 47, 1),
	(139, 2, 48, 1),
	(140, 2, 49, 1),
	(141, 2, 50, 1),
	(142, 2, 51, 1),
	(143, 2, 52, 1),
	(144, 2, 53, 1),
	(145, 2, 54, 1),
	(146, 2, 55, 1),
	(147, 2, 56, 1),
	(148, 2, 57, 1),
	(149, 2, 58, 1),
	(150, 2, 59, 1),
	(151, 2, 60, 1),
	(152, 2, 61, 1),
	(153, 2, 62, 1),
	(154, 2, 63, 1),
	(155, 2, 64, 1),
	(156, 2, 65, 1),
	(157, 2, 66, 1),
	(158, 2, 67, 1),
	(159, 2, 68, 1),
	(160, 2, 69, 1),
	(161, 2, 70, 1),
	(162, 2, 71, 1),
	(163, 2, 72, 1),
	(164, 2, 73, 1),
	(165, 2, 74, 1),
	(166, 2, 75, 1),
	(167, 2, 76, 1),
	(168, 2, 77, 1),
	(169, 2, 78, 1),
	(170, 2, 79, 1),
	(171, 2, 80, 1),
	(172, 2, 81, 1),
	(173, 2, 82, 1),
	(174, 2, 83, 1),
	(175, 2, 84, 1),
	(176, 2, 85, 1),
	(177, 2, 86, 1),
	(178, 2, 87, 1),
	(179, 2, 88, 1),
	(180, 2, 89, 1),
	(181, 2, 90, 1),
	(182, 2, 91, 1),
	(183, 3, 1, 1),
	(184, 3, 2, 1),
	(185, 3, 3, 1),
	(186, 3, 4, 1),
	(187, 3, 5, 1),
	(188, 3, 6, 1),
	(189, 3, 7, 1),
	(190, 3, 8, 1),
	(191, 3, 9, 1),
	(192, 3, 10, 1),
	(193, 3, 11, 1),
	(194, 3, 12, 1),
	(195, 3, 13, 1),
	(196, 3, 14, 1),
	(197, 3, 15, 1),
	(198, 3, 16, 1),
	(199, 3, 17, 1),
	(200, 3, 18, 1),
	(201, 3, 19, 1),
	(202, 3, 20, 1),
	(203, 3, 21, 1),
	(204, 3, 22, 1),
	(205, 3, 23, 1),
	(206, 3, 24, 1),
	(207, 3, 25, 1),
	(208, 3, 26, 1),
	(209, 3, 27, 1),
	(210, 3, 28, 1),
	(211, 3, 29, 1),
	(212, 3, 30, 1),
	(213, 3, 31, 1),
	(214, 3, 32, 1),
	(215, 3, 33, 1),
	(216, 3, 34, 1),
	(217, 3, 35, 1),
	(218, 3, 36, 1),
	(219, 3, 37, 1),
	(220, 3, 38, 1),
	(221, 3, 39, 1),
	(222, 3, 40, 1),
	(223, 3, 41, 1),
	(224, 3, 42, 1),
	(225, 3, 43, 1),
	(226, 3, 44, 1),
	(227, 3, 45, 1),
	(228, 3, 46, 1),
	(229, 3, 47, 1),
	(230, 3, 48, 1),
	(231, 3, 49, 1),
	(232, 3, 50, 1),
	(233, 3, 51, 1),
	(234, 3, 52, 1),
	(235, 3, 53, 1),
	(236, 3, 54, 1),
	(237, 3, 55, 1),
	(238, 3, 56, 1),
	(239, 3, 57, 1),
	(240, 3, 58, 1),
	(241, 3, 59, 1),
	(242, 3, 60, 1),
	(243, 3, 61, 1),
	(244, 3, 62, 1),
	(245, 3, 63, 1),
	(246, 3, 64, 1),
	(247, 3, 65, 1),
	(248, 3, 66, 1),
	(249, 3, 67, 1),
	(250, 3, 68, 1),
	(251, 3, 69, 1),
	(252, 3, 70, 1),
	(253, 3, 71, 1),
	(254, 3, 72, 1),
	(255, 3, 73, 1),
	(256, 3, 74, 1),
	(257, 3, 75, 1),
	(258, 3, 76, 1),
	(259, 3, 77, 1),
	(260, 3, 78, 1),
	(261, 3, 79, 1),
	(262, 3, 80, 1),
	(263, 3, 81, 1),
	(264, 3, 82, 1),
	(265, 3, 83, 1),
	(266, 3, 84, 1),
	(267, 3, 85, 1),
	(268, 3, 86, 1),
	(269, 3, 87, 1),
	(270, 3, 88, 1),
	(271, 3, 89, 1),
	(272, 3, 90, 1),
	(273, 3, 91, 1),
	(274, 4, 1, 1),
	(275, 4, 2, 1),
	(276, 4, 3, 1),
	(277, 4, 4, 1),
	(278, 4, 5, 1),
	(279, 4, 6, 1),
	(280, 4, 7, 1),
	(281, 4, 8, 1),
	(282, 4, 9, 1),
	(283, 4, 10, 1),
	(284, 4, 11, 1),
	(285, 4, 12, 1),
	(286, 4, 13, 1),
	(287, 4, 14, 1),
	(288, 4, 15, 1),
	(289, 4, 16, 1),
	(290, 4, 17, 1),
	(291, 4, 18, 1),
	(292, 4, 19, 1),
	(293, 4, 20, 1),
	(294, 4, 21, 1),
	(295, 4, 22, 1),
	(296, 4, 23, 1),
	(297, 4, 24, 1),
	(298, 4, 25, 1),
	(299, 4, 26, 1),
	(300, 4, 27, 1),
	(301, 4, 28, 1),
	(302, 4, 29, 1),
	(303, 4, 30, 1),
	(304, 4, 31, 1),
	(305, 4, 32, 1),
	(306, 4, 33, 1),
	(307, 4, 34, 1),
	(308, 4, 35, 1),
	(309, 4, 36, 1),
	(310, 4, 37, 1),
	(311, 4, 38, 1),
	(312, 4, 39, 1),
	(313, 4, 40, 1),
	(314, 4, 41, 1),
	(315, 4, 42, 1),
	(316, 4, 43, 1),
	(317, 4, 44, 1),
	(318, 4, 45, 1),
	(319, 4, 46, 1),
	(320, 4, 47, 1),
	(321, 4, 48, 1),
	(322, 4, 49, 1),
	(323, 4, 50, 1),
	(324, 4, 51, 1),
	(325, 4, 52, 1),
	(326, 4, 53, 1),
	(327, 4, 54, 1),
	(328, 4, 55, 1),
	(329, 4, 56, 1),
	(330, 4, 57, 1),
	(331, 4, 58, 1),
	(332, 4, 59, 1),
	(333, 4, 60, 1),
	(334, 4, 61, 1),
	(335, 4, 62, 1),
	(336, 4, 63, 1),
	(337, 4, 64, 1),
	(338, 4, 65, 1),
	(339, 4, 66, 1),
	(340, 4, 67, 1),
	(341, 4, 68, 1),
	(342, 4, 69, 1),
	(343, 4, 70, 1),
	(344, 4, 71, 1),
	(345, 4, 72, 1),
	(346, 4, 73, 1),
	(347, 4, 74, 1),
	(348, 4, 75, 1),
	(349, 4, 76, 1),
	(350, 4, 77, 1),
	(351, 4, 78, 1),
	(352, 4, 79, 1),
	(353, 4, 80, 1),
	(354, 4, 81, 1),
	(355, 4, 82, 1),
	(356, 4, 83, 1),
	(357, 4, 84, 1),
	(358, 4, 85, 1),
	(359, 4, 86, 1),
	(360, 4, 87, 1),
	(361, 4, 88, 1),
	(362, 4, 89, 1),
	(363, 4, 90, 1),
	(364, 4, 91, 1),
	(365, 5, 1, 1),
	(366, 5, 2, 1),
	(367, 5, 3, 1),
	(368, 5, 4, 1),
	(369, 5, 5, 1),
	(370, 5, 6, 1),
	(371, 5, 7, 1),
	(372, 5, 8, 1),
	(373, 5, 9, 1),
	(374, 5, 10, 1),
	(375, 5, 11, 1),
	(376, 5, 12, 1),
	(377, 5, 13, 1),
	(378, 5, 14, 1),
	(379, 5, 15, 1),
	(380, 5, 16, 1),
	(381, 5, 17, 1),
	(382, 5, 18, 1),
	(383, 5, 19, 1),
	(384, 5, 20, 1),
	(385, 5, 21, 1),
	(386, 5, 22, 1),
	(387, 5, 23, 1),
	(388, 5, 24, 1),
	(389, 5, 25, 1),
	(390, 5, 26, 1),
	(391, 5, 27, 1),
	(392, 5, 28, 1),
	(393, 5, 29, 1),
	(394, 5, 30, 1),
	(395, 5, 31, 1),
	(396, 5, 32, 1),
	(397, 5, 33, 1),
	(398, 5, 34, 1),
	(399, 5, 35, 1),
	(400, 5, 36, 1),
	(401, 5, 37, 1),
	(402, 5, 38, 1),
	(403, 5, 39, 1),
	(404, 5, 40, 1),
	(405, 5, 41, 1),
	(406, 5, 42, 1),
	(407, 5, 43, 1),
	(408, 5, 44, 1),
	(409, 5, 45, 1),
	(410, 5, 46, 1),
	(411, 5, 47, 1),
	(412, 5, 48, 1),
	(413, 5, 49, 1),
	(414, 5, 50, 1),
	(415, 5, 51, 1),
	(416, 5, 52, 1),
	(417, 5, 53, 1),
	(418, 5, 54, 1),
	(419, 5, 55, 1),
	(420, 5, 56, 1),
	(421, 5, 57, 1),
	(422, 5, 58, 1),
	(423, 5, 59, 1),
	(424, 5, 60, 1),
	(425, 5, 61, 1),
	(426, 5, 62, 1),
	(427, 5, 63, 1),
	(428, 5, 64, 1),
	(429, 5, 65, 1),
	(430, 5, 66, 1),
	(431, 5, 67, 1),
	(432, 5, 68, 1),
	(433, 5, 69, 1),
	(434, 5, 70, 1),
	(435, 5, 71, 1),
	(436, 5, 72, 1),
	(437, 5, 73, 1),
	(438, 5, 74, 1),
	(439, 5, 75, 1),
	(440, 5, 76, 1),
	(441, 5, 77, 1),
	(442, 5, 78, 1),
	(443, 5, 79, 1),
	(444, 5, 80, 1),
	(445, 5, 81, 1),
	(446, 5, 82, 1),
	(447, 5, 83, 1),
	(448, 5, 84, 1),
	(449, 5, 85, 1),
	(450, 5, 86, 1),
	(451, 5, 87, 1),
	(452, 5, 88, 1),
	(453, 5, 89, 1),
	(454, 5, 90, 1),
	(455, 5, 91, 1),
	(456, 6, 1, 1),
	(457, 6, 2, 1),
	(458, 6, 3, 1),
	(459, 6, 4, 1),
	(460, 6, 5, 1),
	(461, 6, 6, 1),
	(462, 6, 7, 1),
	(463, 6, 8, 1),
	(464, 6, 9, 1),
	(465, 6, 10, 1),
	(466, 6, 11, 1),
	(467, 6, 12, 1),
	(468, 6, 13, 1),
	(469, 6, 14, 1),
	(470, 6, 15, 1),
	(471, 6, 16, 1),
	(472, 6, 17, 1),
	(473, 6, 18, 1),
	(474, 6, 19, 1),
	(475, 6, 20, 1),
	(476, 6, 21, 1),
	(477, 6, 22, 1),
	(478, 6, 23, 1),
	(479, 6, 24, 1),
	(480, 6, 25, 1),
	(481, 6, 26, 1),
	(482, 6, 27, 1),
	(483, 6, 28, 1),
	(484, 6, 29, 1),
	(485, 6, 30, 1),
	(486, 6, 31, 1),
	(487, 6, 32, 1),
	(488, 6, 33, 1),
	(489, 6, 34, 1),
	(490, 6, 35, 1),
	(491, 6, 36, 1),
	(492, 6, 37, 1),
	(493, 6, 38, 1),
	(494, 6, 39, 1),
	(495, 6, 40, 1),
	(496, 6, 41, 1),
	(497, 6, 42, 1),
	(498, 6, 43, 1),
	(499, 6, 44, 1),
	(500, 6, 45, 1),
	(501, 6, 46, 1),
	(502, 6, 47, 1),
	(503, 6, 48, 1),
	(504, 6, 49, 1),
	(505, 6, 50, 1),
	(506, 6, 51, 1),
	(507, 6, 52, 1),
	(508, 6, 53, 1),
	(509, 6, 54, 1),
	(510, 6, 55, 1),
	(511, 6, 56, 1),
	(512, 6, 57, 1),
	(513, 6, 58, 1),
	(514, 6, 59, 1),
	(515, 6, 60, 1),
	(516, 6, 61, 1),
	(517, 6, 62, 1),
	(518, 6, 63, 1),
	(519, 6, 64, 1),
	(520, 6, 65, 1),
	(521, 6, 66, 1),
	(522, 6, 67, 1),
	(523, 6, 68, 1),
	(524, 6, 69, 1),
	(525, 6, 70, 1),
	(526, 6, 71, 1),
	(527, 6, 72, 1),
	(528, 6, 73, 1),
	(529, 6, 74, 1),
	(530, 6, 75, 1),
	(531, 6, 76, 1),
	(532, 6, 77, 1),
	(533, 6, 78, 1),
	(534, 6, 79, 1),
	(535, 6, 80, 1),
	(536, 6, 81, 1),
	(537, 6, 82, 1),
	(538, 6, 83, 1),
	(539, 6, 84, 1),
	(540, 6, 85, 1),
	(541, 6, 86, 1),
	(542, 6, 87, 1),
	(543, 6, 88, 1),
	(544, 6, 89, 1),
	(545, 6, 90, 1),
	(546, 6, 91, 1);
/*!40000 ALTER TABLE `folderaccess` ENABLE KEYS */;


# Dumping structure for table icore.foldertranslate
DROP TABLE IF EXISTS `foldertranslate`;
CREATE TABLE IF NOT EXISTS `foldertranslate` (
  `folderTranslateId` int(11) NOT NULL AUTO_INCREMENT COMMENT 'translate|',
  `folderId` int(11) NOT NULL COMMENT 'folder|',
  `languageId` int(11) NOT NULL COMMENT 'language|',
  `folderNative` varchar(128) COLLATE utf8_unicode_ci NOT NULL COMMENT 'Folder|',
  `isDefault` tinyint(1) NOT NULL,
  `isNew` tinyint(1) NOT NULL,
  `isDraft` tinyint(1) NOT NULL,
  `isUpdate` tinyint(1) NOT NULL,
  `isDelete` tinyint(1) NOT NULL,
  `isActive` tinyint(1) NOT NULL,
  `isApproved` tinyint(1) NOT NULL,
  `isReview` tinyint(1) NOT NULL,
  `isPost` tinyint(1) NOT NULL,
  `executeBy` int(11) NOT NULL,
  `executeTime` datetime NOT NULL,
  PRIMARY KEY (`folderTranslateId`)
) ENGINE=InnoDB AUTO_INCREMENT=92 DEFAULT CHARSET=utf8 COLLATE=utf8_unicode_ci;

# Dumping data for table icore.foldertranslate: ~91 rows (approximately)
/*!40000 ALTER TABLE `foldertranslate` DISABLE KEYS */;
INSERT INTO `foldertranslate` (`folderTranslateId`, `folderId`, `languageId`, `folderNative`, `isDefault`, `isNew`, `isDraft`, `isUpdate`, `isDelete`, `isActive`, `isApproved`, `isReview`, `isPost`, `executeBy`, `executeTime`) VALUES
	(1, 1, 21, 'System Entry', 0, 1, 0, 0, 0, 1, 0, 0, 0, 2, '2011-12-16 08:35:58'),
	(2, 2, 21, 'Common', 0, 1, 0, 0, 0, 1, 0, 0, 0, 2, '2011-12-16 08:35:58'),
	(3, 3, 21, 'Common', 0, 1, 0, 0, 0, 1, 0, 0, 0, 2, '2011-12-16 08:35:58'),
	(4, 4, 21, 'Common', 0, 1, 0, 0, 0, 1, 0, 0, 0, 2, '2011-12-16 08:35:58'),
	(5, 5, 21, 'Single Form', 0, 1, 0, 0, 0, 1, 0, 0, 0, 2, '2011-12-16 08:35:58'),
	(6, 6, 21, 'Multiplied Form', 0, 1, 0, 0, 0, 1, 0, 0, 0, 2, '2011-12-16 08:35:58'),
	(7, 7, 21, 'Setting', 0, 1, 0, 0, 0, 1, 0, 0, 0, 2, '2011-12-16 08:35:58'),
	(8, 8, 21, 'Budget', 0, 1, 0, 0, 0, 1, 0, 0, 0, 2, '2011-12-16 08:35:58'),
	(9, 9, 21, 'Forecast', 0, 1, 0, 0, 0, 1, 0, 0, 0, 2, '2011-12-16 08:35:58'),
	(10, 10, 21, 'Journal', 0, 1, 0, 0, 0, 1, 0, 0, 0, 2, '2011-12-16 08:35:58'),
	(11, 11, 21, 'reserve', 0, 1, 0, 0, 0, 1, 0, 0, 0, 2, '2011-12-16 08:35:58'),
	(12, 12, 21, 'reserve', 0, 1, 0, 0, 0, 1, 0, 0, 0, 2, '2011-12-16 08:35:58'),
	(13, 13, 21, 'reserve', 0, 1, 0, 0, 0, 1, 0, 0, 0, 2, '2011-12-16 08:35:58'),
	(14, 14, 21, 'Document No', 0, 1, 0, 0, 0, 1, 0, 0, 0, 2, '2011-12-16 08:35:58'),
	(15, 15, 21, 'Inventory and Purchasing', 0, 1, 0, 0, 0, 1, 0, 0, 0, 2, '2011-12-16 08:35:58'),
	(16, 16, 21, 'Suppliers', 0, 1, 0, 0, 0, 1, 0, 0, 0, 2, '2011-12-16 08:35:58'),
	(17, 17, 21, 'Shippers', 0, 1, 0, 0, 0, 1, 0, 0, 0, 2, '2011-12-16 08:35:58'),
	(18, 18, 21, 'Reports', 0, 1, 0, 0, 0, 1, 0, 0, 0, 2, '2011-12-16 08:35:58'),
	(19, 19, 21, 'Document No', 0, 1, 0, 0, 0, 1, 0, 0, 0, 2, '2011-12-16 08:35:58'),
	(20, 20, 21, 'Dividen', 0, 1, 0, 0, 0, 1, 0, 0, 0, 2, '2011-12-16 08:35:58'),
	(21, 21, 21, 'Report', 0, 1, 0, 0, 0, 1, 0, 0, 0, 2, '2011-12-16 08:35:58'),
	(22, 22, 21, 'Document No', 0, 1, 0, 0, 0, 1, 0, 0, 0, 2, '2011-12-16 08:35:58'),
	(23, 23, 21, 'Bank ', 0, 1, 0, 0, 0, 1, 0, 0, 0, 2, '2011-12-16 08:35:58'),
	(24, 24, 21, 'Document No', 0, 1, 0, 0, 0, 1, 0, 0, 0, 2, '2011-12-16 08:35:58'),
	(25, 25, 21, 'Fix Asset', 0, 1, 0, 0, 0, 1, 0, 0, 0, 2, '2011-12-16 08:35:58'),
	(26, 26, 21, 'Disposal', 0, 1, 0, 0, 0, 1, 0, 0, 0, 2, '2011-12-16 08:35:58'),
	(27, 27, 21, 'Depreciation', 0, 1, 0, 0, 0, 1, 0, 0, 0, 2, '2011-12-16 08:35:58'),
	(28, 28, 21, 'Write Off', 0, 1, 0, 0, 0, 1, 0, 0, 0, 2, '2011-12-16 08:35:58'),
	(29, 29, 21, 'Adjustment', 0, 1, 0, 0, 0, 1, 0, 0, 0, 2, '2011-12-16 08:35:58'),
	(30, 30, 21, 'Report', 0, 1, 0, 0, 0, 1, 0, 0, 0, 2, '2011-12-16 08:35:58'),
	(31, 31, 21, 'Setting', 0, 1, 0, 0, 0, 1, 0, 0, 0, 2, '2011-12-16 08:35:58'),
	(32, 32, 21, 'Public', 0, 1, 0, 0, 0, 1, 0, 0, 0, 2, '2011-12-16 08:35:58'),
	(33, 33, 21, 'Group', 0, 1, 0, 0, 0, 1, 0, 0, 0, 2, '2011-12-16 08:35:58'),
	(34, 34, 21, 'Private', 0, 1, 0, 0, 0, 1, 0, 0, 0, 2, '2011-12-16 08:35:58'),
	(35, 35, 21, 'Document No', 0, 1, 0, 0, 0, 1, 0, 0, 0, 2, '2011-12-16 08:35:58'),
	(36, 36, 21, 'Designation', 0, 1, 0, 0, 0, 1, 0, 0, 0, 2, '2011-12-16 08:35:58'),
	(37, 37, 21, 'Category', 0, 1, 0, 0, 0, 1, 0, 0, 0, 2, '2011-12-16 08:35:58'),
	(38, 38, 21, 'Management', 0, 1, 0, 0, 0, 1, 0, 0, 0, 2, '2011-12-16 08:35:58'),
	(39, 39, 21, 'Parameter', 0, 1, 0, 0, 0, 1, 0, 0, 0, 2, '2011-12-16 08:35:58'),
	(40, 40, 21, 'Report', 0, 1, 0, 0, 0, 1, 0, 0, 0, 2, '2011-12-16 08:35:58'),
	(41, 41, 21, 'Setting', 0, 1, 0, 0, 0, 1, 0, 0, 0, 2, '2011-12-16 08:35:58'),
	(42, 42, 21, 'Leave Management Module', 0, 1, 0, 0, 0, 1, 0, 0, 0, 2, '2011-12-16 08:35:58'),
	(43, 43, 21, 'Recruitment Management', 0, 1, 0, 0, 0, 1, 0, 0, 0, 2, '2011-12-16 08:35:58'),
	(44, 44, 21, 'Key Performance Index', 0, 1, 0, 0, 0, 1, 0, 0, 0, 2, '2011-12-16 08:35:58'),
	(45, 45, 21, 'Report', 0, 1, 0, 0, 0, 1, 0, 0, 0, 2, '2011-12-16 08:35:58'),
	(46, 46, 21, 'Custom Report', 0, 1, 0, 0, 0, 1, 0, 0, 0, 2, '2011-12-16 08:35:58'),
	(47, 47, 21, 'Financial Report', 0, 1, 0, 0, 0, 1, 0, 0, 0, 2, '2011-12-16 08:35:58'),
	(48, 48, 21, 'Report', 0, 1, 0, 0, 0, 1, 0, 0, 0, 2, '2011-12-16 08:35:58'),
	(49, 49, 21, 'reserve', 0, 1, 0, 0, 0, 1, 0, 0, 0, 2, '2011-12-16 08:35:58'),
	(50, 50, 21, 'Custom Report', 0, 1, 0, 0, 0, 1, 0, 0, 0, 2, '2011-12-16 08:35:58'),
	(51, 51, 21, 'Custom Report', 0, 1, 0, 0, 0, 1, 0, 0, 0, 2, '2011-12-16 08:35:58'),
	(52, 52, 21, 'Custom Report', 0, 1, 0, 0, 0, 1, 0, 0, 0, 2, '2011-12-16 08:35:58'),
	(53, 53, 21, 'Report', 0, 1, 0, 0, 0, 1, 0, 0, 0, 2, '2011-12-16 08:35:58'),
	(54, 54, 21, 'Custom Report', 0, 1, 0, 0, 0, 1, 0, 0, 0, 2, '2011-12-16 08:35:58'),
	(55, 55, 21, 'Custom Report', 0, 1, 0, 0, 0, 1, 0, 0, 0, 2, '2011-12-16 08:35:58'),
	(56, 56, 21, 'Custom Report', 0, 1, 0, 0, 0, 1, 0, 0, 0, 2, '2011-12-16 08:35:58'),
	(57, 57, 21, 'Document Numbering', 0, 1, 0, 0, 0, 1, 0, 0, 0, 2, '2011-12-16 08:35:58'),
	(58, 58, 21, 'Invoice', 0, 1, 0, 0, 0, 1, 0, 0, 0, 2, '2011-12-16 08:35:58'),
	(59, 59, 21, 'Voucher', 0, 1, 0, 0, 0, 1, 0, 0, 0, 2, '2011-12-16 08:35:58'),
	(60, 60, 21, 'Setting', 0, 1, 0, 0, 0, 1, 0, 0, 0, 2, '2011-12-16 08:35:58'),
	(61, 61, 21, 'Reverse  Payment', 0, 1, 0, 0, 0, 1, 0, 0, 0, 2, '2011-12-16 08:35:58'),
	(62, 62, 21, 'Refund Payment', 0, 1, 0, 0, 0, 1, 0, 0, 0, 2, '2011-12-16 08:35:58'),
	(63, 63, 21, 'Report', 0, 1, 0, 0, 0, 1, 0, 0, 0, 2, '2011-12-16 08:35:58'),
	(64, 64, 21, 'Custom Report', 0, 1, 0, 0, 0, 1, 0, 0, 0, 2, '2011-12-16 08:35:58'),
	(65, 65, 21, 'Report', 0, 1, 0, 0, 0, 1, 0, 0, 0, 2, '2011-12-16 08:35:58'),
	(66, 66, 21, 'Custom Report', 0, 1, 0, 0, 0, 1, 0, 0, 0, 2, '2011-12-16 08:35:58'),
	(67, 67, 21, 'Common', 0, 1, 0, 0, 0, 1, 0, 0, 0, 2, '2011-12-16 08:35:58'),
	(68, 68, 21, 'Custom Report', 0, 1, 0, 0, 0, 1, 0, 0, 0, 2, '2011-12-16 08:35:58'),
	(69, 69, 21, 'Membership', 0, 1, 0, 0, 0, 1, 0, 0, 0, 2, '2011-12-16 08:35:58'),
	(70, 70, 21, 'Personal Information Management', 0, 1, 0, 0, 0, 1, 0, 0, 0, 2, '2011-12-16 08:35:58'),
	(71, 71, 21, 'Customers And Orders', 0, 1, 0, 0, 0, 1, 0, 0, 0, 2, '2011-12-16 08:35:58'),
	(72, 72, 21, 'reserve', 0, 1, 0, 0, 0, 1, 0, 0, 0, 2, '2011-12-16 08:35:58'),
	(73, 73, 21, 'Receive Payment', 0, 1, 0, 0, 0, 1, 0, 0, 0, 2, '2011-12-16 08:35:58'),
	(74, 74, 21, 'Custom Report', 0, 1, 0, 0, 0, 1, 0, 0, 0, 2, '2011-12-16 08:35:58'),
	(75, 75, 21, 'Chart Of Account', 0, 1, 0, 0, 0, 1, 0, 0, 0, 2, '2011-12-16 08:35:58'),
	(76, 76, 21, 'Reserve', 0, 1, 0, 0, 0, 1, 0, 0, 0, 2, '2011-12-16 08:35:58'),
	(77, 77, 21, 'Sales', 0, 1, 0, 0, 0, 1, 0, 0, 0, 2, '2011-12-16 08:35:58'),
	(78, 78, 21, 'Financial', 0, 1, 0, 0, 0, 1, 0, 0, 0, 2, '2011-12-16 08:35:58'),
	(79, 79, 21, 'Adjustment', 0, 1, 0, 0, 0, 1, 0, 0, 0, 2, '2011-12-16 08:35:58'),
	(80, 80, 21, 'Setting', 0, 1, 0, 0, 0, 1, 0, 0, 0, 2, '2011-12-16 08:35:58'),
	(81, 81, 21, 'Late Interest', 0, 1, 0, 0, 0, 1, 0, 0, 0, 2, '2011-12-16 08:35:58'),
	(82, 82, 21, 'Document No', 0, 1, 0, 0, 0, 1, 0, 0, 0, 2, '2011-12-16 08:35:58'),
	(83, 83, 21, 'Business Partner', 0, 1, 0, 0, 0, 1, 0, 0, 0, 2, '2011-12-16 08:35:58'),
	(84, 84, 21, 'Report', 0, 1, 0, 0, 0, 1, 0, 0, 0, 2, '2011-12-16 08:35:58'),
	(85, 85, 21, 'Custom Report', 0, 1, 0, 0, 0, 1, 0, 0, 0, 2, '2011-12-16 08:35:58'),
	(86, 86, 21, 'Setting', 0, 1, 0, 0, 0, 1, 0, 0, 0, 2, '2011-12-16 08:35:58'),
	(87, 87, 21, 'Setting', 0, 1, 0, 0, 0, 1, 0, 0, 0, 2, '2011-12-16 08:35:58'),
	(88, 88, 21, 'Setting', 0, 1, 0, 0, 0, 1, 0, 0, 0, 2, '2011-12-16 08:35:58'),
	(89, 89, 21, 'Setting', 0, 1, 0, 0, 0, 1, 0, 0, 0, 2, '2011-12-16 08:35:58'),
	(90, 90, 21, 'Setting', 0, 1, 0, 0, 0, 1, 0, 0, 0, 2, '2011-12-16 08:35:58'),
	(91, 91, 21, 'Setting', 0, 1, 0, 0, 0, 1, 0, 0, 0, 2, '2011-12-16 08:35:58');
/*!40000 ALTER TABLE `foldertranslate` ENABLE KEYS */;


# Dumping structure for table icore.icon
DROP TABLE IF EXISTS `icon`;
CREATE TABLE IF NOT EXISTS `icon` (
  `iconId` int(11) NOT NULL AUTO_INCREMENT COMMENT 'Icon|',
  `iconName` varchar(64) COLLATE utf8_unicode_ci NOT NULL COMMENT 'Name|',
  `iconSize` int(11) NOT NULL,
  `isDefault` tinyint(4) NOT NULL COMMENT 'default|',
  `isActive` int(11) NOT NULL DEFAULT '1',
  PRIMARY KEY (`iconId`)
) ENGINE=InnoDB AUTO_INCREMENT=1512 DEFAULT CHARSET=utf8 COLLATE=utf8_unicode_ci;

# Dumping data for table icore.icon: ~864 rows (approximately)
/*!40000 ALTER TABLE `icon` DISABLE KEYS */;
INSERT INTO `icon` (`iconId`, `iconName`, `iconSize`, `isDefault`, `isActive`) VALUES
	(29, 'accept', 16, 2, 1),
	(31, 'acroread', 16, 2, 1),
	(32, 'add', 16, 2, 1),
	(33, 'ai', 16, 2, 1),
	(34, 'aktion', 16, 2, 1),
	(35, 'anchor', 16, 2, 1),
	(36, 'application', 16, 2, 1),
	(37, 'application_add', 16, 2, 1),
	(38, 'application_cascade', 16, 2, 1),
	(39, 'application_delete', 16, 2, 1),
	(40, 'application_double', 16, 2, 1),
	(41, 'application_edit', 16, 2, 1),
	(42, 'application_error', 16, 2, 1),
	(43, 'application_form', 16, 2, 1),
	(44, 'application_form_add', 16, 2, 1),
	(45, 'application_form_delete', 16, 2, 1),
	(46, 'application_form_edit', 16, 2, 1),
	(47, 'application_form_magnify', 16, 2, 1),
	(48, 'application_get', 16, 2, 1),
	(49, 'application_go', 16, 2, 1),
	(50, 'application_home', 16, 2, 1),
	(51, 'application_key', 16, 2, 1),
	(52, 'application_lightning', 16, 2, 1),
	(53, 'application_link', 16, 2, 1),
	(54, 'application_osx', 16, 2, 1),
	(55, 'application_osx_terminal', 16, 2, 1),
	(56, 'application_put', 16, 2, 1),
	(57, 'application_side_boxes', 16, 2, 1),
	(58, 'application_side_contract', 16, 2, 1),
	(59, 'application_side_expand', 16, 2, 1),
	(60, 'application_side_list', 16, 2, 1),
	(61, 'application_side_tree', 16, 2, 1),
	(62, 'application_split', 16, 2, 1),
	(63, 'application_tile_horizontal', 16, 2, 1),
	(64, 'application_tile_vertical', 16, 2, 1),
	(65, 'application_view_columns', 16, 2, 1),
	(66, 'application_view_detail', 16, 2, 1),
	(67, 'application_view_gallery', 16, 2, 1),
	(68, 'application_view_icons', 16, 2, 1),
	(69, 'application_view_list', 16, 2, 1),
	(70, 'application_view_tile', 16, 2, 1),
	(71, 'application_xp', 16, 2, 1),
	(72, 'application_xp_terminal', 16, 2, 1),
	(73, 'ark', 16, 2, 1),
	(74, 'arrow_branch', 16, 2, 1),
	(75, 'arrow_divide', 16, 2, 1),
	(76, 'arrow_down', 16, 2, 1),
	(77, 'arrow_in', 16, 2, 1),
	(78, 'arrow_inout', 16, 2, 1),
	(79, 'arrow_join', 16, 2, 1),
	(80, 'arrow_left', 16, 2, 1),
	(81, 'arrow_merge', 16, 2, 1),
	(82, 'arrow_out', 16, 2, 1),
	(83, 'arrow_redo', 16, 2, 1),
	(84, 'arrow_refresh', 16, 2, 1),
	(85, 'arrow_refresh_small', 16, 2, 1),
	(86, 'arrow_right', 16, 2, 1),
	(87, 'arrow_rotate_anticlockwise', 16, 2, 1),
	(88, 'arrow_rotate_clockwise', 16, 2, 1),
	(89, 'arrow_switch', 16, 2, 1),
	(90, 'arrow_turn_left', 16, 2, 1),
	(91, 'arrow_turn_right', 16, 2, 1),
	(92, 'arrow_undo', 16, 2, 1),
	(93, 'arrow_up', 16, 2, 1),
	(94, 'arts', 16, 2, 1),
	(95, 'ascend', 16, 2, 1),
	(96, 'asterisk_orange', 16, 2, 1),
	(97, 'asterisk_yellow', 16, 2, 1),
	(98, 'attach', 16, 2, 1),
	(100, 'award_star_add', 16, 2, 1),
	(101, 'award_star_bronze_1', 16, 2, 1),
	(102, 'award_star_bronze_2', 16, 2, 1),
	(103, 'award_star_bronze_3', 16, 2, 1),
	(104, 'award_star_delete', 16, 2, 1),
	(105, 'award_star_gold_1', 16, 2, 1),
	(106, 'award_star_gold_2', 16, 2, 1),
	(107, 'award_star_gold_3', 16, 2, 1),
	(108, 'award_star_silver_1', 16, 2, 1),
	(109, 'award_star_silver_2', 16, 2, 1),
	(110, 'award_star_silver_3', 16, 2, 1),
	(111, 'basket', 16, 2, 1),
	(112, 'basket_add', 16, 2, 1),
	(113, 'basket_delete', 16, 2, 1),
	(114, 'basket_edit', 16, 2, 1),
	(115, 'basket_error', 16, 2, 1),
	(116, 'basket_go', 16, 2, 1),
	(117, 'basket_put', 16, 2, 1),
	(118, 'basket_remove', 16, 2, 1),
	(119, 'bell', 16, 2, 1),
	(120, 'bell_add', 16, 2, 1),
	(121, 'bell_delete', 16, 2, 1),
	(122, 'bell_error', 16, 2, 1),
	(123, 'bell_go', 16, 2, 1),
	(124, 'bell_link', 16, 2, 1),
	(125, 'bin', 16, 2, 1),
	(126, 'bin_closed', 16, 2, 1),
	(127, 'bin_empty', 16, 2, 1),
	(128, 'blue', 16, 2, 1),
	(130, 'bomb', 16, 2, 1),
	(131, 'book', 16, 2, 1),
	(133, 'book_add', 16, 2, 1),
	(134, 'book_addresses', 16, 2, 1),
	(135, 'book_delete', 16, 2, 1),
	(136, 'book_edit', 16, 2, 1),
	(137, 'book_error', 16, 2, 1),
	(138, 'book_go', 16, 2, 1),
	(139, 'book_key', 16, 2, 1),
	(140, 'book_link', 16, 2, 1),
	(141, 'book_next', 16, 2, 1),
	(142, 'book_open', 16, 2, 1),
	(143, 'book_previous', 16, 2, 1),
	(144, 'box', 16, 2, 1),
	(145, 'brick', 16, 2, 1),
	(146, 'bricks', 16, 2, 1),
	(147, 'brick_add', 16, 2, 1),
	(148, 'brick_delete', 16, 2, 1),
	(149, 'brick_edit', 16, 2, 1),
	(150, 'brick_error', 16, 2, 1),
	(151, 'brick_go', 16, 2, 1),
	(152, 'brick_link', 16, 2, 1),
	(153, 'briefcase', 16, 2, 1),
	(154, 'browser', 16, 2, 1),
	(155, 'bug', 16, 2, 1),
	(156, 'bug_add', 16, 2, 1),
	(157, 'bug_delete', 16, 2, 1),
	(158, 'bug_edit', 16, 2, 1),
	(159, 'bug_error', 16, 2, 1),
	(160, 'bug_go', 16, 2, 1),
	(161, 'bug_link', 16, 2, 1),
	(162, 'building', 16, 2, 1),
	(163, 'building_add', 16, 2, 1),
	(164, 'building_delete', 16, 2, 1),
	(165, 'building_edit', 16, 2, 1),
	(166, 'building_error', 16, 2, 1),
	(167, 'building_go', 16, 2, 1),
	(168, 'building_key', 16, 2, 1),
	(169, 'building_link', 16, 2, 1),
	(170, 'bullet_add', 16, 2, 1),
	(171, 'bullet_arrow_bottom', 16, 2, 1),
	(172, 'bullet_arrow_down', 16, 2, 1),
	(173, 'bullet_arrow_top', 16, 2, 1),
	(174, 'bullet_arrow_up', 16, 2, 1),
	(175, 'bullet_black', 16, 2, 1),
	(176, 'bullet_blue', 16, 2, 1),
	(177, 'bullet_delete', 16, 2, 1),
	(178, 'bullet_disk', 16, 2, 1),
	(179, 'bullet_error', 16, 2, 1),
	(180, 'bullet_feed', 16, 2, 1),
	(181, 'bullet_go', 16, 2, 1),
	(182, 'bullet_green', 16, 2, 1),
	(183, 'bullet_key', 16, 2, 1),
	(184, 'bullet_orange', 16, 2, 1),
	(185, 'bullet_picture', 16, 2, 1),
	(186, 'bullet_pink', 16, 2, 1),
	(187, 'bullet_purple', 16, 2, 1),
	(188, 'bullet_red', 16, 2, 1),
	(189, 'bullet_star', 16, 2, 1),
	(190, 'bullet_toggle_minus', 16, 2, 1),
	(191, 'bullet_toggle_plus', 16, 2, 1),
	(192, 'bullet_white', 16, 2, 1),
	(193, 'bullet_wrench', 16, 2, 1),
	(194, 'bullet_yellow', 16, 2, 1),
	(197, 'cake', 16, 2, 1),
	(198, 'calculator', 16, 2, 1),
	(199, 'calculator_add', 16, 2, 1),
	(200, 'calculator_delete', 16, 2, 1),
	(201, 'calculator_edit', 16, 2, 1),
	(202, 'calculator_error', 16, 2, 1),
	(203, 'calculator_link', 16, 2, 1),
	(204, 'calendar', 16, 2, 1),
	(205, 'calendar_add', 16, 2, 1),
	(206, 'calendar_delete', 16, 2, 1),
	(207, 'calendar_edit', 16, 2, 1),
	(208, 'calendar_link', 16, 2, 1),
	(209, 'calendar_view_day', 16, 2, 1),
	(210, 'calendar_view_month', 16, 2, 1),
	(211, 'calendar_view_week', 16, 2, 1),
	(212, 'camera', 16, 2, 1),
	(213, 'camera_add', 16, 2, 1),
	(214, 'camera_delete', 16, 2, 1),
	(215, 'camera_edit', 16, 2, 1),
	(216, 'camera_error', 16, 2, 1),
	(217, 'camera_go', 16, 2, 1),
	(218, 'camera_link', 16, 2, 1),
	(219, 'camera_small', 16, 2, 1),
	(220, 'cancel', 16, 2, 1),
	(221, 'car', 16, 2, 1),
	(222, 'cart', 16, 2, 1),
	(223, 'cart_add', 16, 2, 1),
	(224, 'cart_delete', 16, 2, 1),
	(225, 'cart_edit', 16, 2, 1),
	(226, 'cart_error', 16, 2, 1),
	(227, 'cart_go', 16, 2, 1),
	(228, 'cart_put', 16, 2, 1),
	(229, 'cart_remove', 16, 2, 1),
	(230, 'car_add', 16, 2, 1),
	(231, 'car_delete', 16, 2, 1),
	(232, 'CC99FF', 16, 2, 1),
	(233, 'CCFFCC', 16, 2, 1),
	(234, 'ccffff', 16, 2, 1),
	(235, 'cd', 16, 2, 1),
	(236, 'cd_add', 16, 2, 1),
	(237, 'cd_burn', 16, 2, 1),
	(238, 'cd_delete', 16, 2, 1),
	(239, 'cd_edit', 16, 2, 1),
	(240, 'cd_eject', 16, 2, 1),
	(241, 'cd_go', 16, 2, 1),
	(242, 'chart_bar', 16, 2, 1),
	(243, 'chart_bar_add', 16, 2, 1),
	(244, 'chart_bar_delete', 16, 2, 1),
	(245, 'chart_bar_edit', 16, 2, 1),
	(246, 'chart_bar_error', 16, 2, 1),
	(247, 'chart_bar_link', 16, 2, 1),
	(248, 'chart_curve', 16, 2, 1),
	(249, 'chart_curve_add', 16, 2, 1),
	(250, 'chart_curve_delete', 16, 2, 1),
	(251, 'chart_curve_edit', 16, 2, 1),
	(252, 'chart_curve_error', 16, 2, 1),
	(253, 'chart_curve_go', 16, 2, 1),
	(254, 'chart_curve_link', 16, 2, 1),
	(255, 'chart_line', 16, 2, 1),
	(256, 'chart_line_add', 16, 2, 1),
	(257, 'chart_line_delete', 16, 2, 1),
	(258, 'chart_line_edit', 16, 2, 1),
	(259, 'chart_line_error', 16, 2, 1),
	(260, 'chart_line_link', 16, 2, 1),
	(261, 'chart_organisation', 16, 2, 1),
	(262, 'chart_organisation_add', 16, 2, 1),
	(263, 'chart_organisation_delete', 16, 2, 1),
	(264, 'chart_pie', 16, 2, 1),
	(265, 'chart_pie_add', 16, 2, 1),
	(266, 'chart_pie_delete', 16, 2, 1),
	(267, 'chart_pie_edit', 16, 2, 1),
	(268, 'chart_pie_error', 16, 2, 1),
	(269, 'chart_pie_link', 16, 2, 1),
	(270, 'clock', 16, 2, 1),
	(271, 'clock_add', 16, 2, 1),
	(272, 'clock_delete', 16, 2, 1),
	(273, 'clock_edit', 16, 2, 1),
	(274, 'clock_error', 16, 2, 1),
	(275, 'clock_go', 16, 2, 1),
	(276, 'clock_link', 16, 2, 1),
	(277, 'clock_pause', 16, 2, 1),
	(278, 'clock_play', 16, 2, 1),
	(279, 'clock_red', 16, 2, 1),
	(280, 'clock_stop', 16, 2, 1),
	(281, 'cog', 16, 2, 1),
	(282, 'cog_add', 16, 2, 1),
	(283, 'cog_delete', 16, 2, 1),
	(284, 'cog_edit', 16, 2, 1),
	(285, 'cog_error', 16, 2, 1),
	(286, 'cog_go', 16, 2, 1),
	(287, 'coins', 16, 2, 1),
	(288, 'coins_add', 16, 2, 1),
	(289, 'coins_delete', 16, 2, 1),
	(290, 'colors', 16, 2, 1),
	(291, 'color_swatch', 16, 2, 1),
	(292, 'color_wheel', 16, 2, 1),
	(293, 'comment', 16, 2, 1),
	(294, 'comments', 16, 2, 1),
	(295, 'comments_add', 16, 2, 1),
	(296, 'comments_delete', 16, 2, 1),
	(297, 'comment_add', 16, 2, 1),
	(298, 'comment_delete', 16, 2, 1),
	(299, 'comment_edit', 16, 2, 1),
	(300, 'compress', 16, 2, 1),
	(301, 'computer', 16, 2, 1),
	(302, 'computer_add', 16, 2, 1),
	(303, 'computer_delete', 16, 2, 1),
	(304, 'computer_edit', 16, 2, 1),
	(305, 'computer_error', 16, 2, 1),
	(306, 'computer_go', 16, 2, 1),
	(307, 'computer_key', 16, 2, 1),
	(308, 'computer_link', 16, 2, 1),
	(309, 'connect', 16, 2, 1),
	(310, 'contrast', 16, 2, 1),
	(311, 'contrast_decrease', 16, 2, 1),
	(312, 'contrast_high', 16, 2, 1),
	(313, 'contrast_increase', 16, 2, 1),
	(314, 'contrast_low', 16, 2, 1),
	(315, 'controller', 16, 2, 1),
	(316, 'controller_add', 16, 2, 1),
	(317, 'controller_delete', 16, 2, 1),
	(318, 'controller_error', 16, 2, 1),
	(319, 'control_eject', 16, 2, 1),
	(320, 'control_eject_blue', 16, 2, 1),
	(321, 'control_end', 16, 2, 1),
	(322, 'control_end_blue', 16, 2, 1),
	(323, 'control_equalizer', 16, 2, 1),
	(324, 'control_equalizer_blue', 16, 2, 1),
	(325, 'control_fastforward', 16, 2, 1),
	(326, 'control_fastforward_blue', 16, 2, 1),
	(327, 'control_pause', 16, 2, 1),
	(328, 'control_pause_blue', 16, 2, 1),
	(329, 'control_play', 16, 2, 1),
	(330, 'control_play_blue', 16, 2, 1),
	(331, 'control_repeat', 16, 2, 1),
	(332, 'control_repeat_blue', 16, 2, 1),
	(333, 'control_rewind', 16, 2, 1),
	(334, 'control_rewind_blue', 16, 2, 1),
	(335, 'control_start', 16, 2, 1),
	(336, 'control_start_blue', 16, 2, 1),
	(337, 'control_stop', 16, 2, 1),
	(338, 'control_stop_blue', 16, 2, 1),
	(339, 'cookie', 16, 2, 1),
	(341, 'creditcards', 16, 2, 1),
	(342, 'cross', 16, 2, 1),
	(344, 'css', 16, 2, 1),
	(345, 'css_add', 16, 2, 1),
	(346, 'css_delete', 16, 2, 1),
	(347, 'css_go', 16, 2, 1),
	(348, 'css_valid', 16, 2, 1),
	(350, 'cup', 16, 2, 1),
	(351, 'cup_add', 16, 2, 1),
	(352, 'cup_delete', 16, 2, 1),
	(353, 'cup_edit', 16, 2, 1),
	(354, 'cup_error', 16, 2, 1),
	(355, 'cup_go', 16, 2, 1),
	(356, 'cup_key', 16, 2, 1),
	(357, 'cup_link', 16, 2, 1),
	(358, 'cursor', 16, 2, 1),
	(359, 'cut', 16, 2, 1),
	(360, 'cut_red', 16, 2, 1),
	(361, 'database', 16, 2, 1),
	(362, 'database_add', 16, 2, 1),
	(363, 'database_connect', 16, 2, 1),
	(364, 'database_delete', 16, 2, 1),
	(365, 'database_edit', 16, 2, 1),
	(366, 'database_error', 16, 2, 1),
	(367, 'database_gear', 16, 2, 1),
	(368, 'database_go', 16, 2, 1),
	(369, 'database_key', 16, 2, 1),
	(370, 'database_lightning', 16, 2, 1),
	(371, 'database_link', 16, 2, 1),
	(372, 'database_refresh', 16, 2, 1),
	(373, 'database_save', 16, 2, 1),
	(374, 'database_table', 16, 2, 1),
	(375, 'date', 16, 2, 1),
	(376, 'date_add', 16, 2, 1),
	(377, 'date_delete', 16, 2, 1),
	(378, 'date_edit', 16, 2, 1),
	(379, 'date_error', 16, 2, 1),
	(380, 'date_go', 16, 2, 1),
	(381, 'date_link', 16, 2, 1),
	(382, 'date_magnify', 16, 2, 1),
	(383, 'date_next', 16, 2, 1),
	(384, 'date_previous', 16, 2, 1),
	(385, 'delete', 16, 2, 1),
	(386, 'descend', 16, 2, 1),
	(387, 'disconnect', 16, 2, 1),
	(389, 'disk_multiple', 16, 2, 1),
	(390, 'disc', 16, 2, 1),
	(391, 'document', 16, 2, 1),
	(392, 'door', 16, 2, 1),
	(393, 'door_in', 16, 2, 1),
	(394, 'door_open', 16, 2, 1),
	(395, 'door_out', 16, 2, 1),
	(396, 'drink', 16, 2, 1),
	(397, 'drink_empty', 16, 2, 1),
	(398, 'drive', 16, 2, 1),
	(399, 'drive_add', 16, 2, 1),
	(400, 'drive_burn', 16, 2, 1),
	(401, 'drive_cd', 16, 2, 1),
	(402, 'drive_cd_empty', 16, 2, 1),
	(403, 'drive_delete', 16, 2, 1),
	(404, 'drive_disk', 16, 2, 1),
	(405, 'drive_edit', 16, 2, 1),
	(406, 'drive_error', 16, 2, 1),
	(407, 'drive_go', 16, 2, 1),
	(408, 'drive_key', 16, 2, 1),
	(409, 'drive_link', 16, 2, 1),
	(410, 'drive_magnify', 16, 2, 1),
	(411, 'drive_network', 16, 2, 1),
	(412, 'drive_rename', 16, 2, 1),
	(413, 'drive_user', 16, 2, 1),
	(414, 'drive_web', 16, 2, 1),
	(415, 'dvd', 16, 2, 1),
	(416, 'dvd_add', 16, 2, 1),
	(417, 'dvd_delete', 16, 2, 1),
	(418, 'dvd_edit', 16, 2, 1),
	(419, 'dvd_error', 16, 2, 1),
	(420, 'dvd_go', 16, 2, 1),
	(421, 'dvd_key', 16, 2, 1),
	(422, 'dvd_link', 16, 2, 1),
	(423, 'email', 16, 2, 1),
	(424, 'email_add', 16, 2, 1),
	(425, 'email_attach', 16, 2, 1),
	(426, 'email_delete', 16, 2, 1),
	(427, 'email_edit', 16, 2, 1),
	(428, 'email_error', 16, 2, 1),
	(429, 'email_go', 16, 2, 1),
	(430, 'email_link', 16, 2, 1),
	(431, 'email_open', 16, 2, 1),
	(432, 'email_open_image', 16, 2, 1),
	(433, 'emoticon_evilgrin', 16, 2, 1),
	(434, 'emoticon_grin', 16, 2, 1),
	(435, 'emoticon_happy', 16, 2, 1),
	(436, 'emoticon_smile', 16, 2, 1),
	(437, 'emoticon_surprised', 16, 2, 1),
	(438, 'emoticon_tongue', 16, 2, 1),
	(439, 'emoticon_unhappy', 16, 2, 1),
	(440, 'emoticon_waii', 16, 2, 1),
	(441, 'emoticon_wink', 16, 2, 1),
	(442, 'error', 16, 2, 1),
	(443, 'error_add', 16, 2, 1),
	(444, 'error_delete', 16, 2, 1),
	(445, 'error_go', 16, 2, 1),
	(447, 'exclamation', 16, 2, 1),
	(449, 'exec', 16, 2, 1),
	(450, 'eye', 16, 2, 1),
	(451, 'feed', 16, 2, 1),
	(452, 'feed_add', 16, 2, 1),
	(453, 'feed_delete', 16, 2, 1),
	(454, 'feed_disk', 16, 2, 1),
	(455, 'feed_edit', 16, 2, 1),
	(456, 'feed_error', 16, 2, 1),
	(457, 'feed_go', 16, 2, 1),
	(458, 'feed_key', 16, 2, 1),
	(459, 'feed_link', 16, 2, 1),
	(460, 'feed_magnify', 16, 2, 1),
	(461, 'female', 16, 2, 1),
	(472, 'film', 16, 2, 1),
	(473, 'film_add', 16, 2, 1),
	(474, 'film_delete', 16, 2, 1),
	(475, 'film_edit', 16, 2, 1),
	(476, 'film_error', 16, 2, 1),
	(477, 'film_go', 16, 2, 1),
	(478, 'film_key', 16, 2, 1),
	(479, 'film_link', 16, 2, 1),
	(480, 'film_save', 16, 2, 1),
	(481, 'find', 16, 2, 1),
	(483, 'flags', 16, 2, 1),
	(484, 'flag_blue', 16, 2, 1),
	(485, 'flag_green', 16, 2, 1),
	(486, 'flag_orange', 16, 2, 1),
	(487, 'flag_pink', 16, 2, 1),
	(488, 'flag_purple', 16, 2, 1),
	(489, 'flag_red', 16, 2, 1),
	(490, 'flag_yellow', 16, 2, 1),
	(491, 'folder', 16, 2, 1),
	(492, 'folder_add', 16, 2, 1),
	(493, 'folder_bell', 16, 2, 1),
	(494, 'folder_brick', 16, 2, 1),
	(495, 'folder_bug', 16, 2, 1),
	(496, 'folder_camera', 16, 2, 1),
	(497, 'folder_database', 16, 2, 1),
	(498, 'folder_delete', 16, 2, 1),
	(499, 'folder_edit', 16, 2, 1),
	(500, 'folder_error', 16, 2, 1),
	(501, 'folder_explore', 16, 2, 1),
	(502, 'folder_feed', 16, 2, 1),
	(503, 'folder_find', 16, 2, 1),
	(504, 'folder_go', 16, 2, 1),
	(505, 'folder_grey', 16, 2, 1),
	(506, 'folder_heart', 16, 2, 1),
	(507, 'folder_image', 16, 2, 1),
	(508, 'folder_key', 16, 2, 1),
	(509, 'folder_lightbulb', 16, 2, 1),
	(510, 'folder_link', 16, 2, 1),
	(511, 'folder_magnify', 16, 2, 1),
	(512, 'folder_page', 16, 2, 1),
	(513, 'folder_page_white', 16, 2, 1),
	(514, 'folder_palette', 16, 2, 1),
	(515, 'folder_picture', 16, 2, 1),
	(516, 'folder_star', 16, 2, 1),
	(517, 'folder_table', 16, 2, 1),
	(518, 'folder_user', 16, 2, 1),
	(519, 'folder_wrench', 16, 2, 1),
	(520, 'font', 16, 2, 1),
	(521, 'fonts', 16, 2, 1),
	(522, 'font_add', 16, 2, 1),
	(523, 'font_delete', 16, 2, 1),
	(524, 'font_go', 16, 2, 1),
	(526, 'gimp', 16, 2, 1),
	(527, 'group', 16, 2, 1),
	(528, 'group_add', 16, 2, 1),
	(529, 'group_delete', 16, 2, 1),
	(530, 'group_edit', 16, 2, 1),
	(531, 'group_error', 16, 2, 1),
	(532, 'group_gear', 16, 2, 1),
	(533, 'group_go', 16, 2, 1),
	(534, 'group_key', 16, 2, 1),
	(535, 'group_link', 16, 2, 1),
	(536, 'heart', 16, 2, 1),
	(537, 'heart_add', 16, 2, 1),
	(538, 'heart_delete', 16, 2, 1),
	(539, 'help', 16, 2, 1),
	(541, 'hourglass', 16, 2, 1),
	(542, 'hourglass_add', 16, 2, 1),
	(543, 'hourglass_delete', 16, 2, 1),
	(544, 'hourglass_go', 16, 2, 1),
	(545, 'hourglass_link', 16, 2, 1),
	(546, 'house', 16, 2, 1),
	(547, 'house_go', 16, 2, 1),
	(548, 'house_link', 16, 2, 1),
	(549, 'html', 16, 2, 1),
	(550, 'html_add', 16, 2, 1),
	(551, 'html_delete', 16, 2, 1),
	(552, 'html_go', 16, 2, 1),
	(553, 'html_valid', 16, 2, 1),
	(556, 'image', 16, 2, 1),
	(557, 'images', 16, 2, 1),
	(558, 'image_add', 16, 2, 1),
	(559, 'image_delete', 16, 2, 1),
	(560, 'image_edit', 16, 2, 1),
	(561, 'image_link', 16, 2, 1),
	(565, 'information', 16, 2, 1),
	(566, 'ipod', 16, 2, 1),
	(567, 'ipod_cast', 16, 2, 1),
	(568, 'ipod_cast_add', 16, 2, 1),
	(569, 'ipod_cast_delete', 16, 2, 1),
	(570, 'ipod_sound', 16, 2, 1),
	(571, 'java', 16, 2, 1),
	(572, 'java_jar', 16, 2, 1),
	(573, 'joystick', 16, 2, 1),
	(574, 'joystick_add', 16, 2, 1),
	(575, 'joystick_delete', 16, 2, 1),
	(576, 'joystick_error', 16, 2, 1),
	(578, 'key', 16, 2, 1),
	(579, 'keyboard', 16, 2, 1),
	(580, 'keyboard_add', 16, 2, 1),
	(581, 'keyboard_delete', 16, 2, 1),
	(582, 'keyboard_magnify', 16, 2, 1),
	(583, 'key_add', 16, 2, 1),
	(584, 'key_delete', 16, 2, 1),
	(585, 'key_go', 16, 2, 1),
	(586, 'kservices', 16, 2, 1),
	(587, 'layers', 16, 2, 1),
	(588, 'layout', 16, 2, 1),
	(589, 'layout_add', 16, 2, 1),
	(590, 'layout_content', 16, 2, 1),
	(591, 'layout_delete', 16, 2, 1),
	(592, 'layout_edit', 16, 2, 1),
	(593, 'layout_error', 16, 2, 1),
	(594, 'layout_header', 16, 2, 1),
	(595, 'layout_link', 16, 2, 1),
	(596, 'layout_sidebar', 16, 2, 1),
	(597, 'lightbulb', 16, 2, 1),
	(598, 'lightbulb_add', 16, 2, 1),
	(599, 'lightbulb_delete', 16, 2, 1),
	(600, 'lightbulb_off', 16, 2, 1),
	(601, 'lightning', 16, 2, 1),
	(602, 'lightning_add', 16, 2, 1),
	(603, 'lightning_delete', 16, 2, 1),
	(604, 'lightning_go', 16, 2, 1),
	(605, 'link', 16, 2, 1),
	(606, 'link_add', 16, 2, 1),
	(607, 'link_break', 16, 2, 1),
	(608, 'link_delete', 16, 2, 1),
	(609, 'link_edit', 16, 2, 1),
	(610, 'link_error', 16, 2, 1),
	(611, 'link_go', 16, 2, 1),
	(612, 'lock', 16, 2, 1),
	(613, 'lock_add', 16, 2, 1),
	(614, 'lock_break', 16, 2, 1),
	(615, 'lock_delete', 16, 2, 1),
	(616, 'lock_edit', 16, 2, 1),
	(617, 'lock_go', 16, 2, 1),
	(618, 'lock_open', 16, 2, 1),
	(619, 'lorry', 16, 2, 1),
	(620, 'lorry_add', 16, 2, 1),
	(621, 'lorry_delete', 16, 2, 1),
	(622, 'lorry_error', 16, 2, 1),
	(623, 'lorry_flatbed', 16, 2, 1),
	(624, 'lorry_go', 16, 2, 1),
	(625, 'lorry_link', 16, 2, 1),
	(626, 'magifier_zoom_out', 16, 2, 1),
	(627, 'magnifier', 16, 2, 1),
	(628, 'magnifier_zoom_in', 16, 2, 1),
	(629, 'male', 16, 2, 1),
	(630, 'map', 16, 2, 1),
	(631, 'map_add', 16, 2, 1),
	(632, 'map_delete', 16, 2, 1),
	(633, 'map_edit', 16, 2, 1),
	(634, 'map_go', 16, 2, 1),
	(635, 'map_magnify', 16, 2, 1),
	(636, 'medal_bronze_1', 16, 2, 1),
	(637, 'medal_bronze_2', 16, 2, 1),
	(638, 'medal_bronze_3', 16, 2, 1),
	(639, 'medal_bronze_add', 16, 2, 1),
	(640, 'medal_bronze_delete', 16, 2, 1),
	(641, 'medal_gold_1', 16, 2, 1),
	(642, 'medal_gold_2', 16, 2, 1),
	(643, 'medal_gold_3', 16, 2, 1),
	(644, 'medal_gold_add', 16, 2, 1),
	(645, 'medal_gold_delete', 16, 2, 1),
	(646, 'medal_silver_1', 16, 2, 1),
	(647, 'medal_silver_2', 16, 2, 1),
	(648, 'medal_silver_3', 16, 2, 1),
	(649, 'medal_silver_add', 16, 2, 1),
	(650, 'medal_silver_delete', 16, 2, 1),
	(651, 'mime', 16, 2, 1),
	(652, 'money', 16, 2, 1),
	(653, 'money_add', 16, 2, 1),
	(654, 'money_delete', 16, 2, 1),
	(655, 'money_dollar', 16, 2, 1),
	(656, 'money_euro', 16, 2, 1),
	(657, 'money_pound', 16, 2, 1),
	(658, 'money_yen', 16, 2, 1),
	(659, 'monitor', 16, 2, 1),
	(660, 'monitor_add', 16, 2, 1),
	(661, 'monitor_delete', 16, 2, 1),
	(662, 'monitor_edit', 16, 2, 1),
	(663, 'monitor_error', 16, 2, 1),
	(664, 'monitor_go', 16, 2, 1),
	(665, 'monitor_lightning', 16, 2, 1),
	(666, 'monitor_link', 16, 2, 1),
	(667, 'mouse', 16, 2, 1),
	(668, 'mouse_add', 16, 2, 1),
	(669, 'mouse_delete', 16, 2, 1),
	(670, 'mouse_error', 16, 2, 1),
	(673, 'music', 16, 2, 1),
	(674, 'new', 16, 2, 1),
	(675, 'newspaper', 16, 2, 1),
	(676, 'newspaper_add', 16, 2, 1),
	(677, 'newspaper_delete', 16, 2, 1),
	(678, 'newspaper_go', 16, 2, 1),
	(679, 'newspaper_link', 16, 2, 1),
	(680, 'note', 16, 2, 1),
	(681, 'note_add', 16, 2, 1),
	(682, 'note_delete', 16, 2, 1),
	(683, 'note_edit', 16, 2, 1),
	(684, 'note_error', 16, 2, 1),
	(685, 'note_go', 16, 2, 1),
	(686, 'ooo_gulls', 16, 2, 1),
	(687, 'openoffice', 16, 2, 1),
	(688, 'overlays', 16, 2, 1),
	(689, 'package', 16, 2, 1),
	(690, 'package_add', 16, 2, 1),
	(691, 'package_delete', 16, 2, 1),
	(692, 'package_go', 16, 2, 1),
	(693, 'package_graphics', 16, 2, 1),
	(694, 'package_green', 16, 2, 1),
	(695, 'package_link', 16, 2, 1),
	(696, 'page-first-disabled', 16, 2, 1),
	(697, 'page-first', 16, 2, 1),
	(698, 'page-last-disabled', 16, 2, 1),
	(699, 'page-last', 16, 2, 1),
	(700, 'page-next-disabled', 16, 2, 1),
	(701, 'page-next', 16, 2, 1),
	(702, 'page-prev-disabled', 16, 2, 1),
	(703, 'page-prev', 16, 2, 1),
	(704, 'page', 16, 2, 1),
	(705, 'page_add', 16, 2, 1),
	(706, 'page_attach', 16, 2, 1),
	(707, 'page_code', 16, 2, 1),
	(708, 'page_copy', 16, 2, 1),
	(709, 'page_delete', 16, 2, 1),
	(710, 'page_edit', 16, 2, 1),
	(711, 'page_error', 16, 2, 1),
	(712, 'page_excel', 16, 2, 1),
	(713, 'page_find', 16, 2, 1),
	(714, 'page_gear', 16, 2, 1),
	(715, 'page_go', 16, 2, 1),
	(716, 'page_green', 16, 2, 1),
	(717, 'page_key', 16, 2, 1),
	(718, 'page_lightning', 16, 2, 1),
	(719, 'page_link', 16, 2, 1),
	(720, 'page_paintbrush', 16, 2, 1),
	(721, 'page_paste', 16, 2, 1),
	(722, 'page_red', 16, 2, 1),
	(723, 'page_refresh', 16, 2, 1),
	(724, 'page_save', 16, 2, 1),
	(725, 'page_white', 16, 2, 1),
	(726, 'page_white_acrobat', 16, 2, 1),
	(727, 'page_white_actionscript', 16, 2, 1),
	(728, 'page_white_add', 16, 2, 1),
	(729, 'page_white_c', 16, 2, 1),
	(730, 'page_white_camera', 16, 2, 1),
	(731, 'page_white_cd', 16, 2, 1),
	(732, 'page_white_code', 16, 2, 1),
	(733, 'page_white_code_red', 16, 2, 1),
	(734, 'page_white_coldfusion', 16, 2, 1),
	(735, 'page_white_compressed', 16, 2, 1),
	(736, 'page_white_copy', 16, 2, 1),
	(737, 'page_white_cplusplus', 16, 2, 1),
	(738, 'page_white_csharp', 16, 2, 1),
	(739, 'page_white_cup', 16, 2, 1),
	(740, 'page_white_database', 16, 2, 1),
	(741, 'page_white_delete', 16, 2, 1),
	(742, 'page_white_dvd', 16, 2, 1),
	(743, 'page_white_edit', 16, 2, 1),
	(744, 'page_white_error', 16, 2, 1),
	(745, 'page_white_excel', 16, 2, 1),
	(746, 'page_white_find', 16, 2, 1),
	(747, 'page_white_flash', 16, 2, 1),
	(748, 'page_white_freehand', 16, 2, 1),
	(749, 'page_white_gear', 16, 2, 1),
	(750, 'page_white_get', 16, 2, 1),
	(751, 'page_white_go', 16, 2, 1),
	(752, 'page_white_h', 16, 2, 1),
	(753, 'page_white_horizontal', 16, 2, 1),
	(754, 'page_white_key', 16, 2, 1),
	(755, 'page_white_lightning', 16, 2, 1),
	(756, 'page_white_link', 16, 2, 1),
	(757, 'page_white_magnify', 16, 2, 1),
	(758, 'page_white_medal', 16, 2, 1),
	(759, 'page_white_office', 16, 2, 1),
	(760, 'page_white_paint', 16, 2, 1),
	(761, 'page_white_paintbrush', 16, 2, 1),
	(762, 'page_white_paste', 16, 2, 1),
	(763, 'page_white_php', 16, 2, 1),
	(764, 'page_white_picture', 16, 2, 1),
	(765, 'page_white_powerpoint', 16, 2, 1),
	(766, 'page_white_put', 16, 2, 1),
	(767, 'page_white_ruby', 16, 2, 1),
	(768, 'page_white_stack', 16, 2, 1),
	(769, 'page_white_star', 16, 2, 1),
	(770, 'page_white_swoosh', 16, 2, 1),
	(771, 'page_white_text', 16, 2, 1),
	(772, 'page_white_text_width', 16, 2, 1),
	(773, 'page_white_tux', 16, 2, 1),
	(774, 'page_white_vector', 16, 2, 1),
	(775, 'page_white_visualstudio', 16, 2, 1),
	(776, 'page_white_width', 16, 2, 1),
	(777, 'page_white_word', 16, 2, 1),
	(778, 'page_white_world', 16, 2, 1),
	(779, 'page_white_wrench', 16, 2, 1),
	(780, 'page_white_zip', 16, 2, 1),
	(781, 'page_word', 16, 2, 1),
	(782, 'page_world', 16, 2, 1),
	(783, 'paintbrush', 16, 2, 1),
	(784, 'paintcan', 16, 2, 1),
	(785, 'palette', 16, 2, 1),
	(786, 'paste_plain', 16, 2, 1),
	(787, 'paste_word', 16, 2, 1),
	(789, 'pencil', 16, 2, 1),
	(790, 'pencil_add', 16, 2, 1),
	(791, 'pencil_delete', 16, 2, 1),
	(792, 'pencil_go', 16, 2, 1),
	(793, 'phone', 16, 2, 1),
	(794, 'phone_add', 16, 2, 1),
	(795, 'phone_delete', 16, 2, 1),
	(796, 'phone_sound', 16, 2, 1),
	(797, 'photo', 16, 2, 1),
	(798, 'photos', 16, 2, 1),
	(799, 'photo_add', 16, 2, 1),
	(800, 'photo_delete', 16, 2, 1),
	(801, 'photo_link', 16, 2, 1),
	(802, 'php-icon', 16, 2, 1),
	(803, 'picture', 16, 2, 1),
	(804, 'pictures', 16, 2, 1),
	(805, 'picture_add', 16, 2, 1),
	(806, 'picture_delete', 16, 2, 1),
	(807, 'picture_edit', 16, 2, 1),
	(808, 'picture_empty', 16, 2, 1),
	(809, 'picture_error', 16, 2, 1),
	(810, 'picture_go', 16, 2, 1),
	(811, 'picture_key', 16, 2, 1),
	(812, 'picture_link', 16, 2, 1),
	(813, 'picture_save', 16, 2, 1),
	(814, 'pilcrow', 16, 2, 1),
	(815, 'pill', 16, 2, 1),
	(816, 'pill_add', 16, 2, 1),
	(817, 'pill_delete', 16, 2, 1),
	(818, 'pill_go', 16, 2, 1),
	(820, 'plugin', 16, 2, 1),
	(821, 'plugin_add', 16, 2, 1),
	(822, 'plugin_delete', 16, 2, 1),
	(823, 'plugin_disabled', 16, 2, 1),
	(824, 'plugin_edit', 16, 2, 1),
	(825, 'plugin_error', 16, 2, 1),
	(826, 'plugin_go', 16, 2, 1),
	(827, 'plugin_link', 16, 2, 1),
	(830, 'printer', 16, 2, 1),
	(831, 'printer_add', 16, 2, 1),
	(832, 'printer_delete', 16, 2, 1),
	(833, 'printer_empty', 16, 2, 1),
	(834, 'printer_error', 16, 2, 1),
	(837, 'quicktime', 16, 2, 1),
	(838, 'rainbow', 16, 2, 1),
	(839, 'realplayer', 16, 2, 1),
	(840, 'red', 16, 2, 1),
	(841, 'report', 16, 2, 1),
	(842, 'report_add', 16, 2, 1),
	(843, 'report_delete', 16, 2, 1),
	(844, 'report_disk', 16, 2, 1),
	(845, 'report_edit', 16, 2, 1),
	(846, 'report_go', 16, 2, 1),
	(847, 'report_key', 16, 2, 1),
	(848, 'report_link', 16, 2, 1),
	(849, 'report_magnify', 16, 2, 1),
	(850, 'report_picture', 16, 2, 1),
	(851, 'report_user', 16, 2, 1),
	(852, 'report_word', 16, 2, 1),
	(853, 'resultset_first', 16, 2, 1),
	(854, 'resultset_last', 16, 2, 1),
	(855, 'resultset_next', 16, 2, 1),
	(856, 'resultset_previous', 16, 2, 1),
	(857, 'rosette', 16, 2, 1),
	(858, 'rpm', 16, 2, 1),
	(859, 'rss', 16, 2, 1),
	(860, 'rss_add', 16, 2, 1),
	(861, 'rss_delete', 16, 2, 1),
	(862, 'rss_go', 16, 2, 1),
	(863, 'rss_valid', 16, 2, 1),
	(864, 'rtf', 16, 2, 1),
	(865, 'ruby', 16, 2, 1),
	(866, 'ruby_add', 16, 2, 1),
	(867, 'ruby_delete', 16, 2, 1),
	(868, 'ruby_gear', 16, 2, 1),
	(869, 'ruby_get', 16, 2, 1),
	(870, 'ruby_go', 16, 2, 1),
	(871, 'ruby_key', 16, 2, 1),
	(872, 'ruby_link', 16, 2, 1),
	(873, 'ruby_put', 16, 2, 1),
	(874, 'script', 16, 2, 1),
	(875, 'script_add', 16, 2, 1),
	(876, 'script_code', 16, 2, 1),
	(877, 'script_code_red', 16, 2, 1),
	(878, 'script_delete', 16, 2, 1),
	(879, 'script_edit', 16, 2, 1),
	(880, 'script_error', 16, 2, 1),
	(881, 'script_gear', 16, 2, 1),
	(882, 'script_go', 16, 2, 1),
	(883, 'script_key', 16, 2, 1),
	(884, 'script_lightning', 16, 2, 1),
	(885, 'script_link', 16, 2, 1),
	(886, 'script_palette', 16, 2, 1),
	(887, 'script_save', 16, 2, 1),
	(888, 'server', 16, 2, 1),
	(889, 'server_add', 16, 2, 1),
	(890, 'server_chart', 16, 2, 1),
	(891, 'server_compressed', 16, 2, 1),
	(892, 'server_connect', 16, 2, 1),
	(893, 'server_database', 16, 2, 1),
	(894, 'server_delete', 16, 2, 1),
	(895, 'server_edit', 16, 2, 1),
	(896, 'server_error', 16, 2, 1),
	(897, 'server_go', 16, 2, 1),
	(898, 'server_key', 16, 2, 1),
	(899, 'server_lightning', 16, 2, 1),
	(900, 'server_link', 16, 2, 1),
	(901, 'server_uncompressed', 16, 2, 1),
	(902, 'shading', 16, 2, 1),
	(903, 'shape_align_bottom', 16, 2, 1),
	(904, 'shape_align_center', 16, 2, 1),
	(905, 'shape_align_left', 16, 2, 1),
	(906, 'shape_align_middle', 16, 2, 1),
	(907, 'shape_align_right', 16, 2, 1),
	(908, 'shape_align_top', 16, 2, 1),
	(909, 'shape_flip_horizontal', 16, 2, 1),
	(910, 'shape_flip_vertical', 16, 2, 1),
	(911, 'shape_group', 16, 2, 1),
	(912, 'shape_handles', 16, 2, 1),
	(913, 'shape_move_back', 16, 2, 1),
	(914, 'shape_move_backwards', 16, 2, 1),
	(915, 'shape_move_forwards', 16, 2, 1),
	(916, 'shape_move_front', 16, 2, 1),
	(917, 'shape_rotate_anticlockwise', 16, 2, 1),
	(918, 'shape_rotate_clockwise', 16, 2, 1),
	(919, 'shape_square', 16, 2, 1),
	(920, 'shape_square_add', 16, 2, 1),
	(921, 'shape_square_delete', 16, 2, 1),
	(922, 'shape_square_edit', 16, 2, 1),
	(923, 'shape_square_error', 16, 2, 1),
	(924, 'shape_square_go', 16, 2, 1),
	(925, 'shape_square_key', 16, 2, 1),
	(926, 'shape_square_link', 16, 2, 1),
	(927, 'shape_ungroup', 16, 2, 1),
	(928, 'shield', 16, 2, 1),
	(929, 'shield_add', 16, 2, 1),
	(930, 'shield_delete', 16, 2, 1),
	(931, 'shield_go', 16, 2, 1),
	(932, 'sitemap', 16, 2, 1),
	(933, 'sitemap_color', 16, 2, 1),
	(934, 'sound', 16, 2, 1),
	(935, 'sound_add', 16, 2, 1),
	(936, 'sound_delete', 16, 2, 1),
	(937, 'sound_low', 16, 2, 1),
	(938, 'sound_mute', 16, 2, 1),
	(939, 'sound_none', 16, 2, 1),
	(940, 'spellcheck', 16, 2, 1),
	(941, 'sport_8ball', 16, 2, 1),
	(942, 'sport_basketball', 16, 2, 1),
	(943, 'sport_football', 16, 2, 1),
	(944, 'sport_golf', 16, 2, 1),
	(945, 'sport_raquet', 16, 2, 1),
	(946, 'sport_shuttlecock', 16, 2, 1),
	(947, 'sport_soccer', 16, 2, 1),
	(948, 'sport_tennis', 16, 2, 1),
	(949, 'star', 16, 2, 1),
	(950, 'status_away', 16, 2, 1),
	(951, 'status_busy', 16, 2, 1),
	(952, 'status_offline', 16, 2, 1),
	(953, 'status_online', 16, 2, 1),
	(954, 'stop', 16, 2, 1),
	(955, 'style', 16, 2, 1),
	(956, 'stylesheet', 16, 2, 1),
	(957, 'style_add', 16, 2, 1),
	(958, 'style_delete', 16, 2, 1),
	(959, 'style_edit', 16, 2, 1),
	(960, 'style_go', 16, 2, 1),
	(962, 'swf', 16, 2, 1),
	(963, 'tab', 16, 2, 1),
	(964, 'table', 16, 2, 1),
	(965, 'table_add', 16, 2, 1),
	(966, 'table_delete', 16, 2, 1),
	(967, 'table_edit', 16, 2, 1),
	(968, 'table_error', 16, 2, 1),
	(969, 'table_gear', 16, 2, 1),
	(970, 'table_go', 16, 2, 1),
	(971, 'table_key', 16, 2, 1),
	(972, 'table_lightning', 16, 2, 1),
	(973, 'table_link', 16, 2, 1),
	(974, 'table_multiple', 16, 2, 1),
	(975, 'table_refresh', 16, 2, 1),
	(976, 'table_relationship', 16, 2, 1),
	(977, 'table_row_delete', 16, 2, 1),
	(978, 'table_row_insert', 16, 2, 1),
	(979, 'table_save', 16, 2, 1),
	(980, 'table_sort', 16, 2, 1),
	(981, 'tab_add', 16, 2, 1),
	(982, 'tab_delete', 16, 2, 1),
	(983, 'tab_edit', 16, 2, 1),
	(984, 'tab_go', 16, 2, 1),
	(985, 'tag', 16, 1, 1),
	(986, 'tag_blue', 16, 2, 1),
	(987, 'tag_blue_add', 16, 2, 1),
	(988, 'tag_blue_delete', 16, 2, 1),
	(989, 'tag_blue_edit', 16, 2, 1),
	(990, 'tag_green', 16, 2, 1),
	(991, 'tag_orange', 16, 2, 1),
	(992, 'tag_pink', 16, 2, 1),
	(993, 'tag_purple', 16, 2, 1),
	(994, 'tag_red', 16, 2, 1),
	(995, 'tag_yellow', 16, 2, 1),
	(996, 'tar', 16, 2, 1),
	(997, 'telephone', 16, 2, 1),
	(998, 'telephone_add', 16, 2, 1),
	(999, 'telephone_delete', 16, 2, 1),
	(1000, 'telephone_edit', 16, 2, 1),
	(1001, 'telephone_error', 16, 2, 1),
	(1002, 'telephone_go', 16, 2, 1),
	(1003, 'telephone_key', 16, 2, 1),
	(1004, 'telephone_link', 16, 2, 1),
	(1005, 'television', 16, 2, 1),
	(1006, 'television_add', 16, 2, 1),
	(1007, 'television_delete', 16, 2, 1),
	(1008, 'terminal', 16, 2, 1),
	(1010, 'textfield', 16, 2, 1),
	(1011, 'textfield_add', 16, 2, 1),
	(1012, 'textfield_delete', 16, 2, 1),
	(1013, 'textfield_key', 16, 2, 1),
	(1014, 'textfield_rename', 16, 2, 1),
	(1015, 'text_align_center', 16, 2, 1),
	(1016, 'text_align_justify', 16, 2, 1),
	(1017, 'text_align_left', 16, 2, 1),
	(1018, 'text_align_right', 16, 2, 1),
	(1019, 'text_allcaps', 16, 2, 1),
	(1020, 'text_bold', 16, 2, 1),
	(1021, 'text_columns', 16, 2, 1),
	(1022, 'text_dropcaps', 16, 2, 1),
	(1023, 'text_heading_1', 16, 2, 1),
	(1024, 'text_heading_2', 16, 2, 1),
	(1025, 'text_heading_3', 16, 2, 1),
	(1026, 'text_heading_4', 16, 2, 1),
	(1027, 'text_heading_5', 16, 2, 1),
	(1028, 'text_heading_6', 16, 2, 1),
	(1029, 'text_horizontalrule', 16, 2, 1),
	(1030, 'text_indent', 16, 2, 1),
	(1031, 'text_indent_remove', 16, 2, 1),
	(1032, 'text_italic', 16, 2, 1),
	(1033, 'text_kerning', 16, 2, 1),
	(1034, 'text_letterspacing', 16, 2, 1),
	(1035, 'text_letter_omega', 16, 2, 1),
	(1036, 'text_linespacing', 16, 2, 1),
	(1037, 'text_list_bullets', 16, 2, 1),
	(1038, 'text_list_numbers', 16, 2, 1),
	(1039, 'text_lowercase', 16, 2, 1),
	(1040, 'text_padding_bottom', 16, 2, 1),
	(1041, 'text_padding_left', 16, 2, 1),
	(1042, 'text_padding_right', 16, 2, 1),
	(1043, 'text_padding_top', 16, 2, 1),
	(1044, 'text_replace', 16, 2, 1),
	(1045, 'text_signature', 16, 2, 1),
	(1046, 'text_smallcaps', 16, 2, 1),
	(1047, 'text_strikethrough', 16, 2, 1),
	(1048, 'text_subscript', 16, 2, 1),
	(1049, 'text_superscript', 16, 2, 1),
	(1050, 'text_underline', 16, 2, 1),
	(1051, 'text_uppercase', 16, 2, 1),
	(1052, 'tgz', 16, 2, 1),
	(1053, 'Thumbs.db', 16, 2, 1),
	(1054, 'thumb_down', 16, 2, 1),
	(1055, 'thumb_up', 16, 2, 1),
	(1056, 'tick', 16, 2, 1),
	(1058, 'time', 16, 2, 1),
	(1059, 'timeline_marker', 16, 2, 1),
	(1060, 'time_add', 16, 2, 1),
	(1061, 'time_delete', 16, 2, 1),
	(1062, 'time_go', 16, 2, 1),
	(1063, 'transmit', 16, 2, 1),
	(1064, 'transmit_add', 16, 2, 1),
	(1065, 'transmit_blue', 16, 2, 1),
	(1066, 'transmit_delete', 16, 2, 1),
	(1067, 'transmit_edit', 16, 2, 1),
	(1068, 'transmit_error', 16, 2, 1),
	(1069, 'transmit_go', 16, 2, 1),
	(1070, 'tux', 16, 2, 1),
	(1072, 'user', 16, 2, 1),
	(1073, 'user_add', 16, 2, 1),
	(1074, 'user_comment', 16, 2, 1),
	(1075, 'user_delete', 16, 2, 1),
	(1076, 'user_edit', 16, 2, 1),
	(1077, 'user_female', 16, 2, 1),
	(1078, 'user_go', 16, 2, 1),
	(1079, 'user_gray', 16, 2, 1),
	(1080, 'user_green', 16, 2, 1),
	(1081, 'user_orange', 16, 2, 1),
	(1082, 'user_red', 16, 2, 1),
	(1083, 'user_suit', 16, 2, 1),
	(1084, 'vcard', 16, 2, 1),
	(1085, 'vcard_add', 16, 2, 1),
	(1086, 'vcard_delete', 16, 2, 1),
	(1087, 'vcard_edit', 16, 2, 1),
	(1088, 'vector', 16, 2, 1),
	(1089, 'vector_add', 16, 2, 1),
	(1090, 'vector_delete', 16, 2, 1),
	(1091, 'video', 16, 2, 1),
	(1093, 'wand', 16, 2, 1),
	(1094, 'weather_clouds', 16, 2, 1),
	(1095, 'weather_cloudy', 16, 2, 1),
	(1096, 'weather_lightning', 16, 2, 1),
	(1097, 'weather_rain', 16, 2, 1),
	(1098, 'weather_snow', 16, 2, 1),
	(1099, 'weather_sun', 16, 2, 1),
	(1100, 'webcam', 16, 2, 1),
	(1101, 'webcam_add', 16, 2, 1),
	(1102, 'webcam_delete', 16, 2, 1),
	(1103, 'webcam_error', 16, 2, 1),
	(1107, 'world', 16, 2, 1),
	(1108, 'world_add', 16, 2, 1),
	(1109, 'world_delete', 16, 2, 1),
	(1110, 'world_edit', 16, 2, 1),
	(1111, 'world_go', 16, 2, 1),
	(1112, 'world_link', 16, 2, 1),
	(1113, 'wrench', 16, 2, 1),
	(1114, 'wrench_orange', 16, 2, 1),
	(1115, 'www', 16, 2, 1),
	(1116, 'xhtml', 16, 2, 1),
	(1117, 'xhtml_add', 16, 2, 1),
	(1118, 'xhtml_delete', 16, 2, 1),
	(1119, 'xhtml_go', 16, 2, 1),
	(1120, 'xhtml_valid', 16, 2, 1),
	(1121, 'yellow', 16, 2, 1),
	(1123, 'zoom', 16, 2, 1),
	(1124, 'zoom_in', 16, 2, 1),
	(1125, 'zoom_out', 16, 2, 1),
	(1319, '.', 64, 0, 1),
	(1320, '..', 64, 0, 1),
	(1321, '.DS_Store', 64, 0, 1),
	(1322, '10_64x64', 64, 0, 1),
	(1323, '11_64x64', 64, 0, 1),
	(1324, '12_64x64', 64, 0, 1),
	(1325, '13_64x64', 64, 0, 1),
	(1326, '14_64x64', 64, 0, 1),
	(1327, '15_64x64', 64, 0, 1),
	(1328, '16_64x64', 64, 0, 1),
	(1329, '17_64x64', 64, 0, 1),
	(1330, '18_64x64', 64, 0, 1),
	(1331, '19_64x64', 64, 0, 1),
	(1332, '1_64x64', 64, 0, 1),
	(1333, '20_64x64', 64, 0, 1),
	(1334, '21_64x64', 64, 0, 1),
	(1335, '22_64x64', 64, 0, 1),
	(1336, '23_64x64', 64, 0, 1),
	(1337, '24_64x64', 64, 0, 1),
	(1338, '25_64x64', 64, 0, 1),
	(1339, '26_64x64', 64, 0, 1),
	(1340, '27_64x64', 64, 0, 1),
	(1341, '28_64x64', 64, 0, 1),
	(1342, '29_64x64', 64, 0, 1),
	(1343, '2_64x64', 64, 0, 1),
	(1344, '30_64x64', 64, 0, 1),
	(1345, '31_64x64', 64, 0, 1),
	(1346, '32_64x64', 64, 0, 1),
	(1347, '33_64x64', 64, 0, 1),
	(1348, '34_64x64', 64, 0, 1),
	(1349, '35_64x64', 64, 0, 1),
	(1350, '36_64x64', 64, 0, 1),
	(1351, '37_64x64', 64, 0, 1),
	(1352, '38_64x64', 64, 0, 1),
	(1353, '39_64x64', 64, 0, 1),
	(1354, '3_64x64', 64, 0, 1),
	(1355, '40_64x64', 64, 0, 1),
	(1356, '41_64x64', 64, 0, 1),
	(1357, '42_64x64', 64, 0, 1),
	(1358, '43_64x64', 64, 0, 1),
	(1359, '44_64x64', 64, 0, 1),
	(1360, '45_64x64', 64, 0, 1),
	(1361, '46_64x64', 64, 0, 1),
	(1362, '47_64x64', 64, 0, 1),
	(1363, '48_64x64', 64, 0, 1),
	(1364, '49_64x64', 64, 0, 1),
	(1365, '4_64x64', 64, 0, 1),
	(1366, '50_64x64', 64, 0, 1),
	(1367, '51_64x64', 64, 0, 1),
	(1368, '52_64x64', 64, 0, 1),
	(1369, '53_64x64', 64, 0, 1),
	(1370, '54_64x64', 64, 0, 1),
	(1371, '55_64x64', 64, 0, 1),
	(1372, '56_64x64', 64, 0, 1),
	(1373, '57_64x64', 64, 0, 1),
	(1374, '58_64x64', 64, 0, 1),
	(1375, '59_64x64', 64, 0, 1),
	(1376, '5_64x64', 64, 0, 1),
	(1377, '60_64x64', 64, 0, 1),
	(1378, '6_64x64', 64, 0, 1),
	(1379, '7_64x64', 64, 0, 1),
	(1380, '8_64x64', 64, 0, 1),
	(1381, '9_64x64', 64, 0, 1),
	(1382, 'App Store', 64, 0, 1),
	(1383, 'Assorted', 64, 0, 1),
	(1384, 'Backgammon', 64, 0, 1),
	(1385, 'BandB', 64, 0, 1),
	(1386, 'BandR', 64, 0, 1),
	(1387, 'Battery', 64, 0, 1),
	(1388, 'BatteryG', 64, 0, 1),
	(1389, 'BlockPuzzle', 64, 0, 1),
	(1390, 'BooksB', 64, 0, 1),
	(1391, 'BooksG', 64, 0, 1),
	(1392, 'BooksR', 64, 0, 1),
	(1393, 'BooksY', 64, 0, 1),
	(1394, 'BossPrefs', 64, 0, 1),
	(1395, 'BossTool', 64, 0, 1),
	(1396, 'Calculator Alt', 64, 0, 1),
	(1397, 'Calculator', 64, 0, 1),
	(1398, 'Calendar Kate', 64, 0, 1),
	(1399, 'Calendar', 64, 0, 1),
	(1400, 'Calendar_alt', 64, 0, 1),
	(1401, 'Camera', 64, 0, 1),
	(1402, 'Camera1', 64, 0, 1),
	(1403, 'Camera2', 64, 0, 1),
	(1404, 'Camera3', 64, 0, 1),
	(1405, 'Categories', 64, 0, 1),
	(1406, 'Chat', 64, 0, 1),
	(1407, 'Chat1', 64, 0, 1),
	(1408, 'Chess', 64, 0, 1),
	(1409, 'Chuzzle', 64, 0, 1),
	(1410, 'Clock Alt', 64, 0, 1),
	(1411, 'Clock', 64, 0, 1),
	(1412, 'Clock1', 64, 0, 1),
	(1413, 'Collage', 64, 0, 1),
	(1414, 'Contacts', 64, 0, 1),
	(1415, 'Converter', 64, 0, 1),
	(1416, 'CubicMan', 64, 0, 1),
	(1417, 'Customize', 64, 0, 1),
	(1418, 'DailyMotion', 64, 0, 1),
	(1419, 'Facebook', 64, 0, 1),
	(1420, 'Finder Alt', 64, 0, 1),
	(1421, 'Finder', 64, 0, 1),
	(1422, 'FiveDice', 64, 0, 1),
	(1423, 'Flashlight', 64, 0, 1),
	(1424, 'fring', 64, 0, 1),
	(1425, 'Games', 64, 0, 1),
	(1426, 'genesis4iphone', 64, 0, 1),
	(1427, 'gpSPhone', 64, 0, 1),
	(1428, 'gpSPhone1', 64, 0, 1),
	(1429, 'iBlackjack', 64, 0, 1),
	(1430, 'iCave', 64, 0, 1),
	(1431, 'iCopter', 64, 0, 1),
	(1432, 'Installer', 64, 0, 1),
	(1433, 'iPhysics1', 64, 0, 1),
	(1434, 'iPhysics2', 64, 0, 1),
	(1435, 'iPhysiscs', 64, 0, 1),
	(1436, 'iPod', 64, 0, 1),
	(1437, 'iQuickBlock', 64, 0, 1),
	(1438, 'iSlsk', 64, 0, 1),
	(1439, 'iSnake', 64, 0, 1),
	(1440, 'iSolitaire', 64, 0, 1),
	(1441, 'iTunes', 64, 0, 1),
	(1442, 'iTunes_alt', 64, 0, 1),
	(1443, 'iZoo Alt', 64, 0, 1),
	(1444, 'iZoo', 64, 0, 1),
	(1445, 'Kate', 64, 0, 1),
	(1446, 'Labyrinth', 64, 0, 1),
	(1447, 'Labyrinth1', 64, 0, 1),
	(1448, 'LightsOff', 64, 0, 1),
	(1449, 'MacThemes', 64, 0, 1),
	(1450, 'Mail', 64, 0, 1),
	(1451, 'Maps', 64, 0, 1),
	(1452, 'Messages', 64, 0, 1),
	(1453, 'MIIS iPhone Icons by ABH', 64, 0, 1),
	(1454, 'Mines', 64, 0, 1),
	(1455, 'MMS', 64, 0, 1),
	(1456, 'MobileScrobbler', 64, 0, 1),
	(1457, 'Multimedia', 64, 0, 1),
	(1458, 'Music', 64, 0, 1),
	(1459, 'MxTube', 64, 0, 1),
	(1460, 'NES', 64, 0, 1),
	(1461, 'Notes', 64, 0, 1),
	(1462, 'ParkingLot', 64, 0, 1),
	(1463, 'PDFViewer', 64, 0, 1),
	(1464, 'Phone Alt', 64, 0, 1),
	(1465, 'Phone Default', 64, 0, 1),
	(1466, 'Phone', 64, 0, 1),
	(1467, 'Phone_alt', 64, 0, 1),
	(1468, 'Photos', 64, 0, 1),
	(1469, 'Photos_alt', 64, 0, 1),
	(1470, 'Pianist', 64, 0, 1),
	(1471, 'Poof', 64, 0, 1),
	(1472, 'Pool Alt', 64, 0, 1),
	(1473, 'Pool', 64, 0, 1),
	(1474, 'preview.jpg', 64, 0, 1),
	(1475, 'RagingThunder', 64, 0, 1),
	(1476, 'Remote', 64, 0, 1),
	(1477, 'Respring', 64, 0, 1),
	(1478, 'Ringtones', 64, 0, 1),
	(1479, 'Safari Alt', 64, 0, 1),
	(1480, 'Safari', 64, 0, 1),
	(1481, 'ScummVM', 64, 0, 1),
	(1482, 'SendFile', 64, 0, 1),
	(1483, 'Settings', 64, 0, 1),
	(1484, 'Sketches', 64, 0, 1),
	(1485, 'SMBPrefs', 64, 0, 1),
	(1486, 'snes4iphone', 64, 0, 1),
	(1487, 'Stocks', 64, 0, 1),
	(1488, 'SysInfo', 64, 0, 1),
	(1489, 'Terminal', 64, 0, 1),
	(1490, 'Text', 64, 0, 1),
	(1491, 'Text1', 64, 0, 1),
	(1492, 'ToDoList', 64, 0, 1),
	(1493, 'ToDoList1', 64, 0, 1),
	(1494, 'TouchPad', 64, 0, 1),
	(1495, 'Tribal', 64, 0, 1),
	(1496, 'Tribal2', 64, 0, 1),
	(1497, 'Tris', 64, 0, 1),
	(1498, 'TuneWiki', 64, 0, 1),
	(1499, 'TwistedFingers', 64, 0, 1),
	(1500, 'VideoRecorder', 64, 0, 1),
	(1501, 'Videos', 64, 0, 1),
	(1502, 'VNSea', 64, 0, 1),
	(1503, 'Voice Memos', 64, 0, 1),
	(1504, 'Voice Memos_alt', 64, 0, 1),
	(1505, 'Weather Alt', 64, 0, 1),
	(1506, 'Weather', 64, 0, 1),
	(1507, 'WeDict', 64, 0, 1),
	(1508, 'WeDictRed', 64, 0, 1),
	(1509, 'Wikipedia', 64, 0, 1),
	(1510, 'WildEyes', 64, 0, 1),
	(1511, 'YouTube', 64, 0, 1);
/*!40000 ALTER TABLE `icon` ENABLE KEYS */;


# Dumping structure for table icore.language
DROP TABLE IF EXISTS `language`;
CREATE TABLE IF NOT EXISTS `language` (
  `languageId` int(11) NOT NULL AUTO_INCREMENT COMMENT 'Language|',
  `languageDesc` varchar(64) COLLATE utf8_unicode_ci NOT NULL COMMENT 'Description|',
  `languageCode` varchar(8) COLLATE utf8_unicode_ci NOT NULL COMMENT 'Code|',
  `isGoogle` tinyint(1) NOT NULL,
  `isBing` tinyint(1) NOT NULL,
  `isSpeakLite` tinyint(1) NOT NULL,
  `isWebServices` tinyint(1) NOT NULL,
  `isDefault` tinyint(1) NOT NULL,
  `isNew` tinyint(1) NOT NULL,
  `isDraft` tinyint(1) NOT NULL,
  `isUpdate` tinyint(1) NOT NULL,
  `isDelete` tinyint(1) NOT NULL,
  `isActive` tinyint(1) NOT NULL,
  `isApproved` tinyint(1) NOT NULL,
  `isReview` tinyint(1) NOT NULL,
  `isPost` tinyint(1) NOT NULL,
  `executeBy` int(11) NOT NULL,
  `executeTime` datetime NOT NULL,
  PRIMARY KEY (`languageId`)
) ENGINE=InnoDB AUTO_INCREMENT=61 DEFAULT CHARSET=utf8 COLLATE=utf8_unicode_ci;

# Dumping data for table icore.language: ~51 rows (approximately)
/*!40000 ALTER TABLE `language` DISABLE KEYS */;
INSERT INTO `language` (`languageId`, `languageDesc`, `languageCode`, `isGoogle`, `isBing`, `isSpeakLite`, `isWebServices`, `isDefault`, `isNew`, `isDraft`, `isUpdate`, `isDelete`, `isActive`, `isApproved`, `isReview`, `isPost`, `executeBy`, `executeTime`) VALUES
	(9, 'Afrikaans', 'af', 0, 0, 0, 0, 0, 0, 0, 0, 0, 1, 0, 0, 0, 2, '2011-07-05 00:00:00'),
	(10, 'Albanian', 'sq', 0, 0, 0, 0, 0, 0, 0, 0, 0, 1, 0, 0, 0, 2, '2011-07-05 00:00:00'),
	(11, 'Arabic', 'ar', 0, 1, 0, 0, 0, 0, 0, 0, 0, 1, 0, 0, 0, 2, '2011-07-05 00:00:00'),
	(12, 'Belarusian', 'be', 0, 0, 0, 0, 0, 0, 0, 0, 0, 1, 0, 0, 0, 2, '2011-07-05 00:00:00'),
	(13, 'Bulgarian', 'bg', 0, 0, 0, 0, 0, 0, 0, 0, 0, 1, 0, 0, 0, 2, '2011-07-05 00:00:00'),
	(14, 'Catalan', 'ca', 0, 1, 0, 0, 0, 0, 0, 0, 0, 1, 0, 0, 0, 2, '2011-07-05 00:00:00'),
	(15, 'Chinese Simplified', 'zh-CN', 0, 1, 0, 0, 0, 0, 0, 0, 0, 1, 0, 0, 0, 2, '2011-07-05 00:00:00'),
	(16, 'Chinease Traditional', 'zh-TW', 0, 1, 0, 0, 0, 0, 0, 0, 0, 1, 0, 0, 0, 2, '2011-07-05 00:00:00'),
	(17, 'Croation', 'hr', 0, 0, 0, 0, 0, 0, 0, 0, 0, 1, 0, 0, 0, 2, '2011-07-05 00:00:00'),
	(18, 'Czech', 'cs', 0, 1, 0, 0, 0, 0, 0, 0, 0, 1, 0, 0, 0, 2, '2011-07-05 00:00:00'),
	(19, 'Danish', 'da', 0, 1, 0, 0, 0, 0, 0, 0, 0, 1, 0, 0, 0, 2, '2011-07-05 00:00:00'),
	(20, 'Dutch', 'nl', 0, 1, 0, 0, 0, 0, 0, 0, 0, 1, 0, 0, 0, 2, '2011-07-05 00:00:00'),
	(21, 'English', 'en', 0, 1, 0, 0, 0, 0, 0, 0, 0, 1, 0, 0, 0, 2, '2011-07-05 00:00:00'),
	(22, 'Estonian', 'et', 0, 1, 0, 0, 0, 0, 0, 0, 0, 1, 0, 0, 0, 2, '2011-07-05 00:00:00'),
	(23, 'Filpino', 'tl', 0, 0, 0, 0, 0, 0, 0, 0, 0, 1, 0, 0, 0, 2, '2011-07-05 00:00:00'),
	(24, 'Finnish', 'fi', 0, 1, 0, 0, 0, 0, 0, 0, 0, 1, 0, 0, 0, 2, '2011-07-05 00:00:00'),
	(25, 'French', 'fr', 0, 1, 0, 0, 0, 0, 0, 0, 0, 1, 0, 0, 0, 2, '2011-07-05 00:00:00'),
	(26, 'Galician', 'gl', 0, 0, 0, 0, 0, 0, 0, 0, 0, 1, 0, 0, 0, 2, '2011-07-05 00:00:00'),
	(27, 'German', 'de', 0, 1, 0, 0, 0, 0, 0, 0, 0, 1, 0, 0, 0, 2, '2011-07-05 00:00:00'),
	(28, 'Greek', 'el', 0, 1, 0, 0, 0, 0, 0, 0, 0, 1, 0, 0, 0, 2, '2011-07-05 00:00:00'),
	(29, 'Haitian Creole', 'ht', 0, 1, 0, 0, 0, 0, 0, 0, 0, 1, 0, 0, 0, 2, '2011-07-05 00:00:00'),
	(30, 'Hebrew', 'he', 0, 1, 0, 0, 0, 0, 0, 0, 0, 1, 0, 0, 0, 2, '2011-07-05 00:00:00'),
	(31, 'Hindi', 'hi', 0, 1, 0, 0, 0, 0, 0, 0, 0, 1, 0, 0, 0, 2, '2011-07-05 00:00:00'),
	(32, 'Hungarian', 'hu', 0, 1, 0, 0, 0, 0, 0, 0, 0, 1, 0, 0, 0, 2, '2011-07-05 00:00:00'),
	(33, 'Icelandic', 'is', 0, 0, 0, 0, 0, 0, 0, 0, 0, 1, 0, 0, 0, 2, '2011-07-05 00:00:00'),
	(34, 'Indonesian', 'id', 0, 1, 0, 0, 0, 0, 0, 0, 0, 1, 0, 0, 0, 2, '2011-07-05 00:00:00'),
	(35, 'Irish', 'ga', 0, 0, 0, 0, 0, 0, 0, 0, 0, 1, 0, 0, 0, 2, '2011-07-05 00:00:00'),
	(36, 'Italian', 'it', 0, 1, 0, 0, 0, 0, 0, 0, 0, 1, 0, 0, 0, 2, '2011-07-05 00:00:00'),
	(37, 'Japanse', 'ja', 0, 0, 0, 0, 0, 0, 0, 0, 0, 1, 0, 0, 0, 2, '2011-07-05 00:00:00'),
	(38, 'Latvian', 'lv', 0, 1, 0, 0, 0, 0, 0, 0, 0, 1, 0, 0, 0, 2, '2011-07-05 00:00:00'),
	(39, 'lithuanian', 'lt', 0, 0, 0, 0, 0, 0, 0, 0, 0, 1, 0, 0, 0, 2, '2011-07-05 00:00:00'),
	(40, 'Macedonian', 'mk', 0, 0, 0, 0, 0, 0, 0, 0, 0, 1, 0, 0, 0, 2, '2011-07-05 00:00:00'),
	(41, 'Malay', 'ms', 0, 0, 0, 0, 0, 0, 0, 0, 0, 1, 0, 0, 0, 2, '2011-07-05 00:00:00'),
	(42, 'Maltese', 'mt', 0, 0, 0, 0, 0, 0, 0, 0, 0, 1, 0, 0, 0, 2, '2011-07-05 00:00:00'),
	(43, 'Norwegian', 'no', 0, 1, 0, 0, 0, 0, 0, 0, 0, 1, 0, 0, 0, 2, '2011-07-05 00:00:00'),
	(44, 'Persian', 'fa', 0, 0, 0, 0, 0, 0, 0, 0, 0, 1, 0, 0, 0, 2, '2011-07-05 00:00:00'),
	(45, 'Portuguese', 'pt', 0, 0, 0, 0, 0, 0, 0, 0, 0, 1, 0, 0, 0, 2, '2011-07-05 00:00:00'),
	(46, 'Romanian', 'ro', 0, 1, 0, 0, 0, 0, 0, 0, 0, 1, 0, 0, 0, 2, '2011-07-05 00:00:00'),
	(47, 'Rusia', 'ru', 0, 1, 0, 0, 0, 0, 0, 0, 0, 1, 0, 0, 0, 2, '2011-07-05 00:00:00'),
	(48, 'Serbian', 'sr', 0, 0, 0, 0, 0, 0, 0, 0, 0, 1, 0, 0, 0, 2, '2011-07-05 00:00:00'),
	(49, 'Slovak', 'sk', 0, 0, 0, 0, 0, 0, 0, 0, 0, 1, 0, 0, 0, 2, '2011-07-05 00:00:00'),
	(50, 'Slovenian', 'sl', 0, 0, 0, 0, 0, 0, 0, 0, 0, 1, 0, 0, 0, 2, '2011-07-05 00:00:00'),
	(51, 'Spanish', 'es', 0, 1, 0, 0, 0, 0, 0, 0, 0, 1, 0, 0, 0, 2, '2011-07-05 00:00:00'),
	(52, 'Swahili', 'sw', 0, 0, 0, 0, 0, 0, 0, 0, 0, 1, 0, 0, 0, 2, '2011-07-05 00:00:00'),
	(53, 'Swedish', 'sv', 0, 1, 0, 0, 0, 0, 0, 0, 0, 1, 0, 0, 0, 2, '2011-07-05 00:00:00'),
	(54, 'Thai', 'th', 0, 1, 0, 0, 0, 0, 0, 0, 0, 1, 0, 0, 0, 2, '2011-07-05 00:00:00'),
	(55, 'Ukranian', 'uk', 0, 1, 0, 0, 0, 0, 0, 0, 0, 1, 0, 0, 0, 2, '2011-07-05 00:00:00'),
	(56, 'Vietnamese', 'vi', 0, 1, 0, 0, 0, 0, 0, 0, 0, 1, 0, 0, 0, 2, '2011-07-05 00:00:00'),
	(57, 'Welsh', 'cy', 0, 0, 0, 0, 0, 0, 0, 0, 0, 1, 0, 0, 0, 2, '2011-07-05 00:00:00'),
	(58, 'Yiddish', 'yi', 0, 0, 0, 0, 0, 0, 0, 0, 0, 1, 0, 0, 0, 2, '2011-07-05 00:00:00'),
	(60, 'km', 'kk', 0, 0, 0, 0, 0, 0, 0, 1, 0, 1, 0, 0, 0, 2, '2011-07-05 04:49:03');
/*!40000 ALTER TABLE `language` ENABLE KEYS */;


# Dumping structure for table icore.leaf
DROP TABLE IF EXISTS `leaf`;
CREATE TABLE IF NOT EXISTS `leaf` (
  `leafId` int(11) NOT NULL AUTO_INCREMENT COMMENT 'Leaf|',
  `applicationId` int(11) NOT NULL,
  `moduleId` int(11) NOT NULL COMMENT 'Accordion|',
  `folderId` int(11) NOT NULL COMMENT 'Folder|',
  `iconId` int(11) NOT NULL DEFAULT '36' COMMENT 'Icon|',
  `leafSequence` int(11) NOT NULL COMMENT 'Sequence|',
  `leafCode` char(4) COLLATE utf8_unicode_ci NOT NULL COMMENT 'Code|',
  `leafFilename` varchar(64) COLLATE utf8_unicode_ci NOT NULL COMMENT 'Filename|',
  `leafEnglish` varchar(64) COLLATE utf8_unicode_ci NOT NULL COMMENT 'English|',
  `isDefault` tinyint(1) NOT NULL,
  `isNew` tinyint(1) NOT NULL COMMENT 'New|',
  `isDraft` tinyint(1) NOT NULL COMMENT 'Draft|',
  `isUpdate` tinyint(1) NOT NULL COMMENT 'Updated|',
  `isDelete` tinyint(1) NOT NULL COMMENT 'Deleted|',
  `isActive` tinyint(1) NOT NULL COMMENT 'Active|',
  `isApproved` tinyint(1) NOT NULL COMMENT 'Approved|',
  `isReview` tinyint(1) NOT NULL,
  `isPost` tinyint(1) NOT NULL,
  `executeBy` int(11) NOT NULL COMMENT 'By|',
  `executeTime` datetime NOT NULL,
  PRIMARY KEY (`leafId`),
  KEY `tabId` (`moduleId`),
  KEY `folderId` (`folderId`),
  KEY `iconId` (`iconId`),
  KEY `isDefault` (`isDefault`),
  KEY `isNew` (`isNew`),
  KEY `isDraft` (`isDraft`),
  KEY `isUpdate` (`isUpdate`),
  KEY `isDelete` (`isDelete`),
  KEY `isActive` (`isActive`),
  KEY `isApproved` (`isApproved`),
  KEY `isPost` (`isPost`),
  KEY `isReview` (`isReview`),
  KEY `applicationId` (`applicationId`),
  CONSTRAINT `leaf_ibfk_1` FOREIGN KEY (`moduleId`) REFERENCES `module` (`moduleId`) ON DELETE CASCADE ON UPDATE CASCADE,
  CONSTRAINT `leaf_ibfk_2` FOREIGN KEY (`folderId`) REFERENCES `folder` (`folderId`) ON DELETE CASCADE ON UPDATE CASCADE,
  CONSTRAINT `leaf_ibfk_3` FOREIGN KEY (`iconId`) REFERENCES `icon` (`iconId`) ON DELETE CASCADE ON UPDATE CASCADE
) ENGINE=InnoDB AUTO_INCREMENT=106 DEFAULT CHARSET=utf8 COLLATE=utf8_unicode_ci;

# Dumping data for table icore.leaf: ~104 rows (approximately)
/*!40000 ALTER TABLE `leaf` DISABLE KEYS */;
INSERT INTO `leaf` (`leafId`, `applicationId`, `moduleId`, `folderId`, `iconId`, `leafSequence`, `leafCode`, `leafFilename`, `leafEnglish`, `isDefault`, `isNew`, `isDraft`, `isUpdate`, `isDelete`, `isActive`, `isApproved`, `isReview`, `isPost`, `executeBy`, `executeTime`) VALUES
	(2, 1, 1, 1, 36, 1, '', 'application.php', 'Application', 0, 1, 0, 0, 0, 1, 0, 0, 0, 2, '2011-11-22 18:30:06'),
	(3, 1, 1, 1, 36, 2, '', 'module.php', 'Module', 0, 1, 0, 0, 0, 1, 0, 0, 0, 2, '2011-11-22 18:30:06'),
	(4, 1, 1, 1, 36, 3, '', 'folder.php', 'Folder', 0, 1, 0, 0, 0, 1, 0, 0, 0, 2, '2011-11-22 18:30:06'),
	(5, 1, 1, 1, 36, 4, '', 'leaf.php', 'Leaf', 0, 1, 0, 0, 0, 1, 0, 0, 0, 2, '2011-11-22 18:30:06'),
	(6, 1, 1, 2, 36, 1, '', 'theme.php', 'Theme', 0, 1, 0, 0, 0, 1, 0, 0, 0, 2, '2011-11-22 18:30:06'),
	(7, 1, 1, 2, 36, 2, '', 'language.php', 'Language', 0, 1, 0, 0, 0, 1, 0, 0, 0, 2, '2011-11-22 18:30:06'),
	(8, 1, 2, 3, 36, 2, '', 'defaultLabel.php', 'Default Label', 0, 1, 0, 0, 0, 1, 0, 0, 0, 2, '2011-11-22 18:30:06'),
	(9, 1, 2, 3, 36, 2, '', 'tableMapping.php', 'Table Mapping', 0, 1, 0, 0, 0, 1, 0, 0, 0, 2, '2011-11-22 18:30:06'),
	(10, 1, 2, 3, 36, 2, '', 'string.php', 'System String', 0, 1, 0, 0, 0, 1, 0, 0, 0, 2, '2011-11-22 18:30:06'),
	(11, 1, 3, 4, 50, 1, '', 'personal.php', 'Preference', 0, 1, 0, 0, 0, 1, 0, 0, 0, 2, '2011-11-22 18:30:06'),
	(12, 1, 3, 4, 50, 2, '', 'password.php', 'Password', 0, 1, 0, 0, 0, 1, 0, 0, 0, 2, '2011-11-22 18:30:06'),
	(13, 1, 31, 67, 35, 1, '', 'district.php', 'District', 0, 1, 0, 0, 0, 1, 0, 0, 0, 2, '2011-11-22 18:30:06'),
	(14, 1, 31, 67, 35, 2, '', 'state.php', 'State', 0, 1, 0, 0, 0, 1, 0, 0, 0, 2, '2011-11-22 18:30:06'),
	(15, 1, 31, 67, 35, 3, '', 'national.php', 'National', 0, 1, 0, 0, 0, 1, 0, 0, 0, 2, '2011-11-22 18:30:06'),
	(16, 1, 31, 67, 35, 4, '', 'race.php', 'Race', 0, 1, 0, 0, 0, 1, 0, 0, 0, 2, '2011-11-22 18:30:06'),
	(17, 1, 31, 67, 35, 5, '', 'religion.php', 'Religion', 0, 1, 0, 0, 0, 1, 0, 0, 0, 2, '2011-11-22 18:30:06'),
	(18, 3, 5, 7, 35, 1, '', 'documentSetting.php', 'Document Number', 0, 1, 0, 0, 0, 1, 0, 0, 0, 2, '2011-11-22 18:30:06'),
	(19, 2, 5, 67, 43, 1, '', 'religionv1.php', 'Religion Version 1 ', 0, 1, 0, 0, 0, 1, 0, 0, 0, 2, '2011-11-22 18:30:06'),
	(20, 2, 5, 67, 43, 2, '', 'religionv2.php', 'Religion Version 2 ', 0, 1, 0, 0, 0, 1, 0, 0, 0, 2, '2011-11-22 18:30:06'),
	(21, 2, 5, 67, 43, 3, '', 'religionv3.php', 'Religion Version 3 ', 0, 1, 0, 0, 0, 1, 0, 0, 0, 2, '2011-11-22 18:30:06'),
	(22, 2, 5, 67, 43, 4, '', 'religionv4.php', 'Religion Version 4 ', 0, 1, 0, 0, 0, 1, 0, 0, 0, 2, '2011-11-22 18:30:06'),
	(23, 2, 6, 67, 43, 1, '', 'religionv5.php', 'Religion Version 5 ', 0, 1, 0, 0, 0, 1, 0, 0, 0, 2, '2011-11-22 18:30:06'),
	(24, 2, 6, 67, 43, 2, '', 'religionv6.php', 'Religion Version 6 ', 0, 1, 0, 0, 0, 1, 0, 0, 0, 2, '2011-11-22 18:30:06'),
	(25, 1, 31, 67, 36, 6, '', 'gender.php', 'Gender', 0, 1, 0, 0, 0, 1, 0, 0, 0, 2, '2011-11-22 18:30:06'),
	(26, 3, 5, 7, 35, 2, '', 'documentSequence.php', 'Document Sequence', 0, 1, 0, 0, 0, 1, 0, 0, 0, 2, '2011-11-22 18:30:06'),
	(27, 3, 5, 78, 35, 3, '', 'generalLedgerChartOfAccountCategory.php', 'Chart Of Account Category', 0, 1, 0, 0, 0, 1, 0, 0, 0, 2, '2011-11-22 18:30:06'),
	(28, 3, 24, 75, 35, 1, '', 'generalLedgerChartOfAccountSegment.php', 'Segment', 0, 1, 0, 0, 0, 1, 0, 0, 0, 2, '2011-11-22 18:30:06'),
	(29, 3, 24, 75, 35, 2, '', 'generalLedgerChartOfAccount.php', 'Entry', 0, 1, 0, 0, 0, 1, 0, 0, 0, 2, '2011-11-22 18:30:06'),
	(30, 3, 24, 75, 35, 3, '', 'generalLedgerChartOfAccountDimension.php', 'Dimension', 0, 1, 0, 0, 0, 1, 0, 0, 0, 2, '2011-11-22 18:30:06'),
	(31, 3, 24, 75, 35, 4, '', 'generalLedgerChartOfAccountConsolidation.php', 'Account Consolidation', 0, 1, 0, 0, 0, 1, 0, 0, 0, 2, '2011-11-22 18:30:06'),
	(32, 3, 24, 75, 35, 5, '', 'generalLedgerChartOfAccountSaperation.php', 'Account Saperation', 0, 1, 0, 0, 0, 1, 0, 0, 0, 2, '2011-11-22 18:30:06'),
	(33, 3, 24, 8, 35, 1, '', 'generalLedgerAccountBudget.php', 'Budget', 0, 1, 0, 0, 0, 1, 0, 0, 0, 2, '2011-11-22 18:30:06'),
	(34, 3, 24, 8, 35, 2, '', 'finalize.php', 'Finalize', 0, 1, 0, 0, 0, 1, 0, 0, 0, 2, '2011-11-22 18:30:06'),
	(35, 3, 24, 9, 35, 1, '', 'generalLedgerAccountForecast.php', 'Forecaset', 0, 1, 0, 0, 0, 1, 0, 0, 0, 2, '2011-11-22 18:30:06'),
	(36, 3, 24, 9, 35, 2, '', 'finalize.php', 'Finalize', 0, 1, 0, 0, 0, 1, 0, 0, 0, 2, '2011-11-22 18:30:06'),
	(37, 3, 24, 10, 35, 1, '', 'generalLedgerJournal.php', 'Journal', 0, 1, 0, 0, 0, 1, 0, 0, 0, 2, '2011-11-22 18:30:06'),
	(38, 3, 24, 10, 35, 2, '', 'generalLedgerJournalRecurring.php', 'Recurring Journal', 0, 1, 0, 0, 0, 1, 0, 0, 0, 2, '2011-11-22 18:30:06'),
	(39, 3, 24, 10, 35, 3, '', 'generalLedgerJournalRecurringPost.php', 'Recurring Journal Post', 0, 1, 0, 0, 0, 1, 0, 0, 0, 2, '2011-11-22 18:30:06'),
	(40, 3, 5, 78, 35, 1, '', 'country.php', 'Country Currency', 0, 1, 0, 0, 0, 1, 0, 0, 0, 2, '2011-11-22 18:30:06'),
	(41, 4, 16, 57, 35, 1, '', 'documentSetting.php', 'Document Number ', 0, 1, 0, 0, 0, 1, 0, 0, 0, 2, '2011-11-22 18:30:06'),
	(42, 4, 16, 57, 35, 2, '', 'documentSequence.php', 'Document Sequence', 0, 1, 0, 0, 0, 1, 0, 0, 0, 2, '2011-11-22 18:30:06'),
	(43, 4, 16, 80, 35, 1, '', 'depositType.php', 'Deposit Type', 0, 1, 0, 0, 0, 1, 0, 0, 0, 2, '2011-11-22 18:30:06'),
	(44, 4, 27, 77, 35, 1, '', 'quotation.php', 'Quotation', 0, 1, 0, 0, 0, 1, 0, 0, 0, 2, '2011-11-22 18:30:06'),
	(45, 4, 27, 77, 35, 2, '', 'sales.php', 'Sales Order', 0, 1, 0, 0, 0, 1, 0, 0, 0, 2, '2011-11-22 18:30:06'),
	(46, 4, 27, 77, 35, 3, '', 'delivery.php', 'Delivery', 0, 1, 0, 0, 0, 1, 0, 0, 0, 2, '2011-11-22 18:30:06'),
	(47, 4, 27, 77, 35, 4, '', 'return.php', 'Return Item', 0, 1, 0, 0, 0, 1, 0, 0, 0, 2, '2011-11-22 18:30:06'),
	(48, 4, 27, 77, 35, 5, '', 'depositLedger.php', 'Deposit', 0, 1, 0, 0, 0, 1, 0, 0, 0, 2, '2011-11-22 18:30:06'),
	(49, 4, 27, 77, 35, 6, '', 'invoiceandpayment.php', 'Invoice + Payment', 0, 1, 0, 0, 0, 1, 0, 0, 0, 2, '2011-11-22 18:30:06'),
	(50, 4, 27, 59, 35, 1, '', 'voucherLedger.php', 'Payment Voucher', 0, 1, 0, 0, 0, 1, 0, 0, 0, 2, '2011-11-22 18:30:06'),
	(51, 4, 27, 58, 35, 1, '', 'invoiceLedger.php', 'Invoice', 0, 1, 0, 0, 0, 1, 0, 0, 0, 2, '2011-11-22 18:30:06'),
	(52, 4, 27, 58, 35, 2, '', 'invoiceRecurring.php', 'Recurring Invoice', 0, 1, 0, 0, 0, 1, 0, 0, 0, 2, '2011-11-22 18:30:06'),
	(53, 4, 27, 58, 35, 4, '', 'invoiceReverse.php', 'Reverse Invoice', 0, 1, 0, 0, 0, 1, 0, 0, 0, 2, '2011-11-22 18:30:06'),
	(54, 4, 27, 79, 35, 1, '', 'adjustmentLedger.php', 'adjustment.php', 0, 1, 0, 0, 0, 1, 0, 0, 0, 2, '2011-11-22 18:30:06'),
	(55, 4, 27, 79, 35, 2, '', 'adjustmentHistory.php', 'Adjustment History', 0, 1, 0, 0, 0, 1, 0, 0, 0, 2, '2011-11-22 18:30:06'),
	(56, 4, 27, 81, 35, 3, '', 'lateinterest.php', 'Late Interest', 0, 1, 0, 0, 0, 1, 0, 0, 0, 2, '2011-11-22 18:30:06'),
	(57, 4, 27, 79, 35, 5, '', 'creditMemo.php', 'Credit Memo', 0, 1, 0, 0, 0, 1, 0, 0, 0, 2, '2011-11-22 18:30:06'),
	(58, 7, 8, 19, 35, 1, '', 'documentSetting.php', 'Document Number', 0, 1, 0, 0, 0, 1, 0, 0, 0, 2, '2011-11-22 18:30:06'),
	(59, 7, 8, 89, 35, 2, '', 'membershipSetting.php', 'Setting', 0, 1, 0, 0, 0, 1, 0, 0, 0, 2, '2011-11-22 18:30:06'),
	(60, 7, 8, 19, 35, 3, '', 'documentAssign.php', 'Document Assign', 0, 1, 0, 0, 0, 1, 0, 0, 0, 2, '2011-11-22 18:30:06'),
	(61, 7, 18, 69, 35, 1, '', 'membershipEntry.php', 'Entry', 0, 1, 0, 0, 0, 1, 0, 0, 0, 2, '2011-11-22 18:30:06'),
	(62, 7, 18, 69, 35, 2, '', 'approved.php', 'Approved', 0, 1, 0, 0, 0, 1, 0, 0, 0, 2, '2011-11-22 18:30:06'),
	(63, 7, 18, 69, 35, 3, '', 'update.php', 'Update', 0, 1, 0, 0, 0, 1, 0, 0, 0, 2, '2011-11-22 18:30:06'),
	(64, 7, 19, 20, 35, 1, '', 'dividen.php', 'Dividen', 0, 1, 0, 0, 0, 1, 0, 0, 0, 2, '2011-11-22 18:30:06'),
	(65, 7, 36, 21, 35, 2, '', 'shareReport.php', 'List Share', 0, 1, 0, 0, 0, 1, 0, 0, 0, 2, '2011-11-22 18:30:06'),
	(66, 7, 36, 21, 35, 1, '', 'feeReport.php', 'List fee', 0, 1, 0, 0, 0, 1, 0, 0, 0, 2, '2011-11-22 18:30:06'),
	(67, 7, 36, 21, 35, 3, '', 'voterReport.php', 'List Voter', 0, 1, 0, 0, 0, 1, 0, 0, 0, 2, '2011-11-22 18:30:06'),
	(68, 7, 8, 19, 35, 2, '', 'documentSequence.php', 'Document Sequence', 0, 1, 0, 0, 0, 1, 0, 0, 0, 2, '2011-11-22 18:30:06'),
	(69, 1, 31, 67, 36, 7, '', 'marriage.php', 'Marriage Status', 0, 1, 0, 0, 0, 1, 0, 0, 0, 2, '2011-11-22 18:30:06'),
	(70, 1, 31, 67, 36, 8, '', 'skill.php', 'Skill', 0, 1, 0, 0, 0, 1, 0, 0, 0, 2, '2011-11-22 18:30:06'),
	(71, 1, 31, 67, 36, 9, '', 'disease.php', 'Disease', 0, 1, 0, 0, 0, 1, 0, 0, 0, 2, '2011-11-22 18:30:06'),
	(72, 1, 31, 67, 36, 10, '', 'saving.php', 'Saving', 0, 1, 0, 0, 0, 1, 0, 0, 0, 2, '2011-11-22 18:30:06'),
	(73, 1, 31, 67, 36, 11, '', 'impair.php', 'Impair', 0, 1, 0, 0, 0, 1, 0, 0, 0, 2, '2011-11-22 18:30:06'),
	(74, 1, 31, 67, 36, 12, '', 'education.php', 'Education', 0, 1, 0, 0, 0, 1, 0, 0, 0, 2, '2011-11-22 18:30:06'),
	(75, 1, 31, 67, 36, 13, '', 'bank.php', 'Bank', 0, 1, 0, 0, 0, 1, 0, 0, 0, 2, '2011-11-22 18:30:06'),
	(76, 1, 31, 67, 36, 14, '', 'family.php', 'Family', 0, 1, 0, 0, 0, 1, 0, 0, 0, 2, '2011-11-22 18:30:06'),
	(77, 8, 9, 22, 35, 1, '', 'bank.php', 'Bank Account', 0, 1, 0, 0, 0, 1, 0, 0, 0, 2, '2011-11-22 18:30:06'),
	(78, 8, 9, 22, 35, 2, '', 'bankCategory.php', 'Bank Category', 0, 1, 0, 0, 0, 1, 0, 0, 0, 2, '2011-11-22 18:30:06'),
	(79, 8, 20, 23, 35, 1, '', 'bankBalance.php', 'Bank Balance ', 0, 1, 0, 0, 0, 1, 0, 0, 0, 2, '2011-11-22 18:30:06'),
	(80, 8, 20, 23, 35, 2, '', 'bankTransfer.php', 'Transfer Funds', 0, 1, 0, 0, 0, 1, 0, 0, 0, 2, '2011-11-22 18:30:06'),
	(81, 8, 20, 23, 35, 3, '', 'bankDeposit.php', 'Deposit Payment', 0, 1, 0, 0, 0, 1, 0, 0, 0, 2, '2011-11-22 18:30:06'),
	(82, 8, 37, 53, 35, 1, '', 'bankCashFlowReport.php', 'Bank Cash Flow Report', 0, 1, 0, 0, 0, 1, 0, 0, 0, 2, '2011-11-22 18:30:06'),
	(83, 7, 36, 21, 35, 5, '', 'memberReport.php', 'List Member', 0, 1, 0, 0, 0, 1, 0, 0, 0, 2, '2011-11-22 18:30:06'),
	(84, 7, 36, 21, 35, 4, '', 'dividenReport.php', 'Dividen Report', 0, 1, 0, 0, 0, 1, 0, 0, 0, 2, '2011-11-22 18:30:06'),
	(85, 4, 27, 79, 35, 3, '', 'refundLedger.php', 'Refund', 0, 1, 0, 0, 0, 1, 0, 0, 0, 2, '2011-11-22 18:30:06'),
	(86, 19, 41, 86, 82, 1, '', 'businessPartnerCategory.php', 'Business Partner Category', 0, 1, 0, 0, 0, 1, 0, 0, 0, 2, '2011-11-22 18:30:06'),
	(87, 19, 42, 83, 83, 2, '', 'businessPartner.php', 'Business Partner', 0, 1, 0, 0, 0, 1, 0, 0, 0, 2, '2011-11-22 18:30:06'),
	(88, 4, 16, 80, 35, 3, '', 'invoiceCategory.php', 'Invoice Category', 0, 1, 0, 0, 0, 1, 0, 0, 0, 2, '2011-11-22 18:30:06'),
	(89, 4, 16, 80, 35, 4, '', 'invoiceType.php', 'Invoice Type', 0, 1, 0, 0, 0, 1, 0, 0, 0, 2, '2011-11-22 18:30:06'),
	(90, 4, 16, 80, 35, 5, '', 'lateInterestType.php', 'Late Interest Type', 0, 1, 0, 0, 0, 1, 0, 0, 0, 2, '2011-11-22 18:30:06'),
	(91, 7, 8, 89, 35, 1, '', 'membershipType.php', 'Membership Type', 0, 1, 0, 0, 0, 1, 0, 0, 0, 2, '2011-11-22 18:30:06'),
	(92, 3, 24, 10, 35, 4, '', 'generalLedgerJournalHistory.php', 'Journal History', 0, 1, 0, 0, 0, 1, 0, 0, 0, 2, '2011-11-22 18:30:06'),
	(93, 4, 27, 79, 35, 4, '', 'refundHistory.php', 'Refund History', 0, 1, 0, 0, 0, 1, 0, 0, 0, 2, '2011-11-22 18:30:06'),
	(94, 4, 27, 58, 35, 5, '', 'invoiceHistory.php', 'Invoice History', 0, 1, 0, 0, 0, 1, 0, 0, 0, 2, '2011-11-22 18:30:06'),
	(95, 19, 41, 86, 82, 2, '', 'businessPartnerAccount.php', 'Business Partner Account', 0, 1, 0, 0, 0, 1, 0, 0, 0, 2, '2011-11-22 18:30:06'),
	(96, 8, 20, 23, 35, 4, '', 'bankRenconcile.php', 'Bank Reconcilation', 0, 1, 0, 0, 0, 1, 0, 0, 0, 2, '2011-11-22 18:30:06'),
	(97, 4, 27, 58, 35, 3, '', 'invoiceRecurringPosting.php', 'Recurring Invoice Posting', 0, 1, 0, 0, 0, 1, 0, 0, 0, 2, '2011-11-22 18:30:06'),
	(98, 3, 5, 78, 35, 4, '', 'generalLedgerChartOfAccountType.php', 'Chart Of Account Type', 0, 1, 0, 0, 0, 1, 0, 0, 0, 2, '2011-11-22 18:30:06'),
	(99, 3, 5, 78, 35, 5, '', 'generalLedgerChartOfAccountSegmentType.php', 'Chart Of Account Segment Type', 0, 1, 0, 0, 0, 1, 0, 0, 0, 2, '2011-11-22 18:30:06'),
	(100, 3, 5, 78, 35, 6, '', 'generalLedgerBudgetType.php', 'Budget Type', 0, 1, 0, 0, 0, 1, 0, 0, 0, 2, '2011-11-22 18:30:06'),
	(101, 3, 5, 78, 35, 7, '', 'generalLedgerForecastType.php', 'Forecast  Type', 0, 1, 0, 0, 0, 1, 0, 0, 0, 2, '2011-11-22 18:30:06'),
	(102, 3, 5, 78, 35, 8, '', 'generalLedgerJournalType.php', 'Journal  Type', 0, 1, 0, 0, 0, 1, 0, 0, 0, 2, '2011-11-22 18:30:06'),
	(103, 3, 24, 75, 35, 6, '', 'generalLedgerChartOfAccountAccess.php', 'Account Access', 0, 1, 0, 0, 0, 1, 0, 0, 0, 2, '2011-11-22 18:30:06'),
	(104, 3, 5, 78, 35, 2, '', 'financialDuration.php', 'Setting Financial Period', 0, 1, 0, 0, 0, 1, 0, 0, 0, 2, '2011-11-22 18:30:06'),
	(105, 4, 16, 80, 35, 2, '', 'voucherType.php', 'Voucher Type', 0, 1, 0, 0, 0, 1, 0, 0, 0, 2, '2011-11-22 18:30:06');
/*!40000 ALTER TABLE `leaf` ENABLE KEYS */;


# Dumping structure for table icore.leafaccess
DROP TABLE IF EXISTS `leafaccess`;
CREATE TABLE IF NOT EXISTS `leafaccess` (
  `leafAccessId` int(11) NOT NULL AUTO_INCREMENT COMMENT 'Access|',
  `leafId` int(11) NOT NULL COMMENT 'Leaf|',
  `staffId` int(11) NOT NULL COMMENT 'Staff|',
  `leafAccessDraftValue` tinyint(1) NOT NULL,
  `leafAccessCreateValue` tinyint(1) NOT NULL COMMENT 'Create|',
  `leafAccessReadValue` tinyint(1) NOT NULL,
  `leafAccessUpdateValue` tinyint(1) NOT NULL,
  `leafAccessDeleteValue` tinyint(1) NOT NULL,
  `leafAccessReviewValue` tinyint(1) NOT NULL,
  `leafAccessApprovedValue` tinyint(1) NOT NULL,
  `leafAccessPostValue` tinyint(1) NOT NULL,
  `leafAccessPrintValue` tinyint(1) NOT NULL,
  PRIMARY KEY (`leafAccessId`),
  KEY `leafId` (`leafId`),
  KEY `staffId` (`staffId`)
) ENGINE=InnoDB AUTO_INCREMENT=729 DEFAULT CHARSET=utf8 COLLATE=utf8_unicode_ci;

# Dumping data for table icore.leafaccess: ~691 rows (approximately)
/*!40000 ALTER TABLE `leafaccess` DISABLE KEYS */;
INSERT INTO `leafaccess` (`leafAccessId`, `leafId`, `staffId`, `leafAccessDraftValue`, `leafAccessCreateValue`, `leafAccessReadValue`, `leafAccessUpdateValue`, `leafAccessDeleteValue`, `leafAccessReviewValue`, `leafAccessApprovedValue`, `leafAccessPostValue`, `leafAccessPrintValue`) VALUES
	(1, 2, 2, 1, 1, 1, 1, 1, 1, 1, 1, 1),
	(2, 2, 3, 1, 1, 1, 1, 1, 1, 1, 1, 1),
	(3, 2, 4, 1, 1, 1, 1, 1, 1, 1, 1, 1),
	(4, 2, 5, 1, 1, 1, 1, 1, 1, 1, 1, 1),
	(5, 2, 6, 1, 1, 1, 1, 1, 1, 1, 1, 1),
	(6, 2, 7, 1, 1, 1, 1, 1, 1, 1, 1, 1),
	(7, 2, 8, 1, 1, 1, 1, 1, 1, 1, 1, 1),
	(8, 3, 2, 1, 1, 1, 1, 1, 1, 1, 1, 1),
	(9, 3, 3, 1, 1, 1, 1, 1, 1, 1, 1, 1),
	(10, 3, 4, 1, 1, 1, 1, 1, 1, 1, 1, 1),
	(11, 3, 5, 1, 1, 1, 1, 1, 1, 1, 1, 1),
	(12, 3, 6, 1, 1, 1, 1, 1, 1, 1, 1, 1),
	(13, 3, 7, 1, 1, 1, 1, 1, 1, 1, 1, 1),
	(14, 3, 8, 1, 1, 1, 1, 1, 1, 1, 1, 1),
	(15, 4, 2, 1, 1, 1, 1, 1, 1, 1, 1, 1),
	(16, 4, 3, 1, 1, 1, 1, 1, 1, 1, 1, 1),
	(17, 4, 4, 1, 1, 1, 1, 1, 1, 1, 1, 1),
	(18, 4, 5, 1, 1, 1, 1, 1, 1, 1, 1, 1),
	(19, 4, 6, 1, 1, 1, 1, 1, 1, 1, 1, 1),
	(20, 4, 7, 1, 1, 1, 1, 1, 1, 1, 1, 1),
	(21, 4, 8, 1, 1, 1, 1, 1, 1, 1, 1, 1),
	(22, 5, 2, 1, 1, 1, 1, 1, 1, 1, 1, 1),
	(23, 5, 3, 1, 1, 1, 1, 1, 1, 1, 1, 1),
	(24, 5, 4, 1, 1, 1, 1, 1, 1, 1, 1, 1),
	(25, 5, 5, 1, 1, 1, 1, 1, 1, 1, 1, 1),
	(26, 5, 6, 1, 1, 1, 1, 1, 1, 1, 1, 1),
	(27, 5, 7, 1, 1, 1, 1, 1, 1, 1, 1, 1),
	(28, 5, 8, 1, 1, 1, 1, 1, 1, 1, 1, 1),
	(29, 6, 2, 1, 1, 1, 1, 1, 1, 1, 1, 1),
	(30, 6, 3, 1, 1, 1, 1, 1, 1, 1, 1, 1),
	(31, 6, 4, 1, 1, 1, 1, 1, 1, 1, 1, 1),
	(32, 6, 5, 1, 1, 1, 1, 1, 1, 1, 1, 1),
	(33, 6, 6, 1, 1, 1, 1, 1, 1, 1, 1, 1),
	(34, 6, 7, 1, 1, 1, 1, 1, 1, 1, 1, 1),
	(35, 6, 8, 1, 1, 1, 1, 1, 1, 1, 1, 1),
	(36, 7, 2, 1, 1, 1, 1, 1, 1, 1, 1, 1),
	(37, 7, 3, 1, 1, 1, 1, 1, 1, 1, 1, 1),
	(38, 7, 4, 1, 1, 1, 1, 1, 1, 1, 1, 1),
	(39, 7, 5, 1, 1, 1, 1, 1, 1, 1, 1, 1),
	(40, 7, 6, 1, 1, 1, 1, 1, 1, 1, 1, 1),
	(41, 7, 7, 1, 1, 1, 1, 1, 1, 1, 1, 1),
	(42, 7, 8, 1, 1, 1, 1, 1, 1, 1, 1, 1),
	(43, 8, 2, 1, 1, 1, 1, 1, 1, 1, 1, 1),
	(44, 8, 3, 1, 1, 1, 1, 1, 1, 1, 1, 1),
	(45, 8, 4, 1, 1, 1, 1, 1, 1, 1, 1, 1),
	(46, 8, 5, 1, 1, 1, 1, 1, 1, 1, 1, 1),
	(47, 8, 6, 1, 1, 1, 1, 1, 1, 1, 1, 1),
	(48, 8, 7, 1, 1, 1, 1, 1, 1, 1, 1, 1),
	(49, 8, 8, 1, 1, 1, 1, 1, 1, 1, 1, 1),
	(50, 9, 2, 1, 1, 1, 1, 1, 1, 1, 1, 1),
	(51, 9, 3, 1, 1, 1, 1, 1, 1, 1, 1, 1),
	(52, 9, 4, 1, 1, 1, 1, 1, 1, 1, 1, 1),
	(53, 9, 5, 1, 1, 1, 1, 1, 1, 1, 1, 1),
	(54, 9, 6, 1, 1, 1, 1, 1, 1, 1, 1, 1),
	(55, 9, 7, 1, 1, 1, 1, 1, 1, 1, 1, 1),
	(56, 9, 8, 1, 1, 1, 1, 1, 1, 1, 1, 1),
	(57, 10, 2, 1, 1, 1, 1, 1, 1, 1, 1, 1),
	(58, 10, 3, 1, 1, 1, 1, 1, 1, 1, 1, 1),
	(59, 10, 4, 1, 1, 1, 1, 1, 1, 1, 1, 1),
	(60, 10, 5, 1, 1, 1, 1, 1, 1, 1, 1, 1),
	(61, 10, 6, 1, 1, 1, 1, 1, 1, 1, 1, 1),
	(62, 10, 7, 1, 1, 1, 1, 1, 1, 1, 1, 1),
	(63, 10, 8, 1, 1, 1, 1, 1, 1, 1, 1, 1),
	(64, 11, 2, 1, 1, 1, 1, 1, 1, 1, 1, 1),
	(65, 11, 3, 1, 1, 1, 1, 1, 1, 1, 1, 1),
	(66, 11, 4, 1, 1, 1, 1, 1, 1, 1, 1, 1),
	(67, 11, 5, 1, 1, 1, 1, 1, 1, 1, 1, 1),
	(68, 11, 6, 1, 1, 1, 1, 1, 1, 1, 1, 1),
	(69, 11, 7, 1, 1, 1, 1, 1, 1, 1, 1, 1),
	(70, 11, 8, 1, 1, 1, 1, 1, 1, 1, 1, 1),
	(71, 12, 2, 1, 1, 1, 1, 1, 1, 1, 1, 1),
	(72, 12, 3, 1, 1, 1, 1, 1, 1, 1, 1, 1),
	(73, 12, 4, 1, 1, 1, 1, 1, 1, 1, 1, 1),
	(74, 12, 5, 1, 1, 1, 1, 1, 1, 1, 1, 1),
	(75, 12, 6, 1, 1, 1, 1, 1, 1, 1, 1, 1),
	(76, 12, 7, 1, 1, 1, 1, 1, 1, 1, 1, 1),
	(77, 12, 8, 1, 1, 1, 1, 1, 1, 1, 1, 1),
	(78, 13, 2, 1, 1, 1, 1, 1, 1, 1, 1, 1),
	(79, 13, 3, 1, 1, 1, 1, 1, 1, 1, 1, 1),
	(80, 13, 4, 1, 1, 1, 1, 1, 1, 1, 1, 1),
	(81, 13, 5, 1, 1, 1, 1, 1, 1, 1, 1, 1),
	(82, 13, 6, 1, 1, 1, 1, 1, 1, 1, 1, 1),
	(83, 13, 7, 1, 1, 1, 1, 1, 1, 1, 1, 1),
	(84, 13, 8, 1, 1, 1, 1, 1, 1, 1, 1, 1),
	(85, 14, 2, 1, 1, 1, 1, 1, 1, 1, 1, 1),
	(86, 14, 3, 1, 1, 1, 1, 1, 1, 1, 1, 1),
	(87, 14, 4, 1, 1, 1, 1, 1, 1, 1, 1, 1),
	(88, 14, 5, 1, 1, 1, 1, 1, 1, 1, 1, 1),
	(89, 14, 6, 1, 1, 1, 1, 1, 1, 1, 1, 1),
	(90, 14, 7, 1, 1, 1, 1, 1, 1, 1, 1, 1),
	(91, 14, 8, 1, 1, 1, 1, 1, 1, 1, 1, 1),
	(92, 15, 2, 1, 1, 1, 1, 1, 1, 1, 1, 1),
	(93, 15, 3, 1, 1, 1, 1, 1, 1, 1, 1, 1),
	(94, 15, 4, 1, 1, 1, 1, 1, 1, 1, 1, 1),
	(95, 15, 5, 1, 1, 1, 1, 1, 1, 1, 1, 1),
	(96, 15, 6, 1, 1, 1, 1, 1, 1, 1, 1, 1),
	(97, 15, 7, 1, 1, 1, 1, 1, 1, 1, 1, 1),
	(98, 15, 8, 1, 1, 1, 1, 1, 1, 1, 1, 1),
	(99, 16, 2, 1, 1, 1, 1, 1, 1, 1, 1, 1),
	(100, 16, 3, 1, 1, 1, 1, 1, 1, 1, 1, 1),
	(101, 16, 4, 1, 1, 1, 1, 1, 1, 1, 1, 1),
	(102, 16, 5, 1, 1, 1, 1, 1, 1, 1, 1, 1),
	(103, 16, 6, 1, 1, 1, 1, 1, 1, 1, 1, 1),
	(104, 16, 7, 1, 1, 1, 1, 1, 1, 1, 1, 1),
	(105, 16, 8, 1, 1, 1, 1, 1, 1, 1, 1, 1),
	(106, 17, 2, 1, 1, 1, 1, 1, 1, 1, 1, 1),
	(107, 17, 3, 1, 1, 1, 1, 1, 1, 1, 1, 1),
	(108, 17, 4, 1, 1, 1, 1, 1, 1, 1, 1, 1),
	(109, 17, 5, 1, 1, 1, 1, 1, 1, 1, 1, 1),
	(110, 17, 6, 1, 1, 1, 1, 1, 1, 1, 1, 1),
	(111, 17, 7, 1, 1, 1, 1, 1, 1, 1, 1, 1),
	(112, 17, 8, 1, 1, 1, 1, 1, 1, 1, 1, 1),
	(113, 18, 2, 1, 1, 1, 1, 1, 1, 1, 1, 1),
	(114, 18, 3, 1, 1, 1, 1, 1, 1, 1, 1, 1),
	(115, 18, 4, 1, 1, 1, 1, 1, 1, 1, 1, 1),
	(116, 18, 5, 1, 1, 1, 1, 1, 1, 1, 1, 1),
	(117, 18, 6, 1, 1, 1, 1, 1, 1, 1, 1, 1),
	(118, 18, 7, 1, 1, 1, 1, 1, 1, 1, 1, 1),
	(119, 18, 8, 1, 1, 1, 1, 1, 1, 1, 1, 1),
	(120, 19, 2, 1, 1, 1, 1, 1, 1, 1, 1, 1),
	(121, 19, 3, 1, 1, 1, 1, 1, 1, 1, 1, 1),
	(122, 19, 4, 1, 1, 1, 1, 1, 1, 1, 1, 1),
	(123, 19, 5, 1, 1, 1, 1, 1, 1, 1, 1, 1),
	(124, 19, 6, 1, 1, 1, 1, 1, 1, 1, 1, 1),
	(125, 19, 7, 1, 1, 1, 1, 1, 1, 1, 1, 1),
	(126, 19, 8, 1, 1, 1, 1, 1, 1, 1, 1, 1),
	(127, 20, 2, 1, 1, 1, 1, 1, 1, 1, 1, 1),
	(128, 20, 3, 1, 1, 1, 1, 1, 1, 1, 1, 1),
	(129, 20, 4, 1, 1, 1, 1, 1, 1, 1, 1, 1),
	(130, 20, 5, 1, 1, 1, 1, 1, 1, 1, 1, 1),
	(131, 20, 6, 1, 1, 1, 1, 1, 1, 1, 1, 1),
	(132, 20, 7, 1, 1, 1, 1, 1, 1, 1, 1, 1),
	(133, 20, 8, 1, 1, 1, 1, 1, 1, 1, 1, 1),
	(134, 21, 2, 1, 1, 1, 1, 1, 1, 1, 1, 1),
	(135, 21, 3, 1, 1, 1, 1, 1, 1, 1, 1, 1),
	(136, 21, 4, 1, 1, 1, 1, 1, 1, 1, 1, 1),
	(137, 21, 5, 1, 1, 1, 1, 1, 1, 1, 1, 1),
	(138, 21, 6, 1, 1, 1, 1, 1, 1, 1, 1, 1),
	(139, 21, 7, 1, 1, 1, 1, 1, 1, 1, 1, 1),
	(140, 21, 8, 1, 1, 1, 1, 1, 1, 1, 1, 1),
	(141, 22, 2, 1, 1, 1, 1, 1, 1, 1, 1, 1),
	(142, 22, 3, 1, 1, 1, 1, 1, 1, 1, 1, 1),
	(143, 22, 4, 1, 1, 1, 1, 1, 1, 1, 1, 1),
	(144, 22, 5, 1, 1, 1, 1, 1, 1, 1, 1, 1),
	(145, 22, 6, 1, 1, 1, 1, 1, 1, 1, 1, 1),
	(146, 22, 7, 1, 1, 1, 1, 1, 1, 1, 1, 1),
	(147, 22, 8, 1, 1, 1, 1, 1, 1, 1, 1, 1),
	(148, 23, 2, 1, 1, 1, 1, 1, 1, 1, 1, 1),
	(149, 23, 3, 1, 1, 1, 1, 1, 1, 1, 1, 1),
	(150, 23, 4, 1, 1, 1, 1, 1, 1, 1, 1, 1),
	(151, 23, 5, 1, 1, 1, 1, 1, 1, 1, 1, 1),
	(152, 23, 6, 1, 1, 1, 1, 1, 1, 1, 1, 1),
	(153, 23, 7, 1, 1, 1, 1, 1, 1, 1, 1, 1),
	(154, 23, 8, 1, 1, 1, 1, 1, 1, 1, 1, 1),
	(155, 24, 2, 1, 1, 1, 1, 1, 1, 1, 1, 1),
	(156, 24, 3, 1, 1, 1, 1, 1, 1, 1, 1, 1),
	(157, 24, 4, 1, 1, 1, 1, 1, 1, 1, 1, 1),
	(158, 24, 5, 1, 1, 1, 1, 1, 1, 1, 1, 1),
	(159, 24, 6, 1, 1, 1, 1, 1, 1, 1, 1, 1),
	(160, 24, 7, 1, 1, 1, 1, 1, 1, 1, 1, 1),
	(161, 24, 8, 1, 1, 1, 1, 1, 1, 1, 1, 1),
	(162, 25, 2, 1, 1, 1, 1, 1, 1, 1, 1, 1),
	(163, 25, 3, 1, 1, 1, 1, 1, 1, 1, 1, 1),
	(164, 25, 4, 1, 1, 1, 1, 1, 1, 1, 1, 1),
	(165, 25, 5, 1, 1, 1, 1, 1, 1, 1, 1, 1),
	(166, 25, 6, 1, 1, 1, 1, 1, 1, 1, 1, 1),
	(167, 25, 7, 1, 1, 1, 1, 1, 1, 1, 1, 1),
	(168, 25, 8, 1, 1, 1, 1, 1, 1, 1, 1, 1),
	(169, 26, 2, 1, 1, 1, 1, 1, 1, 1, 1, 1),
	(170, 26, 3, 1, 1, 1, 1, 1, 1, 1, 1, 1),
	(171, 26, 4, 1, 1, 1, 1, 1, 1, 1, 1, 1),
	(172, 26, 5, 1, 1, 1, 1, 1, 1, 1, 1, 1),
	(173, 26, 6, 1, 1, 1, 1, 1, 1, 1, 1, 1),
	(174, 26, 7, 1, 1, 1, 1, 1, 1, 1, 1, 1),
	(175, 26, 8, 1, 1, 1, 1, 1, 1, 1, 1, 1),
	(176, 27, 2, 1, 1, 1, 1, 1, 1, 1, 1, 1),
	(177, 27, 3, 1, 1, 1, 1, 1, 1, 1, 1, 1),
	(178, 27, 4, 1, 1, 1, 1, 1, 1, 1, 1, 1),
	(179, 27, 5, 1, 1, 1, 1, 1, 1, 1, 1, 1),
	(180, 27, 6, 1, 1, 1, 1, 1, 1, 1, 1, 1),
	(181, 27, 7, 1, 1, 1, 1, 1, 1, 1, 1, 1),
	(182, 27, 8, 1, 1, 1, 1, 1, 1, 1, 1, 1),
	(183, 28, 2, 1, 1, 1, 1, 1, 1, 1, 1, 1),
	(184, 28, 3, 1, 1, 1, 1, 1, 1, 1, 1, 1),
	(185, 28, 4, 1, 1, 1, 1, 1, 1, 1, 1, 1),
	(186, 28, 5, 1, 1, 1, 1, 1, 1, 1, 1, 1),
	(187, 28, 6, 1, 1, 1, 1, 1, 1, 1, 1, 1),
	(188, 28, 7, 1, 1, 1, 1, 1, 1, 1, 1, 1),
	(189, 28, 8, 1, 1, 1, 1, 1, 1, 1, 1, 1),
	(190, 29, 2, 1, 1, 1, 1, 1, 1, 1, 1, 1),
	(191, 29, 3, 1, 1, 1, 1, 1, 1, 1, 1, 1),
	(192, 29, 4, 1, 1, 1, 1, 1, 1, 1, 1, 1),
	(193, 29, 5, 1, 1, 1, 1, 1, 1, 1, 1, 1),
	(194, 29, 6, 1, 1, 1, 1, 1, 1, 1, 1, 1),
	(195, 29, 7, 1, 1, 1, 1, 1, 1, 1, 1, 1),
	(196, 29, 8, 1, 1, 1, 1, 1, 1, 1, 1, 1),
	(197, 30, 2, 1, 1, 1, 1, 1, 1, 1, 1, 1),
	(198, 30, 3, 1, 1, 1, 1, 1, 1, 1, 1, 1),
	(199, 30, 4, 1, 1, 1, 1, 1, 1, 1, 1, 1),
	(200, 30, 5, 1, 1, 1, 1, 1, 1, 1, 1, 1),
	(201, 30, 6, 1, 1, 1, 1, 1, 1, 1, 1, 1),
	(202, 30, 7, 1, 1, 1, 1, 1, 1, 1, 1, 1),
	(203, 30, 8, 1, 1, 1, 1, 1, 1, 1, 1, 1),
	(204, 31, 2, 1, 1, 1, 1, 1, 1, 1, 1, 1),
	(205, 31, 3, 1, 1, 1, 1, 1, 1, 1, 1, 1),
	(206, 31, 4, 1, 1, 1, 1, 1, 1, 1, 1, 1),
	(207, 31, 5, 1, 1, 1, 1, 1, 1, 1, 1, 1),
	(208, 31, 6, 1, 1, 1, 1, 1, 1, 1, 1, 1),
	(209, 31, 7, 1, 1, 1, 1, 1, 1, 1, 1, 1),
	(210, 31, 8, 1, 1, 1, 1, 1, 1, 1, 1, 1),
	(211, 32, 2, 1, 1, 1, 1, 1, 1, 1, 1, 1),
	(212, 32, 3, 1, 1, 1, 1, 1, 1, 1, 1, 1),
	(213, 32, 4, 1, 1, 1, 1, 1, 1, 1, 1, 1),
	(214, 32, 5, 1, 1, 1, 1, 1, 1, 1, 1, 1),
	(215, 32, 6, 1, 1, 1, 1, 1, 1, 1, 1, 1),
	(216, 32, 7, 1, 1, 1, 1, 1, 1, 1, 1, 1),
	(217, 32, 8, 1, 1, 1, 1, 1, 1, 1, 1, 1),
	(218, 33, 2, 1, 1, 1, 1, 1, 1, 1, 1, 1),
	(219, 33, 3, 1, 1, 1, 1, 1, 1, 1, 1, 1),
	(220, 33, 4, 1, 1, 1, 1, 1, 1, 1, 1, 1),
	(221, 33, 5, 1, 1, 1, 1, 1, 1, 1, 1, 1),
	(222, 33, 6, 1, 1, 1, 1, 1, 1, 1, 1, 1),
	(223, 33, 7, 1, 1, 1, 1, 1, 1, 1, 1, 1),
	(224, 33, 8, 1, 1, 1, 1, 1, 1, 1, 1, 1),
	(225, 34, 2, 1, 1, 1, 1, 1, 1, 1, 1, 1),
	(226, 34, 3, 1, 1, 1, 1, 1, 1, 1, 1, 1),
	(227, 34, 4, 1, 1, 1, 1, 1, 1, 1, 1, 1),
	(228, 34, 5, 1, 1, 1, 1, 1, 1, 1, 1, 1),
	(229, 34, 6, 1, 1, 1, 1, 1, 1, 1, 1, 1),
	(230, 34, 7, 1, 1, 1, 1, 1, 1, 1, 1, 1),
	(231, 34, 8, 1, 1, 1, 1, 1, 1, 1, 1, 1),
	(232, 35, 2, 1, 1, 1, 1, 1, 1, 1, 1, 1),
	(233, 35, 3, 1, 1, 1, 1, 1, 1, 1, 1, 1),
	(234, 35, 4, 1, 1, 1, 1, 1, 1, 1, 1, 1),
	(235, 35, 5, 1, 1, 1, 1, 1, 1, 1, 1, 1),
	(236, 35, 6, 1, 1, 1, 1, 1, 1, 1, 1, 1),
	(237, 35, 7, 1, 1, 1, 1, 1, 1, 1, 1, 1),
	(238, 35, 8, 1, 1, 1, 1, 1, 1, 1, 1, 1),
	(239, 36, 2, 1, 1, 1, 1, 1, 1, 1, 1, 1),
	(240, 36, 3, 1, 1, 1, 1, 1, 1, 1, 1, 1),
	(241, 36, 4, 1, 1, 1, 1, 1, 1, 1, 1, 1),
	(242, 36, 5, 1, 1, 1, 1, 1, 1, 1, 1, 1),
	(243, 36, 6, 1, 1, 1, 1, 1, 1, 1, 1, 1),
	(244, 36, 7, 1, 1, 1, 1, 1, 1, 1, 1, 1),
	(245, 36, 8, 1, 1, 1, 1, 1, 1, 1, 1, 1),
	(246, 37, 2, 1, 1, 1, 1, 1, 1, 1, 1, 1),
	(247, 37, 3, 1, 1, 1, 1, 1, 1, 1, 1, 1),
	(248, 37, 4, 1, 1, 1, 1, 1, 1, 1, 1, 1),
	(249, 37, 5, 1, 1, 1, 1, 1, 1, 1, 1, 1),
	(250, 37, 6, 1, 1, 1, 1, 1, 1, 1, 1, 1),
	(251, 37, 7, 1, 1, 1, 1, 1, 1, 1, 1, 1),
	(252, 37, 8, 1, 1, 1, 1, 1, 1, 1, 1, 1),
	(253, 38, 2, 1, 1, 1, 1, 1, 1, 1, 1, 1),
	(254, 38, 3, 1, 1, 1, 1, 1, 1, 1, 1, 1),
	(255, 38, 4, 1, 1, 1, 1, 1, 1, 1, 1, 1),
	(256, 38, 5, 1, 1, 1, 1, 1, 1, 1, 1, 1),
	(257, 38, 6, 1, 1, 1, 1, 1, 1, 1, 1, 1),
	(258, 38, 7, 1, 1, 1, 1, 1, 1, 1, 1, 1),
	(259, 38, 8, 1, 1, 1, 1, 1, 1, 1, 1, 1),
	(260, 39, 2, 1, 1, 1, 1, 1, 1, 1, 1, 1),
	(261, 39, 3, 1, 1, 1, 1, 1, 1, 1, 1, 1),
	(262, 39, 4, 1, 1, 1, 1, 1, 1, 1, 1, 1),
	(263, 39, 5, 1, 1, 1, 1, 1, 1, 1, 1, 1),
	(264, 39, 6, 1, 1, 1, 1, 1, 1, 1, 1, 1),
	(265, 39, 7, 1, 1, 1, 1, 1, 1, 1, 1, 1),
	(266, 39, 8, 1, 1, 1, 1, 1, 1, 1, 1, 1),
	(267, 40, 2, 1, 1, 1, 1, 1, 1, 1, 1, 1),
	(268, 40, 3, 1, 1, 1, 1, 1, 1, 1, 1, 1),
	(269, 40, 4, 1, 1, 1, 1, 1, 1, 1, 1, 1),
	(270, 40, 5, 1, 1, 1, 1, 1, 1, 1, 1, 1),
	(271, 40, 6, 1, 1, 1, 1, 1, 1, 1, 1, 1),
	(272, 40, 7, 1, 1, 1, 1, 1, 1, 1, 1, 1),
	(273, 40, 8, 1, 1, 1, 1, 1, 1, 1, 1, 1),
	(274, 41, 2, 1, 1, 1, 1, 1, 1, 1, 1, 1),
	(275, 41, 3, 1, 1, 1, 1, 1, 1, 1, 1, 1),
	(276, 41, 4, 1, 1, 1, 1, 1, 1, 1, 1, 1),
	(277, 41, 5, 1, 1, 1, 1, 1, 1, 1, 1, 1),
	(278, 41, 6, 1, 1, 1, 1, 1, 1, 1, 1, 1),
	(279, 41, 7, 1, 1, 1, 1, 1, 1, 1, 1, 1),
	(280, 41, 8, 1, 1, 1, 1, 1, 1, 1, 1, 1),
	(281, 42, 2, 1, 1, 1, 1, 1, 1, 1, 1, 1),
	(282, 42, 3, 1, 1, 1, 1, 1, 1, 1, 1, 1),
	(283, 42, 4, 1, 1, 1, 1, 1, 1, 1, 1, 1),
	(284, 42, 5, 1, 1, 1, 1, 1, 1, 1, 1, 1),
	(285, 42, 6, 1, 1, 1, 1, 1, 1, 1, 1, 1),
	(286, 42, 7, 1, 1, 1, 1, 1, 1, 1, 1, 1),
	(287, 42, 8, 1, 1, 1, 1, 1, 1, 1, 1, 1),
	(288, 43, 2, 1, 1, 1, 1, 1, 1, 1, 1, 1),
	(289, 43, 3, 1, 1, 1, 1, 1, 1, 1, 1, 1),
	(290, 43, 4, 1, 1, 1, 1, 1, 1, 1, 1, 1),
	(291, 43, 5, 1, 1, 1, 1, 1, 1, 1, 1, 1),
	(292, 43, 6, 1, 1, 1, 1, 1, 1, 1, 1, 1),
	(293, 43, 7, 1, 1, 1, 1, 1, 1, 1, 1, 1),
	(294, 43, 8, 1, 1, 1, 1, 1, 1, 1, 1, 1),
	(295, 44, 2, 1, 1, 1, 1, 1, 1, 1, 1, 1),
	(296, 44, 3, 1, 1, 1, 1, 1, 1, 1, 1, 1),
	(297, 44, 4, 1, 1, 1, 1, 1, 1, 1, 1, 1),
	(298, 44, 5, 1, 1, 1, 1, 1, 1, 1, 1, 1),
	(299, 44, 6, 1, 1, 1, 1, 1, 1, 1, 1, 1),
	(300, 44, 7, 1, 1, 1, 1, 1, 1, 1, 1, 1),
	(301, 44, 8, 1, 1, 1, 1, 1, 1, 1, 1, 1),
	(302, 45, 2, 1, 1, 1, 1, 1, 1, 1, 1, 1),
	(303, 45, 3, 1, 1, 1, 1, 1, 1, 1, 1, 1),
	(304, 45, 4, 1, 1, 1, 1, 1, 1, 1, 1, 1),
	(305, 45, 5, 1, 1, 1, 1, 1, 1, 1, 1, 1),
	(306, 45, 6, 1, 1, 1, 1, 1, 1, 1, 1, 1),
	(307, 45, 7, 1, 1, 1, 1, 1, 1, 1, 1, 1),
	(308, 45, 8, 1, 1, 1, 1, 1, 1, 1, 1, 1),
	(309, 46, 2, 1, 1, 1, 1, 1, 1, 1, 1, 1),
	(310, 46, 3, 1, 1, 1, 1, 1, 1, 1, 1, 1),
	(311, 46, 4, 1, 1, 1, 1, 1, 1, 1, 1, 1),
	(312, 46, 5, 1, 1, 1, 1, 1, 1, 1, 1, 1),
	(313, 46, 6, 1, 1, 1, 1, 1, 1, 1, 1, 1),
	(314, 46, 7, 1, 1, 1, 1, 1, 1, 1, 1, 1),
	(315, 46, 8, 1, 1, 1, 1, 1, 1, 1, 1, 1),
	(316, 47, 2, 1, 1, 1, 1, 1, 1, 1, 1, 1),
	(317, 47, 3, 1, 1, 1, 1, 1, 1, 1, 1, 1),
	(318, 47, 4, 1, 1, 1, 1, 1, 1, 1, 1, 1),
	(319, 47, 5, 1, 1, 1, 1, 1, 1, 1, 1, 1),
	(320, 47, 6, 1, 1, 1, 1, 1, 1, 1, 1, 1),
	(321, 47, 7, 1, 1, 1, 1, 1, 1, 1, 1, 1),
	(322, 47, 8, 1, 1, 1, 1, 1, 1, 1, 1, 1),
	(323, 48, 2, 1, 1, 1, 1, 1, 1, 1, 1, 1),
	(324, 48, 3, 1, 1, 1, 1, 1, 1, 1, 1, 1),
	(325, 48, 4, 1, 1, 1, 1, 1, 1, 1, 1, 1),
	(326, 48, 5, 1, 1, 1, 1, 1, 1, 1, 1, 1),
	(327, 48, 6, 1, 1, 1, 1, 1, 1, 1, 1, 1),
	(328, 48, 7, 1, 1, 1, 1, 1, 1, 1, 1, 1),
	(329, 48, 8, 1, 1, 1, 1, 1, 1, 1, 1, 1),
	(330, 49, 2, 1, 1, 1, 1, 1, 1, 1, 1, 1),
	(331, 49, 3, 1, 1, 1, 1, 1, 1, 1, 1, 1),
	(332, 49, 4, 1, 1, 1, 1, 1, 1, 1, 1, 1),
	(333, 49, 5, 1, 1, 1, 1, 1, 1, 1, 1, 1),
	(334, 49, 6, 1, 1, 1, 1, 1, 1, 1, 1, 1),
	(335, 49, 7, 1, 1, 1, 1, 1, 1, 1, 1, 1),
	(336, 49, 8, 1, 1, 1, 1, 1, 1, 1, 1, 1),
	(337, 50, 2, 1, 1, 1, 1, 1, 1, 1, 1, 1),
	(338, 50, 3, 1, 1, 1, 1, 1, 1, 1, 1, 1),
	(339, 50, 4, 1, 1, 1, 1, 1, 1, 1, 1, 1),
	(340, 50, 5, 1, 1, 1, 1, 1, 1, 1, 1, 1),
	(341, 50, 6, 1, 1, 1, 1, 1, 1, 1, 1, 1),
	(342, 50, 7, 1, 1, 1, 1, 1, 1, 1, 1, 1),
	(343, 50, 8, 1, 1, 1, 1, 1, 1, 1, 1, 1),
	(344, 51, 2, 1, 1, 1, 1, 1, 1, 1, 1, 1),
	(345, 51, 3, 1, 1, 1, 1, 1, 1, 1, 1, 1),
	(346, 51, 4, 1, 1, 1, 1, 1, 1, 1, 1, 1),
	(347, 51, 5, 1, 1, 1, 1, 1, 1, 1, 1, 1),
	(348, 51, 6, 1, 1, 1, 1, 1, 1, 1, 1, 1),
	(349, 51, 7, 1, 1, 1, 1, 1, 1, 1, 1, 1),
	(350, 51, 8, 1, 1, 1, 1, 1, 1, 1, 1, 1),
	(351, 52, 2, 1, 1, 1, 1, 1, 1, 1, 1, 1),
	(352, 52, 3, 1, 1, 1, 1, 1, 1, 1, 1, 1),
	(353, 52, 4, 1, 1, 1, 1, 1, 1, 1, 1, 1),
	(354, 52, 5, 1, 1, 1, 1, 1, 1, 1, 1, 1),
	(355, 52, 6, 1, 1, 1, 1, 1, 1, 1, 1, 1),
	(356, 52, 7, 1, 1, 1, 1, 1, 1, 1, 1, 1),
	(357, 52, 8, 1, 1, 1, 1, 1, 1, 1, 1, 1),
	(358, 53, 2, 1, 1, 1, 1, 1, 1, 1, 1, 1),
	(359, 53, 3, 1, 1, 1, 1, 1, 1, 1, 1, 1),
	(360, 53, 4, 1, 1, 1, 1, 1, 1, 1, 1, 1),
	(361, 53, 5, 1, 1, 1, 1, 1, 1, 1, 1, 1),
	(362, 53, 6, 1, 1, 1, 1, 1, 1, 1, 1, 1),
	(363, 53, 7, 1, 1, 1, 1, 1, 1, 1, 1, 1),
	(364, 53, 8, 1, 1, 1, 1, 1, 1, 1, 1, 1),
	(365, 54, 2, 1, 1, 1, 1, 1, 1, 1, 1, 1),
	(366, 54, 3, 1, 1, 1, 1, 1, 1, 1, 1, 1),
	(367, 54, 4, 1, 1, 1, 1, 1, 1, 1, 1, 1),
	(368, 54, 5, 1, 1, 1, 1, 1, 1, 1, 1, 1),
	(369, 54, 6, 1, 1, 1, 1, 1, 1, 1, 1, 1),
	(370, 54, 7, 1, 1, 1, 1, 1, 1, 1, 1, 1),
	(371, 54, 8, 1, 1, 1, 1, 1, 1, 1, 1, 1),
	(372, 55, 2, 1, 1, 1, 1, 1, 1, 1, 1, 1),
	(373, 55, 3, 1, 1, 1, 1, 1, 1, 1, 1, 1),
	(374, 55, 4, 1, 1, 1, 1, 1, 1, 1, 1, 1),
	(375, 55, 5, 1, 1, 1, 1, 1, 1, 1, 1, 1),
	(376, 55, 6, 1, 1, 1, 1, 1, 1, 1, 1, 1),
	(377, 55, 7, 1, 1, 1, 1, 1, 1, 1, 1, 1),
	(378, 55, 8, 1, 1, 1, 1, 1, 1, 1, 1, 1),
	(379, 56, 2, 1, 1, 1, 1, 1, 1, 1, 1, 1),
	(380, 56, 3, 1, 1, 1, 1, 1, 1, 1, 1, 1),
	(381, 56, 4, 1, 1, 1, 1, 1, 1, 1, 1, 1),
	(382, 56, 5, 1, 1, 1, 1, 1, 1, 1, 1, 1),
	(383, 56, 6, 1, 1, 1, 1, 1, 1, 1, 1, 1),
	(384, 56, 7, 1, 1, 1, 1, 1, 1, 1, 1, 1),
	(385, 56, 8, 1, 1, 1, 1, 1, 1, 1, 1, 1),
	(386, 57, 2, 1, 1, 1, 1, 1, 1, 1, 1, 1),
	(387, 57, 3, 1, 1, 1, 1, 1, 1, 1, 1, 1),
	(388, 57, 4, 1, 1, 1, 1, 1, 1, 1, 1, 1),
	(389, 57, 5, 1, 1, 1, 1, 1, 1, 1, 1, 1),
	(390, 57, 6, 1, 1, 1, 1, 1, 1, 1, 1, 1),
	(391, 57, 7, 1, 1, 1, 1, 1, 1, 1, 1, 1),
	(392, 57, 8, 1, 1, 1, 1, 1, 1, 1, 1, 1),
	(393, 58, 2, 1, 1, 1, 1, 1, 1, 1, 1, 1),
	(394, 58, 3, 1, 1, 1, 1, 1, 1, 1, 1, 1),
	(395, 58, 4, 1, 1, 1, 1, 1, 1, 1, 1, 1),
	(396, 58, 5, 1, 1, 1, 1, 1, 1, 1, 1, 1),
	(397, 58, 6, 1, 1, 1, 1, 1, 1, 1, 1, 1),
	(398, 58, 7, 1, 1, 1, 1, 1, 1, 1, 1, 1),
	(399, 58, 8, 1, 1, 1, 1, 1, 1, 1, 1, 1),
	(400, 59, 2, 1, 1, 1, 1, 1, 1, 1, 1, 1),
	(401, 59, 3, 1, 1, 1, 1, 1, 1, 1, 1, 1),
	(402, 59, 4, 1, 1, 1, 1, 1, 1, 1, 1, 1),
	(403, 59, 5, 1, 1, 1, 1, 1, 1, 1, 1, 1),
	(404, 59, 6, 1, 1, 1, 1, 1, 1, 1, 1, 1),
	(405, 59, 7, 1, 1, 1, 1, 1, 1, 1, 1, 1),
	(406, 59, 8, 1, 1, 1, 1, 1, 1, 1, 1, 1),
	(407, 60, 2, 1, 1, 1, 1, 1, 1, 1, 1, 1),
	(408, 60, 3, 1, 1, 1, 1, 1, 1, 1, 1, 1),
	(409, 60, 4, 1, 1, 1, 1, 1, 1, 1, 1, 1),
	(410, 60, 5, 1, 1, 1, 1, 1, 1, 1, 1, 1),
	(411, 60, 6, 1, 1, 1, 1, 1, 1, 1, 1, 1),
	(412, 60, 7, 1, 1, 1, 1, 1, 1, 1, 1, 1),
	(413, 60, 8, 1, 1, 1, 1, 1, 1, 1, 1, 1),
	(414, 61, 2, 1, 1, 1, 1, 1, 1, 1, 1, 1),
	(415, 61, 3, 1, 1, 1, 1, 1, 1, 1, 1, 1),
	(416, 61, 4, 1, 1, 1, 1, 1, 1, 1, 1, 1),
	(417, 61, 5, 1, 1, 1, 1, 1, 1, 1, 1, 1),
	(418, 61, 6, 1, 1, 1, 1, 1, 1, 1, 1, 1),
	(419, 61, 7, 1, 1, 1, 1, 1, 1, 1, 1, 1),
	(420, 61, 8, 1, 1, 1, 1, 1, 1, 1, 1, 1),
	(421, 62, 2, 1, 1, 1, 1, 1, 1, 1, 1, 1),
	(422, 62, 3, 1, 1, 1, 1, 1, 1, 1, 1, 1),
	(423, 62, 4, 1, 1, 1, 1, 1, 1, 1, 1, 1),
	(424, 62, 5, 1, 1, 1, 1, 1, 1, 1, 1, 1),
	(425, 62, 6, 1, 1, 1, 1, 1, 1, 1, 1, 1),
	(426, 62, 7, 1, 1, 1, 1, 1, 1, 1, 1, 1),
	(427, 62, 8, 1, 1, 1, 1, 1, 1, 1, 1, 1),
	(428, 63, 2, 1, 1, 1, 1, 1, 1, 1, 1, 1),
	(429, 63, 3, 1, 1, 1, 1, 1, 1, 1, 1, 1),
	(430, 63, 4, 1, 1, 1, 1, 1, 1, 1, 1, 1),
	(431, 63, 5, 1, 1, 1, 1, 1, 1, 1, 1, 1),
	(432, 63, 6, 1, 1, 1, 1, 1, 1, 1, 1, 1),
	(433, 63, 7, 1, 1, 1, 1, 1, 1, 1, 1, 1),
	(434, 63, 8, 1, 1, 1, 1, 1, 1, 1, 1, 1),
	(435, 64, 2, 1, 1, 1, 1, 1, 1, 1, 1, 1),
	(436, 64, 3, 1, 1, 1, 1, 1, 1, 1, 1, 1),
	(437, 64, 4, 1, 1, 1, 1, 1, 1, 1, 1, 1),
	(438, 64, 5, 1, 1, 1, 1, 1, 1, 1, 1, 1),
	(439, 64, 6, 1, 1, 1, 1, 1, 1, 1, 1, 1),
	(440, 64, 7, 1, 1, 1, 1, 1, 1, 1, 1, 1),
	(441, 64, 8, 1, 1, 1, 1, 1, 1, 1, 1, 1),
	(442, 65, 2, 1, 1, 1, 1, 1, 1, 1, 1, 1),
	(443, 65, 3, 1, 1, 1, 1, 1, 1, 1, 1, 1),
	(444, 65, 4, 1, 1, 1, 1, 1, 1, 1, 1, 1),
	(445, 65, 5, 1, 1, 1, 1, 1, 1, 1, 1, 1),
	(446, 65, 6, 1, 1, 1, 1, 1, 1, 1, 1, 1),
	(447, 65, 7, 1, 1, 1, 1, 1, 1, 1, 1, 1),
	(448, 65, 8, 1, 1, 1, 1, 1, 1, 1, 1, 1),
	(449, 66, 2, 1, 1, 1, 1, 1, 1, 1, 1, 1),
	(450, 66, 3, 1, 1, 1, 1, 1, 1, 1, 1, 1),
	(451, 66, 4, 1, 1, 1, 1, 1, 1, 1, 1, 1),
	(452, 66, 5, 1, 1, 1, 1, 1, 1, 1, 1, 1),
	(453, 66, 6, 1, 1, 1, 1, 1, 1, 1, 1, 1),
	(454, 66, 7, 1, 1, 1, 1, 1, 1, 1, 1, 1),
	(455, 66, 8, 1, 1, 1, 1, 1, 1, 1, 1, 1),
	(456, 67, 2, 1, 1, 1, 1, 1, 1, 1, 1, 1),
	(457, 67, 3, 1, 1, 1, 1, 1, 1, 1, 1, 1),
	(458, 67, 4, 1, 1, 1, 1, 1, 1, 1, 1, 1),
	(459, 67, 5, 1, 1, 1, 1, 1, 1, 1, 1, 1),
	(460, 67, 6, 1, 1, 1, 1, 1, 1, 1, 1, 1),
	(461, 67, 7, 1, 1, 1, 1, 1, 1, 1, 1, 1),
	(462, 67, 8, 1, 1, 1, 1, 1, 1, 1, 1, 1),
	(463, 68, 2, 1, 1, 1, 1, 1, 1, 1, 1, 1),
	(464, 68, 3, 1, 1, 1, 1, 1, 1, 1, 1, 1),
	(465, 68, 4, 1, 1, 1, 1, 1, 1, 1, 1, 1),
	(466, 68, 5, 1, 1, 1, 1, 1, 1, 1, 1, 1),
	(467, 68, 6, 1, 1, 1, 1, 1, 1, 1, 1, 1),
	(468, 68, 7, 1, 1, 1, 1, 1, 1, 1, 1, 1),
	(469, 68, 8, 1, 1, 1, 1, 1, 1, 1, 1, 1),
	(470, 69, 2, 1, 1, 1, 1, 1, 1, 1, 1, 1),
	(471, 69, 3, 1, 1, 1, 1, 1, 1, 1, 1, 1),
	(472, 69, 4, 1, 1, 1, 1, 1, 1, 1, 1, 1),
	(473, 69, 5, 1, 1, 1, 1, 1, 1, 1, 1, 1),
	(474, 69, 6, 1, 1, 1, 1, 1, 1, 1, 1, 1),
	(475, 69, 7, 1, 1, 1, 1, 1, 1, 1, 1, 1),
	(476, 69, 8, 1, 1, 1, 1, 1, 1, 1, 1, 1),
	(477, 70, 2, 1, 1, 1, 1, 1, 1, 1, 1, 1),
	(478, 70, 3, 1, 1, 1, 1, 1, 1, 1, 1, 1),
	(479, 70, 4, 1, 1, 1, 1, 1, 1, 1, 1, 1),
	(480, 70, 5, 1, 1, 1, 1, 1, 1, 1, 1, 1),
	(481, 70, 6, 1, 1, 1, 1, 1, 1, 1, 1, 1),
	(482, 70, 7, 1, 1, 1, 1, 1, 1, 1, 1, 1),
	(483, 70, 8, 1, 1, 1, 1, 1, 1, 1, 1, 1),
	(484, 71, 2, 1, 1, 1, 1, 1, 1, 1, 1, 1),
	(485, 71, 3, 1, 1, 1, 1, 1, 1, 1, 1, 1),
	(486, 71, 4, 1, 1, 1, 1, 1, 1, 1, 1, 1),
	(487, 71, 5, 1, 1, 1, 1, 1, 1, 1, 1, 1),
	(488, 71, 6, 1, 1, 1, 1, 1, 1, 1, 1, 1),
	(489, 71, 7, 1, 1, 1, 1, 1, 1, 1, 1, 1),
	(490, 71, 8, 1, 1, 1, 1, 1, 1, 1, 1, 1),
	(491, 72, 2, 1, 1, 1, 1, 1, 1, 1, 1, 1),
	(492, 72, 3, 1, 1, 1, 1, 1, 1, 1, 1, 1),
	(493, 72, 4, 1, 1, 1, 1, 1, 1, 1, 1, 1),
	(494, 72, 5, 1, 1, 1, 1, 1, 1, 1, 1, 1),
	(495, 72, 6, 1, 1, 1, 1, 1, 1, 1, 1, 1),
	(496, 72, 7, 1, 1, 1, 1, 1, 1, 1, 1, 1),
	(497, 72, 8, 1, 1, 1, 1, 1, 1, 1, 1, 1),
	(498, 73, 2, 1, 1, 1, 1, 1, 1, 1, 1, 1),
	(499, 73, 3, 1, 1, 1, 1, 1, 1, 1, 1, 1),
	(500, 73, 4, 1, 1, 1, 1, 1, 1, 1, 1, 1),
	(501, 73, 5, 1, 1, 1, 1, 1, 1, 1, 1, 1),
	(502, 73, 6, 1, 1, 1, 1, 1, 1, 1, 1, 1),
	(503, 73, 7, 1, 1, 1, 1, 1, 1, 1, 1, 1),
	(504, 73, 8, 1, 1, 1, 1, 1, 1, 1, 1, 1),
	(505, 74, 2, 1, 1, 1, 1, 1, 1, 1, 1, 1),
	(506, 74, 3, 1, 1, 1, 1, 1, 1, 1, 1, 1),
	(507, 74, 4, 1, 1, 1, 1, 1, 1, 1, 1, 1),
	(508, 74, 5, 1, 1, 1, 1, 1, 1, 1, 1, 1),
	(509, 74, 6, 1, 1, 1, 1, 1, 1, 1, 1, 1),
	(510, 74, 7, 1, 1, 1, 1, 1, 1, 1, 1, 1),
	(511, 74, 8, 1, 1, 1, 1, 1, 1, 1, 1, 1),
	(512, 75, 2, 1, 1, 1, 1, 1, 1, 1, 1, 1),
	(513, 75, 3, 1, 1, 1, 1, 1, 1, 1, 1, 1),
	(514, 75, 4, 1, 1, 1, 1, 1, 1, 1, 1, 1),
	(515, 75, 5, 1, 1, 1, 1, 1, 1, 1, 1, 1),
	(516, 75, 6, 1, 1, 1, 1, 1, 1, 1, 1, 1),
	(517, 75, 7, 1, 1, 1, 1, 1, 1, 1, 1, 1),
	(518, 75, 8, 1, 1, 1, 1, 1, 1, 1, 1, 1),
	(519, 76, 2, 1, 1, 1, 1, 1, 1, 1, 1, 1),
	(520, 76, 3, 1, 1, 1, 1, 1, 1, 1, 1, 1),
	(521, 76, 4, 1, 1, 1, 1, 1, 1, 1, 1, 1),
	(522, 76, 5, 1, 1, 1, 1, 1, 1, 1, 1, 1),
	(523, 76, 6, 1, 1, 1, 1, 1, 1, 1, 1, 1),
	(524, 76, 7, 1, 1, 1, 1, 1, 1, 1, 1, 1),
	(525, 76, 8, 1, 1, 1, 1, 1, 1, 1, 1, 1),
	(526, 77, 2, 1, 1, 1, 1, 1, 1, 1, 1, 1),
	(527, 77, 3, 1, 1, 1, 1, 1, 1, 1, 1, 1),
	(528, 77, 4, 1, 1, 1, 1, 1, 1, 1, 1, 1),
	(529, 77, 5, 1, 1, 1, 1, 1, 1, 1, 1, 1),
	(530, 77, 6, 1, 1, 1, 1, 1, 1, 1, 1, 1),
	(531, 77, 7, 1, 1, 1, 1, 1, 1, 1, 1, 1),
	(532, 77, 8, 1, 1, 1, 1, 1, 1, 1, 1, 1),
	(533, 78, 2, 1, 1, 1, 1, 1, 1, 1, 1, 1),
	(534, 78, 3, 1, 1, 1, 1, 1, 1, 1, 1, 1),
	(535, 78, 4, 1, 1, 1, 1, 1, 1, 1, 1, 1),
	(536, 78, 5, 1, 1, 1, 1, 1, 1, 1, 1, 1),
	(537, 78, 6, 1, 1, 1, 1, 1, 1, 1, 1, 1),
	(538, 78, 7, 1, 1, 1, 1, 1, 1, 1, 1, 1),
	(539, 78, 8, 1, 1, 1, 1, 1, 1, 1, 1, 1),
	(540, 79, 2, 1, 1, 1, 1, 1, 1, 1, 1, 1),
	(541, 79, 3, 1, 1, 1, 1, 1, 1, 1, 1, 1),
	(542, 79, 4, 1, 1, 1, 1, 1, 1, 1, 1, 1),
	(543, 79, 5, 1, 1, 1, 1, 1, 1, 1, 1, 1),
	(544, 79, 6, 1, 1, 1, 1, 1, 1, 1, 1, 1),
	(545, 79, 7, 1, 1, 1, 1, 1, 1, 1, 1, 1),
	(546, 79, 8, 1, 1, 1, 1, 1, 1, 1, 1, 1),
	(547, 80, 2, 1, 1, 1, 1, 1, 1, 1, 1, 1),
	(548, 80, 3, 1, 1, 1, 1, 1, 1, 1, 1, 1),
	(549, 80, 4, 1, 1, 1, 1, 1, 1, 1, 1, 1),
	(550, 80, 5, 1, 1, 1, 1, 1, 1, 1, 1, 1),
	(551, 80, 6, 1, 1, 1, 1, 1, 1, 1, 1, 1),
	(552, 80, 7, 1, 1, 1, 1, 1, 1, 1, 1, 1),
	(553, 80, 8, 1, 1, 1, 1, 1, 1, 1, 1, 1),
	(554, 81, 2, 1, 1, 1, 1, 1, 1, 1, 1, 1),
	(555, 81, 3, 1, 1, 1, 1, 1, 1, 1, 1, 1),
	(556, 81, 4, 1, 1, 1, 1, 1, 1, 1, 1, 1),
	(557, 81, 5, 1, 1, 1, 1, 1, 1, 1, 1, 1),
	(558, 81, 6, 1, 1, 1, 1, 1, 1, 1, 1, 1),
	(559, 81, 7, 1, 1, 1, 1, 1, 1, 1, 1, 1),
	(560, 81, 8, 1, 1, 1, 1, 1, 1, 1, 1, 1),
	(561, 82, 2, 1, 1, 1, 1, 1, 1, 1, 1, 1),
	(562, 82, 3, 1, 1, 1, 1, 1, 1, 1, 1, 1),
	(563, 82, 4, 1, 1, 1, 1, 1, 1, 1, 1, 1),
	(564, 82, 5, 1, 1, 1, 1, 1, 1, 1, 1, 1),
	(565, 82, 6, 1, 1, 1, 1, 1, 1, 1, 1, 1),
	(566, 82, 7, 1, 1, 1, 1, 1, 1, 1, 1, 1),
	(567, 82, 8, 1, 1, 1, 1, 1, 1, 1, 1, 1),
	(568, 83, 2, 1, 1, 1, 1, 1, 1, 1, 1, 1),
	(569, 83, 3, 1, 1, 1, 1, 1, 1, 1, 1, 1),
	(570, 83, 4, 1, 1, 1, 1, 1, 1, 1, 1, 1),
	(571, 83, 5, 1, 1, 1, 1, 1, 1, 1, 1, 1),
	(572, 83, 6, 1, 1, 1, 1, 1, 1, 1, 1, 1),
	(573, 83, 7, 1, 1, 1, 1, 1, 1, 1, 1, 1),
	(574, 83, 8, 1, 1, 1, 1, 1, 1, 1, 1, 1),
	(575, 84, 2, 1, 1, 1, 1, 1, 1, 1, 1, 1),
	(576, 84, 3, 1, 1, 1, 1, 1, 1, 1, 1, 1),
	(577, 84, 4, 1, 1, 1, 1, 1, 1, 1, 1, 1),
	(578, 84, 5, 1, 1, 1, 1, 1, 1, 1, 1, 1),
	(579, 84, 6, 1, 1, 1, 1, 1, 1, 1, 1, 1),
	(580, 84, 7, 1, 1, 1, 1, 1, 1, 1, 1, 1),
	(581, 84, 8, 1, 1, 1, 1, 1, 1, 1, 1, 1),
	(582, 85, 2, 1, 1, 1, 1, 1, 1, 1, 1, 1),
	(583, 85, 3, 1, 1, 1, 1, 1, 1, 1, 1, 1),
	(584, 85, 4, 1, 1, 1, 1, 1, 1, 1, 1, 1),
	(585, 85, 5, 1, 1, 1, 1, 1, 1, 1, 1, 1),
	(586, 85, 6, 1, 1, 1, 1, 1, 1, 1, 1, 1),
	(587, 85, 7, 1, 1, 1, 1, 1, 1, 1, 1, 1),
	(588, 85, 8, 1, 1, 1, 1, 1, 1, 1, 1, 1),
	(589, 86, 2, 1, 1, 1, 1, 1, 1, 1, 1, 1),
	(590, 86, 3, 1, 1, 1, 1, 1, 1, 1, 1, 1),
	(591, 86, 4, 1, 1, 1, 1, 1, 1, 1, 1, 1),
	(592, 86, 5, 1, 1, 1, 1, 1, 1, 1, 1, 1),
	(593, 86, 6, 1, 1, 1, 1, 1, 1, 1, 1, 1),
	(594, 86, 7, 1, 1, 1, 1, 1, 1, 1, 1, 1),
	(595, 86, 8, 1, 1, 1, 1, 1, 1, 1, 1, 1),
	(596, 87, 2, 1, 1, 1, 1, 1, 1, 1, 1, 1),
	(597, 87, 3, 1, 1, 1, 1, 1, 1, 1, 1, 1),
	(598, 87, 4, 1, 1, 1, 1, 1, 1, 1, 1, 1),
	(599, 87, 5, 1, 1, 1, 1, 1, 1, 1, 1, 1),
	(600, 87, 6, 1, 1, 1, 1, 1, 1, 1, 1, 1),
	(601, 87, 7, 1, 1, 1, 1, 1, 1, 1, 1, 1),
	(602, 87, 8, 1, 1, 1, 1, 1, 1, 1, 1, 1),
	(603, 88, 2, 1, 1, 1, 1, 1, 1, 1, 1, 1),
	(604, 88, 3, 1, 1, 1, 1, 1, 1, 1, 1, 1),
	(605, 88, 4, 1, 1, 1, 1, 1, 1, 1, 1, 1),
	(606, 88, 5, 1, 1, 1, 1, 1, 1, 1, 1, 1),
	(607, 88, 6, 1, 1, 1, 1, 1, 1, 1, 1, 1),
	(608, 88, 7, 1, 1, 1, 1, 1, 1, 1, 1, 1),
	(609, 88, 8, 1, 1, 1, 1, 1, 1, 1, 1, 1),
	(610, 89, 2, 1, 1, 1, 1, 1, 1, 1, 1, 1),
	(611, 89, 3, 1, 1, 1, 1, 1, 1, 1, 1, 1),
	(612, 89, 4, 1, 1, 1, 1, 1, 1, 1, 1, 1),
	(613, 89, 5, 1, 1, 1, 1, 1, 1, 1, 1, 1),
	(614, 89, 6, 1, 1, 1, 1, 1, 1, 1, 1, 1),
	(615, 89, 7, 1, 1, 1, 1, 1, 1, 1, 1, 1),
	(616, 89, 8, 1, 1, 1, 1, 1, 1, 1, 1, 1),
	(617, 90, 2, 1, 1, 1, 1, 1, 1, 1, 1, 1),
	(618, 90, 3, 1, 1, 1, 1, 1, 1, 1, 1, 1),
	(619, 90, 4, 1, 1, 1, 1, 1, 1, 1, 1, 1),
	(620, 90, 5, 1, 1, 1, 1, 1, 1, 1, 1, 1),
	(621, 90, 6, 1, 1, 1, 1, 1, 1, 1, 1, 1),
	(622, 90, 7, 1, 1, 1, 1, 1, 1, 1, 1, 1),
	(623, 90, 8, 1, 1, 1, 1, 1, 1, 1, 1, 1),
	(624, 91, 2, 1, 1, 1, 1, 1, 1, 1, 1, 1),
	(625, 91, 3, 1, 1, 1, 1, 1, 1, 1, 1, 1),
	(626, 91, 4, 1, 1, 1, 1, 1, 1, 1, 1, 1),
	(627, 91, 5, 1, 1, 1, 1, 1, 1, 1, 1, 1),
	(628, 91, 6, 1, 1, 1, 1, 1, 1, 1, 1, 1),
	(629, 91, 7, 1, 1, 1, 1, 1, 1, 1, 1, 1),
	(630, 91, 8, 1, 1, 1, 1, 1, 1, 1, 1, 1),
	(631, 92, 2, 1, 1, 1, 1, 1, 1, 1, 1, 1),
	(632, 92, 3, 1, 1, 1, 1, 1, 1, 1, 1, 1),
	(633, 92, 4, 1, 1, 1, 1, 1, 1, 1, 1, 1),
	(634, 92, 5, 1, 1, 1, 1, 1, 1, 1, 1, 1),
	(635, 92, 6, 1, 1, 1, 1, 1, 1, 1, 1, 1),
	(636, 92, 7, 1, 1, 1, 1, 1, 1, 1, 1, 1),
	(637, 92, 8, 1, 1, 1, 1, 1, 1, 1, 1, 1),
	(638, 93, 2, 1, 1, 1, 1, 1, 1, 1, 1, 1),
	(639, 93, 3, 1, 1, 1, 1, 1, 1, 1, 1, 1),
	(640, 93, 4, 1, 1, 1, 1, 1, 1, 1, 1, 1),
	(641, 93, 5, 1, 1, 1, 1, 1, 1, 1, 1, 1),
	(642, 93, 6, 1, 1, 1, 1, 1, 1, 1, 1, 1),
	(643, 93, 7, 1, 1, 1, 1, 1, 1, 1, 1, 1),
	(644, 93, 8, 1, 1, 1, 1, 1, 1, 1, 1, 1),
	(645, 94, 2, 1, 1, 1, 1, 1, 1, 1, 1, 1),
	(646, 94, 3, 1, 1, 1, 1, 1, 1, 1, 1, 1),
	(647, 94, 4, 1, 1, 1, 1, 1, 1, 1, 1, 1),
	(648, 94, 5, 1, 1, 1, 1, 1, 1, 1, 1, 1),
	(649, 94, 6, 1, 1, 1, 1, 1, 1, 1, 1, 1),
	(650, 94, 7, 1, 1, 1, 1, 1, 1, 1, 1, 1),
	(651, 94, 8, 1, 1, 1, 1, 1, 1, 1, 1, 1),
	(652, 95, 2, 1, 1, 1, 1, 1, 1, 1, 1, 1),
	(653, 95, 3, 1, 1, 1, 1, 1, 1, 1, 1, 1),
	(654, 95, 4, 1, 1, 1, 1, 1, 1, 1, 1, 1),
	(655, 95, 5, 1, 1, 1, 1, 1, 1, 1, 1, 1),
	(656, 95, 6, 1, 1, 1, 1, 1, 1, 1, 1, 1),
	(657, 95, 7, 1, 1, 1, 1, 1, 1, 1, 1, 1),
	(658, 95, 8, 1, 1, 1, 1, 1, 1, 1, 1, 1),
	(659, 96, 2, 1, 1, 1, 1, 1, 1, 1, 1, 1),
	(660, 96, 3, 1, 1, 1, 1, 1, 1, 1, 1, 1),
	(661, 96, 4, 1, 1, 1, 1, 1, 1, 1, 1, 1),
	(662, 96, 5, 1, 1, 1, 1, 1, 1, 1, 1, 1),
	(663, 96, 6, 1, 1, 1, 1, 1, 1, 1, 1, 1),
	(664, 96, 7, 1, 1, 1, 1, 1, 1, 1, 1, 1),
	(665, 96, 8, 1, 1, 1, 1, 1, 1, 1, 1, 1),
	(666, 97, 2, 1, 1, 1, 1, 1, 1, 1, 1, 1),
	(667, 97, 3, 1, 1, 1, 1, 1, 1, 1, 1, 1),
	(668, 97, 4, 1, 1, 1, 1, 1, 1, 1, 1, 1),
	(669, 97, 5, 1, 1, 1, 1, 1, 1, 1, 1, 1),
	(670, 97, 6, 1, 1, 1, 1, 1, 1, 1, 1, 1),
	(671, 97, 7, 1, 1, 1, 1, 1, 1, 1, 1, 1),
	(672, 97, 8, 1, 1, 1, 1, 1, 1, 1, 1, 1),
	(673, 98, 2, 1, 1, 1, 1, 1, 1, 1, 1, 1),
	(674, 98, 3, 1, 1, 1, 1, 1, 1, 1, 1, 1),
	(675, 98, 4, 1, 1, 1, 1, 1, 1, 1, 1, 1),
	(676, 98, 5, 1, 1, 1, 1, 1, 1, 1, 1, 1),
	(677, 98, 6, 1, 1, 1, 1, 1, 1, 1, 1, 1),
	(678, 98, 7, 1, 1, 1, 1, 1, 1, 1, 1, 1),
	(679, 98, 8, 1, 1, 1, 1, 1, 1, 1, 1, 1),
	(680, 99, 2, 1, 1, 1, 1, 1, 1, 1, 1, 1),
	(681, 99, 3, 1, 1, 1, 1, 1, 1, 1, 1, 1),
	(682, 99, 4, 1, 1, 1, 1, 1, 1, 1, 1, 1),
	(683, 99, 5, 1, 1, 1, 1, 1, 1, 1, 1, 1),
	(684, 99, 6, 1, 1, 1, 1, 1, 1, 1, 1, 1),
	(685, 99, 7, 1, 1, 1, 1, 1, 1, 1, 1, 1),
	(686, 99, 8, 1, 1, 1, 1, 1, 1, 1, 1, 1),
	(687, 100, 2, 1, 1, 1, 1, 1, 1, 1, 1, 1),
	(688, 100, 3, 1, 1, 1, 1, 1, 1, 1, 1, 1),
	(689, 100, 4, 1, 1, 1, 1, 1, 1, 1, 1, 1),
	(690, 100, 5, 1, 1, 1, 1, 1, 1, 1, 1, 1),
	(691, 100, 6, 1, 1, 1, 1, 1, 1, 1, 1, 1),
	(692, 100, 7, 1, 1, 1, 1, 1, 1, 1, 1, 1),
	(693, 100, 8, 1, 1, 1, 1, 1, 1, 1, 1, 1),
	(694, 101, 2, 1, 1, 1, 1, 1, 1, 1, 1, 1),
	(695, 101, 3, 1, 1, 1, 1, 1, 1, 1, 1, 1),
	(696, 101, 4, 1, 1, 1, 1, 1, 1, 1, 1, 1),
	(697, 101, 5, 1, 1, 1, 1, 1, 1, 1, 1, 1),
	(698, 101, 6, 1, 1, 1, 1, 1, 1, 1, 1, 1),
	(699, 101, 7, 1, 1, 1, 1, 1, 1, 1, 1, 1),
	(700, 101, 8, 1, 1, 1, 1, 1, 1, 1, 1, 1),
	(701, 102, 2, 1, 1, 1, 1, 1, 1, 1, 1, 1),
	(702, 102, 3, 1, 1, 1, 1, 1, 1, 1, 1, 1),
	(703, 102, 4, 1, 1, 1, 1, 1, 1, 1, 1, 1),
	(704, 102, 5, 1, 1, 1, 1, 1, 1, 1, 1, 1),
	(705, 102, 6, 1, 1, 1, 1, 1, 1, 1, 1, 1),
	(706, 102, 7, 1, 1, 1, 1, 1, 1, 1, 1, 1),
	(707, 102, 8, 1, 1, 1, 1, 1, 1, 1, 1, 1),
	(708, 103, 2, 1, 1, 1, 1, 1, 1, 1, 1, 1),
	(709, 103, 3, 1, 1, 1, 1, 1, 1, 1, 1, 1),
	(710, 103, 4, 1, 1, 1, 1, 1, 1, 1, 1, 1),
	(711, 103, 5, 1, 1, 1, 1, 1, 1, 1, 1, 1),
	(712, 103, 6, 1, 1, 1, 1, 1, 1, 1, 1, 1),
	(713, 103, 7, 1, 1, 1, 1, 1, 1, 1, 1, 1),
	(714, 103, 8, 1, 1, 1, 1, 1, 1, 1, 1, 1),
	(715, 104, 2, 1, 1, 1, 1, 1, 1, 1, 1, 1),
	(716, 104, 3, 1, 1, 1, 1, 1, 1, 1, 1, 1),
	(717, 104, 4, 1, 1, 1, 1, 1, 1, 1, 1, 1),
	(718, 104, 5, 1, 1, 1, 1, 1, 1, 1, 1, 1),
	(719, 104, 6, 1, 1, 1, 1, 1, 1, 1, 1, 1),
	(720, 104, 7, 1, 1, 1, 1, 1, 1, 1, 1, 1),
	(721, 104, 8, 1, 1, 1, 1, 1, 1, 1, 1, 1),
	(722, 105, 2, 1, 1, 1, 1, 1, 1, 1, 1, 1),
	(723, 105, 3, 1, 1, 1, 1, 1, 1, 1, 1, 1),
	(724, 105, 4, 1, 1, 1, 1, 1, 1, 1, 1, 1),
	(725, 105, 5, 1, 1, 1, 1, 1, 1, 1, 1, 1),
	(726, 105, 6, 1, 1, 1, 1, 1, 1, 1, 1, 1),
	(727, 105, 7, 1, 1, 1, 1, 1, 1, 1, 1, 1),
	(728, 105, 8, 1, 1, 1, 1, 1, 1, 1, 1, 1);
/*!40000 ALTER TABLE `leafaccess` ENABLE KEYS */;


# Dumping structure for table icore.leaftranslate
DROP TABLE IF EXISTS `leaftranslate`;
CREATE TABLE IF NOT EXISTS `leaftranslate` (
  `leafTranslateId` int(11) NOT NULL AUTO_INCREMENT COMMENT 'translate|',
  `leafId` int(11) NOT NULL COMMENT 'leaf|',
  `languageId` int(11) NOT NULL COMMENT 'language|',
  `leafNative` varchar(128) COLLATE utf8_unicode_ci NOT NULL COMMENT 'Leaf|',
  `isDefault` tinyint(1) NOT NULL,
  `isNew` tinyint(1) NOT NULL,
  `isDraft` tinyint(1) NOT NULL,
  `isUpdate` tinyint(1) NOT NULL,
  `isDelete` tinyint(1) NOT NULL,
  `isActive` tinyint(1) NOT NULL,
  `isApproved` tinyint(1) NOT NULL,
  `isReview` tinyint(1) NOT NULL,
  `isPost` tinyint(1) NOT NULL,
  `executeBy` int(11) NOT NULL,
  `executeTime` datetime NOT NULL,
  PRIMARY KEY (`leafTranslateId`)
) ENGINE=InnoDB AUTO_INCREMENT=105 DEFAULT CHARSET=utf8 COLLATE=utf8_unicode_ci;

# Dumping data for table icore.leaftranslate: ~104 rows (approximately)
/*!40000 ALTER TABLE `leaftranslate` DISABLE KEYS */;
INSERT INTO `leaftranslate` (`leafTranslateId`, `leafId`, `languageId`, `leafNative`, `isDefault`, `isNew`, `isDraft`, `isUpdate`, `isDelete`, `isActive`, `isApproved`, `isReview`, `isPost`, `executeBy`, `executeTime`) VALUES
	(1, 2, 21, 'Application', 0, 1, 0, 0, 0, 1, 0, 0, 0, 2, '2011-12-16 08:35:58'),
	(2, 3, 21, 'Module', 0, 1, 0, 0, 0, 1, 0, 0, 0, 2, '2011-12-16 08:35:58'),
	(3, 4, 21, 'Folder', 0, 1, 0, 0, 0, 1, 0, 0, 0, 2, '2011-12-16 08:35:58'),
	(4, 5, 21, 'Leaf', 0, 1, 0, 0, 0, 1, 0, 0, 0, 2, '2011-12-16 08:35:58'),
	(5, 6, 21, 'Theme', 0, 1, 0, 0, 0, 1, 0, 0, 0, 2, '2011-12-16 08:35:58'),
	(6, 7, 21, 'Language', 0, 1, 0, 0, 0, 1, 0, 0, 0, 2, '2011-12-16 08:35:58'),
	(7, 8, 21, 'Default Label', 0, 1, 0, 0, 0, 1, 0, 0, 0, 2, '2011-12-16 08:35:58'),
	(8, 9, 21, 'Table Mapping', 0, 1, 0, 0, 0, 1, 0, 0, 0, 2, '2011-12-16 08:35:58'),
	(9, 10, 21, 'System String', 0, 1, 0, 0, 0, 1, 0, 0, 0, 2, '2011-12-16 08:35:58'),
	(10, 11, 21, 'Preference', 0, 1, 0, 0, 0, 1, 0, 0, 0, 2, '2011-12-16 08:35:58'),
	(11, 12, 21, 'Password', 0, 1, 0, 0, 0, 1, 0, 0, 0, 2, '2011-12-16 08:35:58'),
	(12, 13, 21, 'District', 0, 1, 0, 0, 0, 1, 0, 0, 0, 2, '2011-12-16 08:35:58'),
	(13, 14, 21, 'State', 0, 1, 0, 0, 0, 1, 0, 0, 0, 2, '2011-12-16 08:35:58'),
	(14, 15, 21, 'National', 0, 1, 0, 0, 0, 1, 0, 0, 0, 2, '2011-12-16 08:35:58'),
	(15, 16, 21, 'Race', 0, 1, 0, 0, 0, 1, 0, 0, 0, 2, '2011-12-16 08:35:58'),
	(16, 17, 21, 'Religion', 0, 1, 0, 0, 0, 1, 0, 0, 0, 2, '2011-12-16 08:35:58'),
	(17, 18, 21, 'Document Number', 0, 1, 0, 0, 0, 1, 0, 0, 0, 2, '2011-12-16 08:35:58'),
	(18, 19, 21, 'Religion Version 1 ', 0, 1, 0, 0, 0, 1, 0, 0, 0, 2, '2011-12-16 08:35:58'),
	(19, 20, 21, 'Religion Version 2 ', 0, 1, 0, 0, 0, 1, 0, 0, 0, 2, '2011-12-16 08:35:58'),
	(20, 21, 21, 'Religion Version 3 ', 0, 1, 0, 0, 0, 1, 0, 0, 0, 2, '2011-12-16 08:35:58'),
	(21, 22, 21, 'Religion Version 4 ', 0, 1, 0, 0, 0, 1, 0, 0, 0, 2, '2011-12-16 08:35:58'),
	(22, 23, 21, 'Religion Version 5 ', 0, 1, 0, 0, 0, 1, 0, 0, 0, 2, '2011-12-16 08:35:58'),
	(23, 24, 21, 'Religion Version 6 ', 0, 1, 0, 0, 0, 1, 0, 0, 0, 2, '2011-12-16 08:35:58'),
	(24, 25, 21, 'Gender', 0, 1, 0, 0, 0, 1, 0, 0, 0, 2, '2011-12-16 08:35:58'),
	(25, 26, 21, 'Document Sequence', 0, 1, 0, 0, 0, 1, 0, 0, 0, 2, '2011-12-16 08:35:58'),
	(26, 27, 21, 'Chart Of Account Category', 0, 1, 0, 0, 0, 1, 0, 0, 0, 2, '2011-12-16 08:35:58'),
	(27, 28, 21, 'Segment', 0, 1, 0, 0, 0, 1, 0, 0, 0, 2, '2011-12-16 08:35:58'),
	(28, 29, 21, 'Entry', 0, 1, 0, 0, 0, 1, 0, 0, 0, 2, '2011-12-16 08:35:58'),
	(29, 30, 21, 'Dimension', 0, 1, 0, 0, 0, 1, 0, 0, 0, 2, '2011-12-16 08:35:58'),
	(30, 31, 21, 'Account Consolidation', 0, 1, 0, 0, 0, 1, 0, 0, 0, 2, '2011-12-16 08:35:58'),
	(31, 32, 21, 'Account Saperation', 0, 1, 0, 0, 0, 1, 0, 0, 0, 2, '2011-12-16 08:35:58'),
	(32, 33, 21, 'Budget', 0, 1, 0, 0, 0, 1, 0, 0, 0, 2, '2011-12-16 08:35:58'),
	(33, 34, 21, 'Finalize', 0, 1, 0, 0, 0, 1, 0, 0, 0, 2, '2011-12-16 08:35:58'),
	(34, 35, 21, 'Forecaset', 0, 1, 0, 0, 0, 1, 0, 0, 0, 2, '2011-12-16 08:35:58'),
	(35, 36, 21, 'Finalize', 0, 1, 0, 0, 0, 1, 0, 0, 0, 2, '2011-12-16 08:35:58'),
	(36, 37, 21, 'Journal', 0, 1, 0, 0, 0, 1, 0, 0, 0, 2, '2011-12-16 08:35:58'),
	(37, 38, 21, 'Recurring Journal', 0, 1, 0, 0, 0, 1, 0, 0, 0, 2, '2011-12-16 08:35:58'),
	(38, 39, 21, 'Recurring Journal Post', 0, 1, 0, 0, 0, 1, 0, 0, 0, 2, '2011-12-16 08:35:58'),
	(39, 40, 21, 'Country Currency', 0, 1, 0, 0, 0, 1, 0, 0, 0, 2, '2011-12-16 08:35:58'),
	(40, 41, 21, 'Document Number ', 0, 1, 0, 0, 0, 1, 0, 0, 0, 2, '2011-12-16 08:35:58'),
	(41, 42, 21, 'Document Sequence', 0, 1, 0, 0, 0, 1, 0, 0, 0, 2, '2011-12-16 08:35:58'),
	(42, 43, 21, 'Deposit Type', 0, 1, 0, 0, 0, 1, 0, 0, 0, 2, '2011-12-16 08:35:58'),
	(43, 44, 21, 'Quotation', 0, 1, 0, 0, 0, 1, 0, 0, 0, 2, '2011-12-16 08:35:58'),
	(44, 45, 21, 'Sales Order', 0, 1, 0, 0, 0, 1, 0, 0, 0, 2, '2011-12-16 08:35:58'),
	(45, 46, 21, 'Delivery', 0, 1, 0, 0, 0, 1, 0, 0, 0, 2, '2011-12-16 08:35:58'),
	(46, 47, 21, 'Return Item', 0, 1, 0, 0, 0, 1, 0, 0, 0, 2, '2011-12-16 08:35:58'),
	(47, 48, 21, 'Deposit', 0, 1, 0, 0, 0, 1, 0, 0, 0, 2, '2011-12-16 08:35:58'),
	(48, 49, 21, 'Invoice + Payment', 0, 1, 0, 0, 0, 1, 0, 0, 0, 2, '2011-12-16 08:35:58'),
	(49, 50, 21, 'Payment Voucher', 0, 1, 0, 0, 0, 1, 0, 0, 0, 2, '2011-12-16 08:35:58'),
	(50, 51, 21, 'Invoice', 0, 1, 0, 0, 0, 1, 0, 0, 0, 2, '2011-12-16 08:35:58'),
	(51, 52, 21, 'Recurring Invoice', 0, 1, 0, 0, 0, 1, 0, 0, 0, 2, '2011-12-16 08:35:58'),
	(52, 53, 21, 'Reverse Invoice', 0, 1, 0, 0, 0, 1, 0, 0, 0, 2, '2011-12-16 08:35:58'),
	(53, 54, 21, 'adjustment.php', 0, 1, 0, 0, 0, 1, 0, 0, 0, 2, '2011-12-16 08:35:58'),
	(54, 55, 21, 'Adjustment History', 0, 1, 0, 0, 0, 1, 0, 0, 0, 2, '2011-12-16 08:35:58'),
	(55, 56, 21, 'Late Interest', 0, 1, 0, 0, 0, 1, 0, 0, 0, 2, '2011-12-16 08:35:58'),
	(56, 57, 21, 'Credit Memo', 0, 1, 0, 0, 0, 1, 0, 0, 0, 2, '2011-12-16 08:35:58'),
	(57, 58, 21, 'Document Number', 0, 1, 0, 0, 0, 1, 0, 0, 0, 2, '2011-12-16 08:35:58'),
	(58, 59, 21, 'Setting', 0, 1, 0, 0, 0, 1, 0, 0, 0, 2, '2011-12-16 08:35:58'),
	(59, 60, 21, 'Document Assign', 0, 1, 0, 0, 0, 1, 0, 0, 0, 2, '2011-12-16 08:35:58'),
	(60, 61, 21, 'Entry', 0, 1, 0, 0, 0, 1, 0, 0, 0, 2, '2011-12-16 08:35:58'),
	(61, 62, 21, 'Approved', 0, 1, 0, 0, 0, 1, 0, 0, 0, 2, '2011-12-16 08:35:58'),
	(62, 63, 21, 'Update', 0, 1, 0, 0, 0, 1, 0, 0, 0, 2, '2011-12-16 08:35:58'),
	(63, 64, 21, 'Dividen', 0, 1, 0, 0, 0, 1, 0, 0, 0, 2, '2011-12-16 08:35:58'),
	(64, 65, 21, 'List Share', 0, 1, 0, 0, 0, 1, 0, 0, 0, 2, '2011-12-16 08:35:58'),
	(65, 66, 21, 'List fee', 0, 1, 0, 0, 0, 1, 0, 0, 0, 2, '2011-12-16 08:35:58'),
	(66, 67, 21, 'List Voter', 0, 1, 0, 0, 0, 1, 0, 0, 0, 2, '2011-12-16 08:35:58'),
	(67, 68, 21, 'Document Sequence', 0, 1, 0, 0, 0, 1, 0, 0, 0, 2, '2011-12-16 08:35:58'),
	(68, 69, 21, 'Marriage Status', 0, 1, 0, 0, 0, 1, 0, 0, 0, 2, '2011-12-16 08:35:58'),
	(69, 70, 21, 'Skill', 0, 1, 0, 0, 0, 1, 0, 0, 0, 2, '2011-12-16 08:35:58'),
	(70, 71, 21, 'Disease', 0, 1, 0, 0, 0, 1, 0, 0, 0, 2, '2011-12-16 08:35:58'),
	(71, 72, 21, 'Saving', 0, 1, 0, 0, 0, 1, 0, 0, 0, 2, '2011-12-16 08:35:58'),
	(72, 73, 21, 'Impair', 0, 1, 0, 0, 0, 1, 0, 0, 0, 2, '2011-12-16 08:35:58'),
	(73, 74, 21, 'Education', 0, 1, 0, 0, 0, 1, 0, 0, 0, 2, '2011-12-16 08:35:58'),
	(74, 75, 21, 'Bank', 0, 1, 0, 0, 0, 1, 0, 0, 0, 2, '2011-12-16 08:35:58'),
	(75, 76, 21, 'Family', 0, 1, 0, 0, 0, 1, 0, 0, 0, 2, '2011-12-16 08:35:58'),
	(76, 77, 21, 'Bank Account', 0, 1, 0, 0, 0, 1, 0, 0, 0, 2, '2011-12-16 08:35:58'),
	(77, 78, 21, 'Bank Category', 0, 1, 0, 0, 0, 1, 0, 0, 0, 2, '2011-12-16 08:35:58'),
	(78, 79, 21, 'Bank Balance ', 0, 1, 0, 0, 0, 1, 0, 0, 0, 2, '2011-12-16 08:35:58'),
	(79, 80, 21, 'Transfer Funds', 0, 1, 0, 0, 0, 1, 0, 0, 0, 2, '2011-12-16 08:35:58'),
	(80, 81, 21, 'Deposit Payment', 0, 1, 0, 0, 0, 1, 0, 0, 0, 2, '2011-12-16 08:35:58'),
	(81, 82, 21, 'Bank Cash Flow Report', 0, 1, 0, 0, 0, 1, 0, 0, 0, 2, '2011-12-16 08:35:58'),
	(82, 83, 21, 'List Member', 0, 1, 0, 0, 0, 1, 0, 0, 0, 2, '2011-12-16 08:35:58'),
	(83, 84, 21, 'Dividen Report', 0, 1, 0, 0, 0, 1, 0, 0, 0, 2, '2011-12-16 08:35:58'),
	(84, 85, 21, 'Refund', 0, 1, 0, 0, 0, 1, 0, 0, 0, 2, '2011-12-16 08:35:58'),
	(85, 86, 21, 'Business Partner Category', 0, 1, 0, 0, 0, 1, 0, 0, 0, 2, '2011-12-16 08:35:58'),
	(86, 87, 21, 'Business Partner', 0, 1, 0, 0, 0, 1, 0, 0, 0, 2, '2011-12-16 08:35:58'),
	(87, 88, 21, 'Invoice Category', 0, 1, 0, 0, 0, 1, 0, 0, 0, 2, '2011-12-16 08:35:58'),
	(88, 89, 21, 'Invoice Type', 0, 1, 0, 0, 0, 1, 0, 0, 0, 2, '2011-12-16 08:35:58'),
	(89, 90, 21, 'Late Interest Type', 0, 1, 0, 0, 0, 1, 0, 0, 0, 2, '2011-12-16 08:35:58'),
	(90, 91, 21, 'Membership Type', 0, 1, 0, 0, 0, 1, 0, 0, 0, 2, '2011-12-16 08:35:58'),
	(91, 92, 21, 'Journal History', 0, 1, 0, 0, 0, 1, 0, 0, 0, 2, '2011-12-16 08:35:58'),
	(92, 93, 21, 'Refund History', 0, 1, 0, 0, 0, 1, 0, 0, 0, 2, '2011-12-16 08:35:58'),
	(93, 94, 21, 'Invoice History', 0, 1, 0, 0, 0, 1, 0, 0, 0, 2, '2011-12-16 08:35:58'),
	(94, 95, 21, 'Business Partner Account', 0, 1, 0, 0, 0, 1, 0, 0, 0, 2, '2011-12-16 08:35:58'),
	(95, 96, 21, 'Bank Reconcilation', 0, 1, 0, 0, 0, 1, 0, 0, 0, 2, '2011-12-16 08:35:58'),
	(96, 97, 21, 'Recurring Invoice Posting', 0, 1, 0, 0, 0, 1, 0, 0, 0, 2, '2011-12-16 08:35:58'),
	(97, 98, 21, 'Chart Of Account Type', 0, 1, 0, 0, 0, 1, 0, 0, 0, 2, '2011-12-16 08:35:58'),
	(98, 99, 21, 'Chart Of Account Segment Type', 0, 1, 0, 0, 0, 1, 0, 0, 0, 2, '2011-12-16 08:35:58'),
	(99, 100, 21, 'Budget Type', 0, 1, 0, 0, 0, 1, 0, 0, 0, 2, '2011-12-16 08:35:58'),
	(100, 101, 21, 'Forecast  Type', 0, 1, 0, 0, 0, 1, 0, 0, 0, 2, '2011-12-16 08:35:58'),
	(101, 102, 21, 'Journal  Type', 0, 1, 0, 0, 0, 1, 0, 0, 0, 2, '2011-12-16 08:35:58'),
	(102, 103, 21, 'Account Access', 0, 1, 0, 0, 0, 1, 0, 0, 0, 2, '2011-12-16 08:35:58'),
	(103, 104, 21, 'Setting Financial Period', 0, 1, 0, 0, 0, 1, 0, 0, 0, 2, '2011-12-16 08:35:58'),
	(104, 105, 21, 'Voucher Type', 0, 1, 0, 0, 0, 1, 0, 0, 0, 2, '2011-12-16 08:35:58');
/*!40000 ALTER TABLE `leaftranslate` ENABLE KEYS */;


# Dumping structure for table icore.leafuser
DROP TABLE IF EXISTS `leafuser`;
CREATE TABLE IF NOT EXISTS `leafuser` (
  `leafUserId` int(11) NOT NULL AUTO_INCREMENT COMMENT 'Leaf User|',
  `leafId` int(11) NOT NULL COMMENT 'leaf|',
  `leafSequence` int(11) NOT NULL COMMENT 'Sequence|',
  `staffId` int(11) NOT NULL,
  PRIMARY KEY (`leafUserId`),
  KEY `leafId` (`leafId`),
  KEY `staffId` (`staffId`),
  CONSTRAINT `leafuser_ibfk_1` FOREIGN KEY (`staffId`) REFERENCES `staff` (`staffId`) ON DELETE CASCADE ON UPDATE CASCADE
) ENGINE=InnoDB DEFAULT CHARSET=utf8 COLLATE=utf8_unicode_ci COMMENT='This is User Predefine  long list tree grid.';

# Dumping data for table icore.leafuser: ~0 rows (approximately)
/*!40000 ALTER TABLE `leafuser` DISABLE KEYS */;
/*!40000 ALTER TABLE `leafuser` ENABLE KEYS */;


# Dumping structure for table icore.module
DROP TABLE IF EXISTS `module`;
CREATE TABLE IF NOT EXISTS `module` (
  `moduleId` int(11) NOT NULL AUTO_INCREMENT COMMENT 'Accordion|',
  `applicationId` int(11) NOT NULL,
  `iconId` int(11) NOT NULL DEFAULT '281' COMMENT 'Icon|',
  `moduleSequence` int(11) NOT NULL COMMENT 'Sequence|',
  `moduleCode` varchar(4) COLLATE utf8_unicode_ci NOT NULL,
  `moduleEnglish` varchar(64) COLLATE utf8_unicode_ci NOT NULL COMMENT 'English|',
  `isDefault` tinyint(1) NOT NULL,
  `isNew` tinyint(1) NOT NULL COMMENT 'New|',
  `isDraft` tinyint(1) NOT NULL COMMENT 'Draft|',
  `isUpdate` tinyint(1) NOT NULL COMMENT 'Updated|',
  `isDelete` tinyint(1) NOT NULL COMMENT 'Delete|',
  `isActive` tinyint(1) NOT NULL COMMENT 'Active|',
  `isApproved` tinyint(1) NOT NULL COMMENT 'Approved|',
  `isReview` tinyint(1) NOT NULL,
  `isPost` tinyint(1) NOT NULL,
  `executeBy` int(11) NOT NULL COMMENT 'By|',
  `executeTime` datetime NOT NULL,
  PRIMARY KEY (`moduleId`)
) ENGINE=InnoDB AUTO_INCREMENT=44 DEFAULT CHARSET=utf8 COLLATE=utf8_unicode_ci COMMENT='Module';

# Dumping data for table icore.module: ~43 rows (approximately)
/*!40000 ALTER TABLE `module` DISABLE KEYS */;
INSERT INTO `module` (`moduleId`, `applicationId`, `iconId`, `moduleSequence`, `moduleCode`, `moduleEnglish`, `isDefault`, `isNew`, `isDraft`, `isUpdate`, `isDelete`, `isActive`, `isApproved`, `isReview`, `isPost`, `executeBy`, `executeTime`) VALUES
	(1, 1, 612, 1, 'SYS', 'System', 0, 1, 0, 0, 0, 1, 0, 0, 0, 2, '2011-11-22 18:30:06'),
	(2, 1, 612, 2, 'TLN', 'Translation', 0, 1, 0, 0, 0, 1, 0, 0, 0, 2, '2011-11-22 18:30:06'),
	(3, 1, 612, 3, 'PS', 'Personnel', 0, 1, 0, 0, 0, 1, 0, 0, 0, 2, '2011-11-22 18:30:06'),
	(4, 2, 601, 1, 'SF', 'Form Example ', 0, 1, 0, 0, 0, 1, 0, 0, 0, 2, '2011-11-22 18:30:06'),
	(5, 3, 281, 1, 'GL', 'Setting', 0, 1, 0, 0, 0, 1, 0, 0, 0, 2, '2011-11-22 18:30:06'),
	(6, 5, 281, 1, 'AP', 'Setting', 0, 1, 0, 0, 0, 1, 0, 0, 0, 2, '2011-11-22 18:30:06'),
	(7, 5, 1084, 3, 'AP', 'Vendor', 0, 1, 0, 0, 0, 1, 0, 0, 0, 2, '2011-11-22 18:30:06'),
	(8, 7, 281, 1, 'mbr', 'Setting', 0, 1, 0, 0, 0, 1, 0, 0, 0, 2, '2011-11-22 18:30:06'),
	(9, 8, 281, 1, 'bank', 'Setting', 0, 1, 0, 0, 0, 1, 0, 0, 0, 2, '2011-11-22 18:30:06'),
	(10, 13, 281, 1, 'FA', 'Setting', 0, 1, 0, 0, 0, 1, 0, 0, 0, 2, '2011-11-22 18:30:06'),
	(11, 14, 281, 1, 'DM', 'Setting', 0, 1, 0, 0, 0, 1, 0, 0, 0, 2, '2011-11-22 18:30:06'),
	(12, 15, 652, 2, 'CB', 'Cashbook', 0, 1, 0, 0, 0, 1, 0, 0, 0, 2, '2011-11-22 18:30:06'),
	(13, 16, 281, 2, 'PY', 'Payroll', 0, 1, 0, 0, 0, 1, 0, 0, 0, 2, '2011-11-22 18:30:06'),
	(14, 17, 281, 1, 'HR', 'Setting', 0, 1, 0, 0, 0, 1, 0, 0, 0, 2, '2011-11-22 18:30:06'),
	(15, 6, 281, 1, 'PO', 'Setting', 0, 1, 0, 0, 0, 1, 0, 0, 0, 2, '2011-11-22 18:30:06'),
	(16, 4, 281, 1, 'AR', 'Setting', 0, 1, 0, 0, 0, 1, 0, 0, 0, 2, '2011-11-22 18:30:06'),
	(17, 15, 281, 1, 'CB', 'Setting', 0, 1, 0, 0, 0, 1, 0, 0, 0, 2, '2011-11-22 18:30:06'),
	(18, 7, 461, 2, 'mbr', 'Memberships', 0, 1, 0, 0, 0, 1, 0, 0, 0, 2, '2011-11-22 18:30:06'),
	(19, 7, 461, 3, 'mbr', 'Dividens', 0, 1, 0, 0, 0, 1, 0, 0, 0, 2, '2011-11-22 18:30:06'),
	(20, 8, 198, 2, 'bank', 'Bank', 0, 1, 0, 0, 0, 1, 0, 0, 0, 2, '2011-11-22 18:30:06'),
	(21, 13, 546, 2, 'FA', 'Fix Asset', 0, 1, 0, 0, 0, 1, 0, 0, 0, 2, '2011-11-22 18:30:06'),
	(22, 14, 852, 2, 'DM', 'Document Management', 0, 1, 0, 0, 0, 1, 0, 0, 0, 2, '2011-11-22 18:30:06'),
	(23, 16, 281, 1, 'PY', 'Setting', 0, 1, 0, 0, 0, 1, 0, 0, 0, 2, '2011-11-22 18:30:06'),
	(24, 3, 601, 2, 'GL', 'General Ledger', 0, 1, 0, 0, 0, 1, 0, 0, 0, 2, '2011-11-22 18:30:06'),
	(25, 5, 1070, 2, 'AP', 'Invoicing', 0, 1, 0, 0, 0, 1, 0, 0, 0, 2, '2011-11-22 18:30:06'),
	(26, 15, 841, 3, 'CB', 'Report', 0, 1, 0, 0, 0, 1, 0, 0, 0, 2, '2011-11-22 18:30:06'),
	(27, 4, 652, 2, 'AR', 'Account Receivable', 0, 1, 0, 0, 0, 1, 0, 0, 0, 2, '2011-11-22 18:30:06'),
	(28, 6, 222, 2, 'PO', 'Purchasing Order', 0, 1, 0, 0, 0, 1, 0, 0, 0, 2, '2011-11-22 18:30:06'),
	(29, 17, 281, 2, 'HR', 'Human Resource', 0, 1, 0, 0, 0, 1, 0, 0, 0, 2, '2011-11-22 18:30:06'),
	(30, 16, 841, 3, 'PY', 'Report', 0, 1, 0, 0, 0, 1, 0, 0, 0, 2, '2011-11-22 18:30:06'),
	(31, 1, 612, 4, 'CM', 'Common ', 0, 1, 0, 0, 0, 1, 0, 0, 0, 2, '2011-11-22 18:30:06'),
	(32, 3, 841, 3, 'GL', 'Report', 0, 1, 0, 0, 0, 1, 0, 0, 0, 2, '2011-11-22 18:30:06'),
	(33, 4, 841, 3, 'AR', 'Report', 0, 1, 0, 0, 0, 1, 0, 0, 0, 2, '2011-11-22 18:30:06'),
	(34, 5, 841, 4, 'AP', 'Report', 0, 1, 0, 0, 0, 1, 0, 0, 0, 2, '2011-11-22 18:30:06'),
	(35, 6, 841, 3, 'PO', 'Report', 0, 1, 0, 0, 0, 1, 0, 0, 0, 2, '2011-11-22 18:30:06'),
	(36, 7, 841, 4, 'mbr', 'Report', 0, 1, 0, 0, 0, 1, 0, 0, 0, 2, '2011-11-22 18:30:06'),
	(37, 8, 841, 3, 'bank', 'Report', 0, 1, 0, 0, 0, 1, 0, 0, 0, 2, '2011-11-22 18:30:06'),
	(38, 13, 841, 3, 'FA', 'Report', 0, 1, 0, 0, 0, 1, 0, 0, 0, 2, '2011-11-22 18:30:06'),
	(39, 13, 546, 4, 'FA', 'reserve', 0, 1, 0, 0, 0, 1, 0, 0, 0, 2, '2011-11-22 18:30:06'),
	(40, 17, 841, 3, 'HR', 'Report', 0, 1, 0, 0, 0, 1, 0, 0, 0, 2, '2011-11-22 18:30:06'),
	(41, 19, 841, 1, 'BP', 'Setting', 0, 1, 0, 0, 0, 1, 0, 0, 0, 2, '2011-11-22 18:30:06'),
	(42, 19, 841, 2, 'BP', 'Business Partner', 0, 1, 0, 0, 0, 1, 0, 0, 0, 2, '2011-11-22 18:30:06'),
	(43, 19, 841, 3, 'BP', 'Report', 0, 1, 0, 0, 0, 1, 0, 0, 0, 2, '2011-11-22 18:30:06');
/*!40000 ALTER TABLE `module` ENABLE KEYS */;


# Dumping structure for table icore.moduleaccess
DROP TABLE IF EXISTS `moduleaccess`;
CREATE TABLE IF NOT EXISTS `moduleaccess` (
  `moduleAccessId` int(11) NOT NULL AUTO_INCREMENT COMMENT 'Access|',
  `moduleId` int(11) NOT NULL COMMENT 'Accordion|',
  `teamId` int(11) NOT NULL COMMENT 'Group|',
  `moduleAccessValue` tinyint(1) NOT NULL COMMENT 'Value|',
  PRIMARY KEY (`moduleAccessId`),
  KEY `moduleId` (`moduleId`),
  KEY `crewId` (`teamId`)
) ENGINE=InnoDB AUTO_INCREMENT=259 DEFAULT CHARSET=utf8 COLLATE=utf8_unicode_ci ROW_FORMAT=COMPACT COMMENT='Validate Access Tab By Group';

# Dumping data for table icore.moduleaccess: ~258 rows (approximately)
/*!40000 ALTER TABLE `moduleaccess` DISABLE KEYS */;
INSERT INTO `moduleaccess` (`moduleAccessId`, `moduleId`, `teamId`, `moduleAccessValue`) VALUES
	(1, 1, 1, 1),
	(2, 2, 1, 1),
	(3, 3, 1, 1),
	(4, 4, 1, 1),
	(5, 5, 1, 1),
	(6, 6, 1, 1),
	(7, 7, 1, 1),
	(8, 8, 1, 1),
	(9, 9, 1, 1),
	(10, 10, 1, 1),
	(11, 11, 1, 1),
	(12, 12, 1, 1),
	(13, 13, 1, 1),
	(14, 14, 1, 1),
	(15, 15, 1, 1),
	(16, 16, 1, 1),
	(17, 17, 1, 1),
	(18, 18, 1, 1),
	(19, 19, 1, 1),
	(20, 20, 1, 1),
	(21, 21, 1, 1),
	(22, 22, 1, 1),
	(23, 23, 1, 1),
	(24, 24, 1, 1),
	(25, 25, 1, 1),
	(26, 26, 1, 1),
	(27, 27, 1, 1),
	(28, 28, 1, 1),
	(29, 29, 1, 1),
	(30, 30, 1, 1),
	(31, 31, 1, 1),
	(32, 32, 1, 1),
	(33, 33, 1, 1),
	(34, 34, 1, 1),
	(35, 35, 1, 1),
	(36, 36, 1, 1),
	(37, 37, 1, 1),
	(38, 38, 1, 1),
	(39, 39, 1, 1),
	(40, 40, 1, 1),
	(41, 41, 1, 1),
	(42, 42, 1, 1),
	(43, 43, 1, 1),
	(44, 1, 2, 1),
	(45, 2, 2, 1),
	(46, 3, 2, 1),
	(47, 4, 2, 1),
	(48, 5, 2, 1),
	(49, 6, 2, 1),
	(50, 7, 2, 1),
	(51, 8, 2, 1),
	(52, 9, 2, 1),
	(53, 10, 2, 1),
	(54, 11, 2, 1),
	(55, 12, 2, 1),
	(56, 13, 2, 1),
	(57, 14, 2, 1),
	(58, 15, 2, 1),
	(59, 16, 2, 1),
	(60, 17, 2, 1),
	(61, 18, 2, 1),
	(62, 19, 2, 1),
	(63, 20, 2, 1),
	(64, 21, 2, 1),
	(65, 22, 2, 1),
	(66, 23, 2, 1),
	(67, 24, 2, 1),
	(68, 25, 2, 1),
	(69, 26, 2, 1),
	(70, 27, 2, 1),
	(71, 28, 2, 1),
	(72, 29, 2, 1),
	(73, 30, 2, 1),
	(74, 31, 2, 1),
	(75, 32, 2, 1),
	(76, 33, 2, 1),
	(77, 34, 2, 1),
	(78, 35, 2, 1),
	(79, 36, 2, 1),
	(80, 37, 2, 1),
	(81, 38, 2, 1),
	(82, 39, 2, 1),
	(83, 40, 2, 1),
	(84, 41, 2, 1),
	(85, 42, 2, 1),
	(86, 43, 2, 1),
	(87, 1, 3, 1),
	(88, 2, 3, 1),
	(89, 3, 3, 1),
	(90, 4, 3, 1),
	(91, 5, 3, 1),
	(92, 6, 3, 1),
	(93, 7, 3, 1),
	(94, 8, 3, 1),
	(95, 9, 3, 1),
	(96, 10, 3, 1),
	(97, 11, 3, 1),
	(98, 12, 3, 1),
	(99, 13, 3, 1),
	(100, 14, 3, 1),
	(101, 15, 3, 1),
	(102, 16, 3, 1),
	(103, 17, 3, 1),
	(104, 18, 3, 1),
	(105, 19, 3, 1),
	(106, 20, 3, 1),
	(107, 21, 3, 1),
	(108, 22, 3, 1),
	(109, 23, 3, 1),
	(110, 24, 3, 1),
	(111, 25, 3, 1),
	(112, 26, 3, 1),
	(113, 27, 3, 1),
	(114, 28, 3, 1),
	(115, 29, 3, 1),
	(116, 30, 3, 1),
	(117, 31, 3, 1),
	(118, 32, 3, 1),
	(119, 33, 3, 1),
	(120, 34, 3, 1),
	(121, 35, 3, 1),
	(122, 36, 3, 1),
	(123, 37, 3, 1),
	(124, 38, 3, 1),
	(125, 39, 3, 1),
	(126, 40, 3, 1),
	(127, 41, 3, 1),
	(128, 42, 3, 1),
	(129, 43, 3, 1),
	(130, 1, 4, 1),
	(131, 2, 4, 1),
	(132, 3, 4, 1),
	(133, 4, 4, 1),
	(134, 5, 4, 1),
	(135, 6, 4, 1),
	(136, 7, 4, 1),
	(137, 8, 4, 1),
	(138, 9, 4, 1),
	(139, 10, 4, 1),
	(140, 11, 4, 1),
	(141, 12, 4, 1),
	(142, 13, 4, 1),
	(143, 14, 4, 1),
	(144, 15, 4, 1),
	(145, 16, 4, 1),
	(146, 17, 4, 1),
	(147, 18, 4, 1),
	(148, 19, 4, 1),
	(149, 20, 4, 1),
	(150, 21, 4, 1),
	(151, 22, 4, 1),
	(152, 23, 4, 1),
	(153, 24, 4, 1),
	(154, 25, 4, 1),
	(155, 26, 4, 1),
	(156, 27, 4, 1),
	(157, 28, 4, 1),
	(158, 29, 4, 1),
	(159, 30, 4, 1),
	(160, 31, 4, 1),
	(161, 32, 4, 1),
	(162, 33, 4, 1),
	(163, 34, 4, 1),
	(164, 35, 4, 1),
	(165, 36, 4, 1),
	(166, 37, 4, 1),
	(167, 38, 4, 1),
	(168, 39, 4, 1),
	(169, 40, 4, 1),
	(170, 41, 4, 1),
	(171, 42, 4, 1),
	(172, 43, 4, 1),
	(173, 1, 5, 1),
	(174, 2, 5, 1),
	(175, 3, 5, 1),
	(176, 4, 5, 1),
	(177, 5, 5, 1),
	(178, 6, 5, 1),
	(179, 7, 5, 1),
	(180, 8, 5, 1),
	(181, 9, 5, 1),
	(182, 10, 5, 1),
	(183, 11, 5, 1),
	(184, 12, 5, 1),
	(185, 13, 5, 1),
	(186, 14, 5, 1),
	(187, 15, 5, 1),
	(188, 16, 5, 1),
	(189, 17, 5, 1),
	(190, 18, 5, 1),
	(191, 19, 5, 1),
	(192, 20, 5, 1),
	(193, 21, 5, 1),
	(194, 22, 5, 1),
	(195, 23, 5, 1),
	(196, 24, 5, 1),
	(197, 25, 5, 1),
	(198, 26, 5, 1),
	(199, 27, 5, 1),
	(200, 28, 5, 1),
	(201, 29, 5, 1),
	(202, 30, 5, 1),
	(203, 31, 5, 1),
	(204, 32, 5, 1),
	(205, 33, 5, 1),
	(206, 34, 5, 1),
	(207, 35, 5, 1),
	(208, 36, 5, 1),
	(209, 37, 5, 1),
	(210, 38, 5, 1),
	(211, 39, 5, 1),
	(212, 40, 5, 1),
	(213, 41, 5, 1),
	(214, 42, 5, 1),
	(215, 43, 5, 1),
	(216, 1, 6, 1),
	(217, 2, 6, 1),
	(218, 3, 6, 1),
	(219, 4, 6, 1),
	(220, 5, 6, 1),
	(221, 6, 6, 1),
	(222, 7, 6, 1),
	(223, 8, 6, 1),
	(224, 9, 6, 1),
	(225, 10, 6, 1),
	(226, 11, 6, 1),
	(227, 12, 6, 1),
	(228, 13, 6, 1),
	(229, 14, 6, 1),
	(230, 15, 6, 1),
	(231, 16, 6, 1),
	(232, 17, 6, 1),
	(233, 18, 6, 1),
	(234, 19, 6, 1),
	(235, 20, 6, 1),
	(236, 21, 6, 1),
	(237, 22, 6, 1),
	(238, 23, 6, 1),
	(239, 24, 6, 1),
	(240, 25, 6, 1),
	(241, 26, 6, 1),
	(242, 27, 6, 1),
	(243, 28, 6, 1),
	(244, 29, 6, 1),
	(245, 30, 6, 1),
	(246, 31, 6, 1),
	(247, 32, 6, 1),
	(248, 33, 6, 1),
	(249, 34, 6, 1),
	(250, 35, 6, 1),
	(251, 36, 6, 1),
	(252, 37, 6, 1),
	(253, 38, 6, 1),
	(254, 39, 6, 1),
	(255, 40, 6, 1),
	(256, 41, 6, 1),
	(257, 42, 6, 1),
	(258, 43, 6, 1);
/*!40000 ALTER TABLE `moduleaccess` ENABLE KEYS */;


# Dumping structure for table icore.moduletranslate
DROP TABLE IF EXISTS `moduletranslate`;
CREATE TABLE IF NOT EXISTS `moduletranslate` (
  `moduleTranslateId` int(11) NOT NULL AUTO_INCREMENT COMMENT 'translate|',
  `moduleId` int(11) NOT NULL COMMENT 'accordion|',
  `languageId` int(11) NOT NULL COMMENT 'language|',
  `moduleNative` varchar(128) COLLATE utf8_unicode_ci NOT NULL COMMENT 'Accordion|',
  `isDefault` tinyint(1) NOT NULL,
  `isNew` tinyint(1) NOT NULL,
  `isDraft` tinyint(1) NOT NULL,
  `isUpdate` tinyint(1) NOT NULL,
  `isDelete` tinyint(1) NOT NULL,
  `isActive` tinyint(1) NOT NULL,
  `isApproved` tinyint(1) NOT NULL,
  `isReview` tinyint(1) NOT NULL,
  `ispost` tinyint(1) NOT NULL,
  `executeBy` int(11) NOT NULL,
  `executeTime` datetime NOT NULL,
  PRIMARY KEY (`moduleTranslateId`),
  KEY `moduleId` (`moduleId`),
  KEY `languageId` (`languageId`)
) ENGINE=InnoDB AUTO_INCREMENT=44 DEFAULT CHARSET=utf8 COLLATE=utf8_unicode_ci;

# Dumping data for table icore.moduletranslate: ~43 rows (approximately)
/*!40000 ALTER TABLE `moduletranslate` DISABLE KEYS */;
INSERT INTO `moduletranslate` (`moduleTranslateId`, `moduleId`, `languageId`, `moduleNative`, `isDefault`, `isNew`, `isDraft`, `isUpdate`, `isDelete`, `isActive`, `isApproved`, `isReview`, `ispost`, `executeBy`, `executeTime`) VALUES
	(1, 1, 21, 'System', 0, 1, 0, 0, 0, 1, 0, 0, 0, 2, '2011-12-16 08:35:58'),
	(2, 2, 21, 'Translation', 0, 1, 0, 0, 0, 1, 0, 0, 0, 2, '2011-12-16 08:35:58'),
	(3, 3, 21, 'Personnel', 0, 1, 0, 0, 0, 1, 0, 0, 0, 2, '2011-12-16 08:35:58'),
	(4, 4, 21, 'Form Example ', 0, 1, 0, 0, 0, 1, 0, 0, 0, 2, '2011-12-16 08:35:58'),
	(5, 5, 21, 'Setting', 0, 1, 0, 0, 0, 1, 0, 0, 0, 2, '2011-12-16 08:35:58'),
	(6, 6, 21, 'Setting', 0, 1, 0, 0, 0, 1, 0, 0, 0, 2, '2011-12-16 08:35:58'),
	(7, 7, 21, 'Vendor', 0, 1, 0, 0, 0, 1, 0, 0, 0, 2, '2011-12-16 08:35:58'),
	(8, 8, 21, 'Setting', 0, 1, 0, 0, 0, 1, 0, 0, 0, 2, '2011-12-16 08:35:58'),
	(9, 9, 21, 'Setting', 0, 1, 0, 0, 0, 1, 0, 0, 0, 2, '2011-12-16 08:35:58'),
	(10, 10, 21, 'Setting', 0, 1, 0, 0, 0, 1, 0, 0, 0, 2, '2011-12-16 08:35:58'),
	(11, 11, 21, 'Setting', 0, 1, 0, 0, 0, 1, 0, 0, 0, 2, '2011-12-16 08:35:58'),
	(12, 12, 21, 'Cashbook', 0, 1, 0, 0, 0, 1, 0, 0, 0, 2, '2011-12-16 08:35:58'),
	(13, 13, 21, 'Payroll', 0, 1, 0, 0, 0, 1, 0, 0, 0, 2, '2011-12-16 08:35:58'),
	(14, 14, 21, 'Setting', 0, 1, 0, 0, 0, 1, 0, 0, 0, 2, '2011-12-16 08:35:58'),
	(15, 15, 21, 'Setting', 0, 1, 0, 0, 0, 1, 0, 0, 0, 2, '2011-12-16 08:35:58'),
	(16, 16, 21, 'Setting', 0, 1, 0, 0, 0, 1, 0, 0, 0, 2, '2011-12-16 08:35:58'),
	(17, 17, 21, 'Setting', 0, 1, 0, 0, 0, 1, 0, 0, 0, 2, '2011-12-16 08:35:58'),
	(18, 18, 21, 'Memberships', 0, 1, 0, 0, 0, 1, 0, 0, 0, 2, '2011-12-16 08:35:58'),
	(19, 19, 21, 'Dividens', 0, 1, 0, 0, 0, 1, 0, 0, 0, 2, '2011-12-16 08:35:58'),
	(20, 20, 21, 'Bank', 0, 1, 0, 0, 0, 1, 0, 0, 0, 2, '2011-12-16 08:35:58'),
	(21, 21, 21, 'Fix Asset', 0, 1, 0, 0, 0, 1, 0, 0, 0, 2, '2011-12-16 08:35:58'),
	(22, 22, 21, 'Document Management', 0, 1, 0, 0, 0, 1, 0, 0, 0, 2, '2011-12-16 08:35:58'),
	(23, 23, 21, 'Setting', 0, 1, 0, 0, 0, 1, 0, 0, 0, 2, '2011-12-16 08:35:58'),
	(24, 24, 21, 'General Ledger', 0, 1, 0, 0, 0, 1, 0, 0, 0, 2, '2011-12-16 08:35:58'),
	(25, 25, 21, 'Invoicing', 0, 1, 0, 0, 0, 1, 0, 0, 0, 2, '2011-12-16 08:35:58'),
	(26, 26, 21, 'Report', 0, 1, 0, 0, 0, 1, 0, 0, 0, 2, '2011-12-16 08:35:58'),
	(27, 27, 21, 'Account Receivable', 0, 1, 0, 0, 0, 1, 0, 0, 0, 2, '2011-12-16 08:35:58'),
	(28, 28, 21, 'Purchasing Order', 0, 1, 0, 0, 0, 1, 0, 0, 0, 2, '2011-12-16 08:35:58'),
	(29, 29, 21, 'Human Resource', 0, 1, 0, 0, 0, 1, 0, 0, 0, 2, '2011-12-16 08:35:58'),
	(30, 30, 21, 'Report', 0, 1, 0, 0, 0, 1, 0, 0, 0, 2, '2011-12-16 08:35:58'),
	(31, 31, 21, 'Common ', 0, 1, 0, 0, 0, 1, 0, 0, 0, 2, '2011-12-16 08:35:58'),
	(32, 32, 21, 'Report', 0, 1, 0, 0, 0, 1, 0, 0, 0, 2, '2011-12-16 08:35:58'),
	(33, 33, 21, 'Report', 0, 1, 0, 0, 0, 1, 0, 0, 0, 2, '2011-12-16 08:35:58'),
	(34, 34, 21, 'Report', 0, 1, 0, 0, 0, 1, 0, 0, 0, 2, '2011-12-16 08:35:58'),
	(35, 35, 21, 'Report', 0, 1, 0, 0, 0, 1, 0, 0, 0, 2, '2011-12-16 08:35:58'),
	(36, 36, 21, 'Report', 0, 1, 0, 0, 0, 1, 0, 0, 0, 2, '2011-12-16 08:35:58'),
	(37, 37, 21, 'Report', 0, 1, 0, 0, 0, 1, 0, 0, 0, 2, '2011-12-16 08:35:58'),
	(38, 38, 21, 'Report', 0, 1, 0, 0, 0, 1, 0, 0, 0, 2, '2011-12-16 08:35:58'),
	(39, 39, 21, 'reserve', 0, 1, 0, 0, 0, 1, 0, 0, 0, 2, '2011-12-16 08:35:58'),
	(40, 40, 21, 'Report', 0, 1, 0, 0, 0, 1, 0, 0, 0, 2, '2011-12-16 08:35:58'),
	(41, 41, 21, 'Setting', 0, 1, 0, 0, 0, 1, 0, 0, 0, 2, '2011-12-16 08:35:58'),
	(42, 42, 21, 'Business Partner', 0, 1, 0, 0, 0, 1, 0, 0, 0, 2, '2011-12-16 08:35:58'),
	(43, 43, 21, 'Report', 0, 1, 0, 0, 0, 1, 0, 0, 0, 2, '2011-12-16 08:35:58');
/*!40000 ALTER TABLE `moduletranslate` ENABLE KEYS */;


# Dumping structure for table icore.religionsample
DROP TABLE IF EXISTS `religionsample`;
CREATE TABLE IF NOT EXISTS `religionsample` (
  `religionId` int(11) NOT NULL AUTO_INCREMENT COMMENT 'Religion|',
  `religionDesc` varchar(128) COLLATE utf8_unicode_ci NOT NULL COMMENT 'Description|',
  `isDefault` tinyint(1) NOT NULL COMMENT 'default|',
  `isNew` tinyint(1) NOT NULL COMMENT 'New|',
  `isDraft` tinyint(1) NOT NULL COMMENT 'Draft|',
  `isUpdate` tinyint(1) NOT NULL COMMENT 'Updated|',
  `isDelete` tinyint(1) NOT NULL COMMENT 'Delete|',
  `isActive` tinyint(1) NOT NULL COMMENT 'Active|',
  `isApproved` tinyint(1) NOT NULL COMMENT 'Approved|',
  `isReview` tinyint(1) NOT NULL,
  `isPost` tinyint(1) NOT NULL,
  `executeBy` int(11) NOT NULL COMMENT 'By|',
  `executeTime` datetime NOT NULL,
  PRIMARY KEY (`religionId`)
) ENGINE=InnoDB AUTO_INCREMENT=33 DEFAULT CHARSET=utf8 COLLATE=utf8_unicode_ci;

# Dumping data for table icore.religionsample: ~32 rows (approximately)
/*!40000 ALTER TABLE `religionsample` DISABLE KEYS */;
INSERT INTO `religionsample` (`religionId`, `religionDesc`, `isDefault`, `isNew`, `isDraft`, `isUpdate`, `isDelete`, `isActive`, `isApproved`, `isReview`, `isPost`, `executeBy`, `executeTime`) VALUES
	(1, 'Abrahamic religions', 1, 0, 1, 0, 0, 0, 0, 0, 0, 2, '0000-00-00 00:00:00'),
	(2, 'Indian religions', 0, 0, 0, 0, 0, 0, 0, 0, 0, 2, '0000-00-00 00:00:00'),
	(3, 'Iranian religions', 0, 0, 0, 0, 0, 0, 0, 0, 0, 2, '0000-00-00 00:00:00'),
	(4, 'East Asian religions', 0, 0, 0, 0, 0, 0, 0, 0, 0, 2, '0000-00-00 00:00:00'),
	(5, 'African diasporic religions', 0, 0, 0, 0, 0, 0, 0, 0, 0, 2, '0000-00-00 00:00:00'),
	(6, 'Indigenous traditional religions', 0, 0, 0, 0, 0, 0, 0, 0, 0, 2, '0000-00-00 00:00:00'),
	(7, 'Historical polytheism', 0, 0, 0, 0, 0, 0, 0, 0, 0, 2, '0000-00-00 00:00:00'),
	(8, 'Neopaganism', 0, 0, 0, 0, 0, 0, 0, 0, 0, 2, '0000-00-00 00:00:00'),
	(9, 'New Age, esotericism, mysticism', 0, 0, 0, 0, 0, 0, 0, 0, 0, 2, '0000-00-00 00:00:00'),
	(10, 'New religious movements', 0, 0, 0, 0, 0, 0, 0, 0, 0, 2, '0000-00-00 00:00:00'),
	(11, 'Fictional religions', 0, 0, 0, 0, 0, 0, 0, 0, 0, 2, '0000-00-00 00:00:00'),
	(12, 'Parody or mock religions', 0, 0, 0, 0, 0, 0, 0, 0, 0, 2, '0000-00-00 00:00:00'),
	(13, 'Others', 0, 0, 0, 0, 0, 0, 0, 0, 0, 2, '0000-00-00 00:00:00'),
	(14, '1', 0, 0, 0, 0, 0, 0, 0, 0, 0, 2, '0000-00-00 00:00:00'),
	(15, '2', 0, 0, 0, 0, 0, 0, 0, 0, 0, 2, '0000-00-00 00:00:00'),
	(16, '3', 0, 0, 0, 0, 0, 0, 0, 0, 0, 2, '0000-00-00 00:00:00'),
	(17, 'Other categorisations', 0, 0, 0, 0, 0, 0, 0, 0, 0, 2, '0000-00-00 00:00:00'),
	(18, 'kambinf', 0, 1, 0, 0, 0, 1, 0, 0, 0, 2, '2011-09-28 19:00:16'),
	(19, 'koko', 0, 1, 0, 0, 0, 1, 0, 0, 0, 2, '2011-09-29 20:14:04'),
	(20, 'kokok', 0, 1, 0, 0, 0, 1, 0, 0, 0, 2, '2011-09-29 20:15:14'),
	(21, 'loklll999999999999999999999999', 0, 0, 0, 0, 1, 0, 0, 0, 0, 2, '2011-10-25 09:26:39'),
	(22, 'updats', 0, 0, 0, 0, 1, 0, 0, 0, 0, 2, '2011-10-25 09:26:55'),
	(23, 'hanafi', 0, 1, 0, 0, 0, 1, 0, 0, 0, 2, '2011-10-25 09:28:08'),
	(24, 'this entry is nice', 0, 1, 0, 0, 0, 1, 0, 0, 0, 2, '2011-10-25 10:10:08'),
	(25, 'kambing doll update', 0, 0, 0, 1, 0, 1, 0, 0, 0, 2, '2011-10-25 11:16:37'),
	(26, 'hantu', 0, 1, 0, 0, 0, 1, 0, 0, 0, 2, '2011-11-12 12:17:11'),
	(27, 'hantu2', 0, 1, 0, 0, 0, 1, 0, 0, 0, 2, '2011-11-12 12:22:16'),
	(28, 'hantu3', 0, 1, 0, 0, 0, 1, 0, 0, 0, 2, '2011-11-12 12:22:42'),
	(29, 'kambing x', 0, 0, 0, 1, 0, 1, 0, 0, 0, 2, '2011-11-12 12:27:40'),
	(30, 'kambing2', 0, 1, 0, 0, 0, 1, 0, 0, 0, 2, '2011-11-12 12:38:04'),
	(31, 'kambingxa', 0, 0, 0, 0, 1, 0, 0, 0, 0, 2, '2011-11-12 13:09:19'),
	(32, 'kambingxtttt', 0, 0, 0, 0, 1, 0, 0, 0, 0, 2, '2011-11-12 13:27:12');
/*!40000 ALTER TABLE `religionsample` ENABLE KEYS */;


# Dumping structure for table icore.religionsampledetail
DROP TABLE IF EXISTS `religionsampledetail`;
CREATE TABLE IF NOT EXISTS `religionsampledetail` (
  `religionDetailId` int(11) NOT NULL AUTO_INCREMENT COMMENT 'Religion|',
  `religionId` int(11) NOT NULL,
  `religionDetailTitle` varchar(128) COLLATE utf8_unicode_ci NOT NULL COMMENT 'Description|',
  `religionDetailDesc` text COLLATE utf8_unicode_ci NOT NULL,
  `isDefault` tinyint(1) NOT NULL COMMENT 'default|',
  `isNew` tinyint(1) NOT NULL COMMENT 'New|',
  `isDraft` tinyint(1) NOT NULL COMMENT 'Draft|',
  `isUpdate` tinyint(1) NOT NULL COMMENT 'Updated|',
  `isDelete` tinyint(1) NOT NULL COMMENT 'Delete|',
  `isActive` tinyint(1) NOT NULL COMMENT 'Active|',
  `isApproved` tinyint(1) NOT NULL COMMENT 'Approved|',
  `isReview` tinyint(1) NOT NULL,
  `isPost` tinyint(1) NOT NULL,
  `executeBy` int(11) NOT NULL COMMENT 'By|',
  `executeTime` datetime NOT NULL,
  PRIMARY KEY (`religionDetailId`),
  KEY `religionId` (`religionId`),
  CONSTRAINT `religionsampledetail_ibfk_1` FOREIGN KEY (`religionId`) REFERENCES `religionsample` (`religionId`) ON DELETE CASCADE ON UPDATE CASCADE
) ENGINE=InnoDB AUTO_INCREMENT=53 DEFAULT CHARSET=utf8 COLLATE=utf8_unicode_ci;

# Dumping data for table icore.religionsampledetail: ~51 rows (approximately)
/*!40000 ALTER TABLE `religionsampledetail` DISABLE KEYS */;
INSERT INTO `religionsampledetail` (`religionDetailId`, `religionId`, `religionDetailTitle`, `religionDetailDesc`, `isDefault`, `isNew`, `isDraft`, `isUpdate`, `isDelete`, `isActive`, `isApproved`, `isReview`, `isPost`, `executeBy`, `executeTime`) VALUES
	(1, 1, 'Bábism', '', 0, 0, 0, 0, 0, 0, 0, 0, 0, 2, '0000-00-00 00:00:00'),
	(2, 1, 'Bahá\'í Faith', '', 0, 0, 0, 0, 0, 0, 0, 0, 0, 2, '0000-00-00 00:00:00'),
	(3, 1, 'Christianity', '', 0, 0, 0, 0, 0, 0, 0, 0, 0, 2, '0000-00-00 00:00:00'),
	(4, 1, 'Gnosticism', '', 0, 0, 0, 0, 0, 0, 0, 0, 0, 2, '0000-00-00 00:00:00'),
	(5, 1, 'Islam', '', 0, 0, 0, 0, 0, 0, 0, 0, 0, 2, '0000-00-00 00:00:00'),
	(6, 1, 'Judaism', '', 0, 0, 0, 0, 0, 0, 0, 0, 0, 2, '0000-00-00 00:00:00'),
	(7, 1, 'Rastafari movement', '', 0, 0, 0, 0, 0, 0, 0, 0, 0, 2, '0000-00-00 00:00:00'),
	(8, 1, 'Mandaeans and Sabians', '', 0, 0, 0, 0, 0, 0, 0, 0, 0, 2, '0000-00-00 00:00:00'),
	(9, 1, 'Samaritanism', '', 0, 0, 0, 0, 0, 0, 0, 0, 0, 2, '0000-00-00 00:00:00'),
	(10, 1, 'Unitarian Universalism', '', 0, 0, 0, 0, 0, 0, 0, 0, 0, 2, '0000-00-00 00:00:00'),
	(11, 2, 'Ayyavazhi', '', 0, 0, 0, 0, 0, 0, 0, 0, 0, 2, '0000-00-00 00:00:00'),
	(12, 2, 'Bhakti Movement', '', 0, 0, 0, 0, 0, 0, 0, 0, 0, 2, '0000-00-00 00:00:00'),
	(13, 2, 'Buddhism', '', 0, 0, 0, 0, 0, 0, 0, 0, 0, 2, '0000-00-00 00:00:00'),
	(14, 2, 'Din-i-Ilahi', '', 0, 0, 0, 0, 0, 0, 0, 0, 0, 2, '0000-00-00 00:00:00'),
	(15, 2, 'Hinduism', '', 0, 0, 0, 0, 0, 0, 0, 0, 0, 2, '0000-00-00 00:00:00'),
	(16, 2, 'Jainism', '', 0, 0, 0, 0, 0, 0, 0, 0, 0, 2, '0000-00-00 00:00:00'),
	(17, 2, 'Sikhism', '', 0, 0, 0, 0, 0, 0, 0, 0, 0, 2, '0000-00-00 00:00:00'),
	(18, 3, 'Manichaeism', '', 0, 0, 0, 0, 0, 0, 0, 0, 0, 2, '0000-00-00 00:00:00'),
	(19, 3, 'Mazdakism', '', 0, 0, 0, 0, 0, 0, 0, 0, 0, 2, '0000-00-00 00:00:00'),
	(20, 3, 'Mithraism', '', 0, 0, 0, 0, 0, 0, 0, 0, 0, 2, '0000-00-00 00:00:00'),
	(21, 3, 'Yazdânism', '', 0, 0, 0, 0, 0, 0, 0, 0, 0, 2, '0000-00-00 00:00:00'),
	(22, 4, 'Zoroastrianism', '', 0, 0, 0, 0, 0, 0, 0, 0, 0, 2, '0000-00-00 00:00:00'),
	(23, 4, 'Confucianism', '', 0, 0, 0, 0, 0, 0, 0, 0, 0, 2, '0000-00-00 00:00:00'),
	(24, 4, 'Shinto', '', 0, 0, 0, 0, 0, 0, 0, 0, 0, 2, '0000-00-00 00:00:00'),
	(25, 4, 'Taoism', '', 0, 0, 0, 0, 0, 0, 0, 0, 0, 2, '0000-00-00 00:00:00'),
	(26, 4, 'Other', '', 0, 0, 0, 0, 0, 0, 0, 0, 0, 2, '0000-00-00 00:00:00'),
	(27, 6, 'African', '', 0, 0, 0, 0, 0, 0, 0, 0, 0, 2, '0000-00-00 00:00:00'),
	(28, 6, 'American', '', 0, 0, 0, 0, 0, 0, 0, 0, 0, 2, '0000-00-00 00:00:00'),
	(29, 6, 'Eurasian', '', 0, 0, 0, 0, 0, 0, 0, 0, 0, 2, '0000-00-00 00:00:00'),
	(30, 6, 'Oceania/Pacific', '', 0, 0, 0, 0, 0, 0, 0, 0, 0, 2, '0000-00-00 00:00:00'),
	(31, 7, 'Ancient Near Eastern', '', 0, 0, 0, 0, 0, 0, 0, 0, 0, 2, '0000-00-00 00:00:00'),
	(32, 7, 'Indo-European', '', 0, 0, 0, 0, 0, 0, 0, 0, 0, 2, '0000-00-00 00:00:00'),
	(33, 7, 'Hellenistic', '', 0, 0, 0, 0, 0, 0, 0, 0, 0, 2, '0000-00-00 00:00:00'),
	(34, 9, 'New Age', '', 0, 0, 0, 0, 0, 0, 0, 0, 0, 2, '0000-00-00 00:00:00'),
	(35, 9, 'Esotericism and mysticism', '', 0, 0, 0, 0, 0, 0, 0, 0, 0, 2, '0000-00-00 00:00:00'),
	(36, 9, 'Occult and magical', '', 0, 0, 0, 0, 0, 0, 0, 0, 0, 2, '0000-00-00 00:00:00'),
	(37, 9, 'Left-Hand Path', '', 0, 0, 0, 0, 0, 0, 0, 0, 0, 2, '0000-00-00 00:00:00'),
	(38, 10, 'Creativity', '', 0, 0, 0, 0, 0, 0, 0, 0, 0, 2, '0000-00-00 00:00:00'),
	(39, 10, 'Philosophical', '', 0, 0, 0, 0, 0, 0, 0, 0, 0, 2, '0000-00-00 00:00:00'),
	(40, 10, 'New Thought', '', 0, 0, 0, 0, 0, 0, 0, 0, 0, 2, '0000-00-00 00:00:00'),
	(41, 10, 'Shinshukyo', '', 0, 0, 0, 0, 0, 0, 0, 0, 0, 2, '0000-00-00 00:00:00'),
	(43, 1, '', '', 0, 1, 0, 0, 0, 1, 0, 0, 0, 2, '2011-09-26 22:56:02'),
	(44, 1, 'xmen', '', 0, 1, 0, 0, 0, 1, 0, 0, 0, 2, '2011-09-26 23:01:11'),
	(45, 1, 'dotard', 'klhjl\r\n', 0, 1, 0, 0, 0, 1, 0, 0, 0, 2, '2011-09-26 23:03:26'),
	(46, 1, 'lol', '', 0, 1, 0, 0, 0, 1, 0, 0, 0, 2, '2011-09-26 23:08:09'),
	(47, 1, '6', '', 0, 1, 0, 0, 0, 1, 0, 0, 0, 2, '2011-09-26 23:09:06'),
	(48, 1, 'gogo power rangers', 'kaizaban', 0, 1, 0, 0, 0, 1, 0, 0, 0, 2, '2011-09-26 23:14:03'),
	(49, 20, 'koko', 'kokoi', 0, 1, 0, 0, 0, 1, 0, 0, 0, 2, '2011-09-29 20:17:27'),
	(50, 21, 'loki1', 'LOKI2', 0, 1, 0, 0, 0, 1, 0, 0, 0, 2, '2011-09-29 20:22:19'),
	(51, 21, 'LOKI4', 'LOKI3', 0, 1, 0, 0, 0, 1, 0, 0, 0, 2, '2011-09-29 20:26:51'),
	(52, 21, 'EDIT1', '9', 0, 0, 0, 1, 0, 1, 0, 0, 0, 2, '2011-09-29 21:19:07');
/*!40000 ALTER TABLE `religionsampledetail` ENABLE KEYS */;


# Dumping structure for table icore.staff
DROP TABLE IF EXISTS `staff`;
CREATE TABLE IF NOT EXISTS `staff` (
  `staffId` int(11) NOT NULL AUTO_INCREMENT COMMENT 'Staff|',
  `teamId` int(11) NOT NULL COMMENT 'crew|',
  `departmentId` int(11) NOT NULL,
  `languageId` int(11) NOT NULL COMMENT 'Language|',
  `staffPassword` varchar(32) COLLATE utf8_unicode_ci NOT NULL COMMENT 'Password|',
  `staffName` varchar(64) COLLATE utf8_unicode_ci NOT NULL COMMENT 'Name|',
  `staffNo` varchar(32) COLLATE utf8_unicode_ci NOT NULL COMMENT 'Number|',
  `staffIc` varchar(64) COLLATE utf8_unicode_ci NOT NULL COMMENT 'Identification|',
  `isDefault` int(1) NOT NULL,
  `isNew` tinyint(1) NOT NULL COMMENT 'New|',
  `isDraft` tinyint(1) NOT NULL COMMENT 'Draft|',
  `isUpdate` tinyint(1) NOT NULL COMMENT 'Updated|',
  `isDelete` tinyint(1) NOT NULL COMMENT 'Delete|',
  `isActive` tinyint(1) NOT NULL COMMENT 'Active|',
  `isApproved` tinyint(1) NOT NULL COMMENT 'Approved|',
  `isReview` tinyint(1) NOT NULL,
  `isPost` tinyint(1) NOT NULL,
  `executeBy` int(11) NOT NULL COMMENT 'By|',
  `executeTime` datetime NOT NULL,
  PRIMARY KEY (`staffId`),
  KEY `isPost` (`isPost`),
  KEY `isReview` (`isReview`),
  KEY `isApproved` (`isApproved`),
  KEY `isActive` (`isActive`),
  KEY `isDelete` (`isDelete`),
  KEY `isUpdate` (`isUpdate`),
  KEY `isNew` (`isNew`),
  KEY `isDraft` (`isDraft`)
) ENGINE=InnoDB AUTO_INCREMENT=9 DEFAULT CHARSET=utf8 COLLATE=utf8_unicode_ci COMMENT='Clerk,System Admin';

# Dumping data for table icore.staff: ~7 rows (approximately)
/*!40000 ALTER TABLE `staff` DISABLE KEYS */;
INSERT INTO `staff` (`staffId`, `teamId`, `departmentId`, `languageId`, `staffPassword`, `staffName`, `staffNo`, `staffIc`, `isDefault`, `isNew`, `isDraft`, `isUpdate`, `isDelete`, `isActive`, `isApproved`, `isReview`, `isPost`, `executeBy`, `executeTime`) VALUES
	(2, 1, 1, 21, '690b2646e03f5411e297d208b79d4807', 'root', '', '', 0, 0, 0, 1, 0, 1, 2, 0, 0, 2, '0000-00-00 00:00:00'),
	(3, 1, 1, 21, '690b2646e03f5411e297d208b79d4807', 'admin', '', '', 0, 0, 0, 1, 0, 1, 2, 0, 0, 2, '0000-00-00 00:00:00'),
	(4, 2, 1, 21, '690b2646e03f5411e297d208b79d4807', 'supervisor', '', '', 0, 0, 0, 1, 0, 1, 2, 0, 0, 2, '0000-00-00 00:00:00'),
	(5, 3, 1, 21, '690b2646e03f5411e297d208b79d4807', 'staff', '', '', 0, 0, 0, 1, 0, 1, 2, 0, 0, 2, '0000-00-00 00:00:00'),
	(6, 4, 1, 21, '690b2646e03f5411e297d208b79d4807', 'member', '', '', 0, 0, 0, 1, 0, 1, 2, 0, 0, 2, '0000-00-00 00:00:00'),
	(7, 5, 1, 21, '690b2646e03f5411e297d208b79d4807', 'demo', '', '', 0, 0, 0, 1, 0, 1, 2, 0, 0, 2, '0000-00-00 00:00:00'),
	(8, 6, 1, 21, '690b2646e03f5411e297d208b79d4807', 'manager', '', '', 0, 0, 0, 1, 0, 1, 2, 0, 0, 2, '0000-00-00 00:00:00');
/*!40000 ALTER TABLE `staff` ENABLE KEYS */;


# Dumping structure for table icore.staffwebaccess
DROP TABLE IF EXISTS `staffwebaccess`;
CREATE TABLE IF NOT EXISTS `staffwebaccess` (
  `staffWebAccessId` int(11) NOT NULL AUTO_INCREMENT,
  `staffId` int(11) NOT NULL,
  `staffWebAccessLogIn` datetime NOT NULL,
  `staffWebAccessLogOut` datetime NOT NULL,
  `phpSession` varchar(32) CHARACTER SET latin1 NOT NULL,
  PRIMARY KEY (`staffWebAccessId`)
) ENGINE=InnoDB DEFAULT CHARSET=utf8 COLLATE=utf8_unicode_ci COMMENT='System Access Audit Log....';

# Dumping data for table icore.staffwebaccess: ~0 rows (approximately)
/*!40000 ALTER TABLE `staffwebaccess` DISABLE KEYS */;
/*!40000 ALTER TABLE `staffwebaccess` ENABLE KEYS */;


# Dumping structure for table icore.systemstring
DROP TABLE IF EXISTS `systemstring`;
CREATE TABLE IF NOT EXISTS `systemstring` (
  `systemStringId` int(11) NOT NULL AUTO_INCREMENT COMMENT 'Accordion|',
  `systemStringCode` varchar(32) COLLATE utf8_unicode_ci NOT NULL,
  `systemStringEnglish` varchar(128) COLLATE utf8_unicode_ci NOT NULL,
  `isDefault` tinyint(1) NOT NULL,
  `isNew` tinyint(1) NOT NULL COMMENT 'New|',
  `isDraft` tinyint(1) NOT NULL COMMENT 'Draft|',
  `isUpdate` tinyint(1) NOT NULL COMMENT 'Updated|',
  `isDelete` tinyint(1) NOT NULL COMMENT 'Delete|',
  `isActive` tinyint(1) NOT NULL COMMENT 'Active|',
  `isApproved` tinyint(1) NOT NULL COMMENT 'Approved|',
  `isReview` tinyint(1) NOT NULL,
  `isPost` tinyint(1) NOT NULL,
  `executeBy` int(11) NOT NULL COMMENT 'By|',
  `executeTime` datetime NOT NULL,
  PRIMARY KEY (`systemStringId`)
) ENGINE=InnoDB AUTO_INCREMENT=13 DEFAULT CHARSET=utf8 COLLATE=utf8_unicode_ci COMMENT='application';

# Dumping data for table icore.systemstring: ~11 rows (approximately)
/*!40000 ALTER TABLE `systemstring` DISABLE KEYS */;
INSERT INTO `systemstring` (`systemStringId`, `systemStringCode`, `systemStringEnglish`, `isDefault`, `isNew`, `isDraft`, `isUpdate`, `isDelete`, `isActive`, `isApproved`, `isReview`, `isPost`, `executeBy`, `executeTime`) VALUES
	(1, 'create', 'Record Created.', 0, 1, 0, 0, 0, 1, 0, 0, 0, 2, '2011-12-11 10:51:43'),
	(2, 'update', 'Record Updated.', 0, 1, 0, 0, 0, 1, 0, 0, 0, 2, '2011-12-11 10:51:43'),
	(3, 'delete', 'Record Deleted.', 0, 1, 0, 0, 0, 1, 0, 0, 0, 2, '2011-12-11 10:51:43'),
	(4, 'duplicate', 'Code Required duplicate.', 0, 1, 0, 0, 0, 1, 0, 0, 0, 2, '2011-12-11 10:51:43'),
	(5, 'notDuplicate', 'Code Required Not Duplicate.', 0, 1, 0, 0, 0, 1, 0, 0, 0, 2, '2011-12-11 10:51:43'),
	(6, 'fileFound', 'File Request Founded', 0, 1, 0, 0, 0, 1, 0, 0, 0, 2, '2011-12-11 10:51:43'),
	(7, 'fileNotFound', 'File Request Not  Founded', 0, 1, 0, 0, 0, 1, 0, 0, 0, 2, '2011-12-11 10:51:43'),
	(8, 'recordFound', 'Record Search Founded', 0, 1, 0, 0, 0, 1, 0, 0, 0, 2, '2011-12-11 10:51:43'),
	(9, 'recordNotFound', 'Record Search Not Founded', 0, 1, 0, 0, 0, 1, 0, 0, 0, 2, '2011-12-11 10:51:43'),
	(11, 'nonSupportedDatabase', 'Database Request Not Found ', 0, 1, 0, 0, 0, 1, 0, 0, 0, 2, '2011-12-11 10:51:43'),
	(12, 'posting', 'Transaction Post To General Ledger', 0, 1, 0, 0, 0, 1, 0, 0, 0, 2, '2011-12-11 10:51:43');
/*!40000 ALTER TABLE `systemstring` ENABLE KEYS */;


# Dumping structure for table icore.systemstringtranslate
DROP TABLE IF EXISTS `systemstringtranslate`;
CREATE TABLE IF NOT EXISTS `systemstringtranslate` (
  `systemStringTranslateId` int(11) NOT NULL AUTO_INCREMENT COMMENT 'Accordion|',
  `systemStringId` int(11) NOT NULL,
  `systemStringCode` varchar(32) COLLATE utf8_unicode_ci NOT NULL,
  `languageId` int(11) NOT NULL,
  `systemStringNative` varchar(128) COLLATE utf8_unicode_ci NOT NULL,
  `isDefault` tinyint(1) NOT NULL,
  `isNew` tinyint(1) NOT NULL COMMENT 'New|',
  `isDraft` tinyint(1) NOT NULL COMMENT 'Draft|',
  `isUpdate` tinyint(1) NOT NULL COMMENT 'Updated|',
  `isDelete` tinyint(1) NOT NULL COMMENT 'Delete|',
  `isActive` tinyint(1) NOT NULL COMMENT 'Active|',
  `isApproved` tinyint(1) NOT NULL COMMENT 'Approved|',
  `isReview` tinyint(1) NOT NULL,
  `isPost` tinyint(1) NOT NULL,
  `executeBy` int(11) NOT NULL COMMENT 'By|',
  `executeTime` datetime NOT NULL,
  PRIMARY KEY (`systemStringTranslateId`)
) ENGINE=InnoDB AUTO_INCREMENT=14 DEFAULT CHARSET=utf8 COLLATE=utf8_unicode_ci COMMENT='application';

# Dumping data for table icore.systemstringtranslate: ~12 rows (approximately)
/*!40000 ALTER TABLE `systemstringtranslate` DISABLE KEYS */;
INSERT INTO `systemstringtranslate` (`systemStringTranslateId`, `systemStringId`, `systemStringCode`, `languageId`, `systemStringNative`, `isDefault`, `isNew`, `isDraft`, `isUpdate`, `isDelete`, `isActive`, `isApproved`, `isReview`, `isPost`, `executeBy`, `executeTime`) VALUES
	(1, 1, 'create', 21, 'Record Created.', 0, 0, 0, 0, 0, 0, 0, 0, 0, 0, '0000-00-00 00:00:00'),
	(2, 2, 'update', 21, 'Record Updated.', 0, 0, 0, 0, 0, 0, 0, 0, 0, 0, '0000-00-00 00:00:00'),
	(3, 3, 'delete', 21, 'Record Deleted.', 0, 0, 0, 0, 0, 0, 0, 0, 0, 0, '0000-00-00 00:00:00'),
	(4, 4, 'duplicate', 21, 'Code Required duplicate.', 0, 0, 0, 0, 0, 0, 0, 0, 0, 0, '0000-00-00 00:00:00'),
	(5, 5, 'notDuplicate', 21, 'Code Required Not Duplicate.', 0, 0, 0, 0, 0, 0, 0, 0, 0, 0, '0000-00-00 00:00:00'),
	(6, 6, 'fileFound', 21, 'File Request Founded', 0, 0, 0, 0, 0, 0, 0, 0, 0, 0, '0000-00-00 00:00:00'),
	(7, 7, 'fileNotFound', 21, 'File Request Not  Founded', 0, 0, 0, 0, 0, 0, 0, 0, 0, 0, '0000-00-00 00:00:00'),
	(8, 8, 'recordFound', 21, 'Record Search Founded', 0, 0, 0, 0, 0, 0, 0, 0, 0, 0, '0000-00-00 00:00:00'),
	(9, 9, 'recordNotFound', 21, 'Record Search Not Founded', 0, 0, 0, 0, 0, 0, 0, 0, 0, 0, '0000-00-00 00:00:00'),
	(11, 11, 'nonSupportedDatabase', 21, 'Database Request Not Found ', 0, 0, 0, 0, 0, 0, 0, 0, 0, 0, '0000-00-00 00:00:00'),
	(12, 12, 'read', 21, 'Record  Loaded', 0, 0, 0, 0, 0, 0, 0, 0, 0, 0, '0000-00-00 00:00:00'),
	(13, 12, 'posting', 21, 'Transaction Post To General Ledger', 0, 0, 0, 0, 0, 0, 0, 0, 0, 0, '0000-00-00 00:00:00');
/*!40000 ALTER TABLE `systemstringtranslate` ENABLE KEYS */;


# Dumping structure for table icore.tablemapping
DROP TABLE IF EXISTS `tablemapping`;
CREATE TABLE IF NOT EXISTS `tablemapping` (
  `tableMappingId` int(11) NOT NULL AUTO_INCREMENT COMMENT 'Mapping|',
  `database` varchar(128) COLLATE utf8_unicode_ci NOT NULL,
  `tableMappingName` varchar(64) COLLATE utf8_unicode_ci NOT NULL COMMENT 'Table|',
  `tableMappingColumnName` varchar(128) COLLATE utf8_unicode_ci NOT NULL COMMENT 'Column|',
  `tableMappingEnglish` varchar(128) COLLATE utf8_unicode_ci NOT NULL COMMENT 'English|',
  `isDefault` tinyint(1) NOT NULL,
  `isNew` tinyint(1) NOT NULL,
  `isDraft` tinyint(1) NOT NULL,
  `isUpdate` tinyint(1) NOT NULL,
  `isDelete` tinyint(1) NOT NULL,
  `isActive` tinyint(1) NOT NULL,
  `isApproved` tinyint(1) NOT NULL,
  `isReview` tinyint(1) NOT NULL,
  `isPost` tinyint(1) NOT NULL,
  `executeBy` int(11) NOT NULL,
  `executeTime` datetime NOT NULL,
  PRIMARY KEY (`tableMappingId`)
) ENGINE=InnoDB AUTO_INCREMENT=15683 DEFAULT CHARSET=utf8 COLLATE=utf8_unicode_ci;

# Dumping data for table icore.tablemapping: ~1,009 rows (approximately)
/*!40000 ALTER TABLE `tablemapping` DISABLE KEYS */;
INSERT INTO `tablemapping` (`tableMappingId`, `database`, `tableMappingName`, `tableMappingColumnName`, `tableMappingEnglish`, `isDefault`, `isNew`, `isDraft`, `isUpdate`, `isDelete`, `isActive`, `isApproved`, `isReview`, `isPost`, `executeBy`, `executeTime`) VALUES
	(1, 'iLog', 'log', 'logId', 'log', 0, 0, 0, 0, 0, 0, 0, 0, 0, 2, '2011-12-01 09:22:48'),
	(2, 'iLog', 'log', 'leafId', 'leaf', 0, 0, 0, 0, 0, 0, 0, 0, 0, 2, '2011-12-01 09:22:48'),
	(3, 'iLog', 'log', 'operation', 'Operation', 0, 0, 0, 0, 0, 0, 0, 0, 0, 2, '2011-12-01 09:22:48'),
	(4, 'iLog', 'log', 'sql', 'Sql', 0, 0, 0, 0, 0, 0, 0, 0, 0, 2, '2011-12-01 09:22:48'),
	(5, 'iLog', 'log', 'date', 'Date', 0, 0, 0, 0, 0, 0, 0, 0, 0, 2, '2011-12-01 09:22:48'),
	(6, 'iLog', 'log', 'staffId', 'staff', 0, 0, 0, 0, 0, 0, 0, 0, 0, 2, '2011-12-01 09:22:48'),
	(7, 'iLog', 'log', 'access', 'Access', 0, 0, 0, 0, 0, 0, 0, 0, 0, 2, '2011-12-01 09:22:48'),
	(8, 'iLog', 'log', 'logError', 'Error', 0, 0, 0, 0, 0, 0, 0, 0, 0, 2, '2011-12-01 09:22:49'),
	(9, 'iLog', 'logadvance', 'logAdvanceId', 'logAdvance', 0, 0, 0, 0, 0, 0, 0, 0, 0, 2, '2011-12-01 09:22:49'),
	(10, 'iLog', 'logadvance', 'logAdvanceText', 'Log Text', 0, 0, 0, 0, 0, 0, 0, 0, 0, 2, '2011-12-01 09:22:49'),
	(11, 'iLog', 'logadvance', 'logAdvanceType', 'Log Type', 0, 0, 0, 0, 0, 0, 0, 0, 0, 2, '2011-12-01 09:22:49'),
	(12, 'iLog', 'logadvance', 'logAdvanceComparision', 'Log Comparision', 0, 0, 0, 0, 0, 0, 0, 0, 0, 2, '2011-12-01 09:22:49'),
	(13, 'iLog', 'logadvance', 'refTableName', 'Ref Name', 0, 0, 0, 0, 0, 0, 0, 0, 0, 2, '2011-12-01 09:22:49'),
	(14, 'iLog', 'logadvance', 'leafId', 'leaf', 0, 0, 0, 0, 0, 0, 0, 0, 0, 2, '2011-12-01 09:22:49'),
	(15, 'iLog', 'logadvance', 'executeBy', 'By', 0, 0, 0, 0, 0, 0, 0, 0, 0, 2, '2011-12-01 09:22:49'),
	(16, 'iLog', 'logadvance', 'executeTime', 'Time', 0, 0, 0, 0, 0, 0, 0, 0, 0, 2, '2011-12-01 09:22:49'),
	(17, 'iCore', 'application', 'applicationId', 'application', 0, 0, 0, 0, 0, 0, 0, 0, 0, 2, '2011-12-01 09:22:55'),
	(18, 'iCore', 'application', 'iconId', 'icon', 0, 0, 0, 0, 0, 0, 0, 0, 0, 2, '2011-12-01 09:22:55'),
	(19, 'iCore', 'application', 'applicationSequence', 'Sequence', 0, 0, 0, 0, 0, 0, 0, 0, 0, 2, '2011-12-01 09:22:55'),
	(20, 'iCore', 'application', 'applicationCode', 'Code', 0, 0, 0, 0, 0, 0, 0, 0, 0, 2, '2011-12-01 09:22:55'),
	(21, 'iCore', 'application', 'applicationEnglish', 'English', 0, 0, 0, 0, 0, 0, 0, 0, 0, 2, '2011-12-01 09:22:55'),
	(22, 'iCore', 'application', 'applicationFilename', 'Filename', 0, 0, 0, 0, 0, 0, 0, 0, 0, 2, '2011-12-01 09:22:55'),
	(23, 'iCore', 'application', 'isDefault', 'Default', 0, 0, 0, 0, 0, 0, 0, 0, 0, 2, '2011-12-01 09:22:55'),
	(24, 'iCore', 'application', 'isNew', 'New', 0, 0, 0, 0, 0, 0, 0, 0, 0, 2, '2011-12-01 09:22:55'),
	(25, 'iCore', 'application', 'isDraft', 'Draft', 0, 0, 0, 0, 0, 0, 0, 0, 0, 2, '2011-12-01 09:22:55'),
	(26, 'iCore', 'application', 'isUpdate', 'Update', 0, 0, 0, 0, 0, 0, 0, 0, 0, 2, '2011-12-01 09:22:55'),
	(27, 'iCore', 'application', 'isDelete', 'Delete', 0, 0, 0, 0, 0, 0, 0, 0, 0, 2, '2011-12-01 09:22:55'),
	(28, 'iCore', 'application', 'isActive', 'Active', 0, 0, 0, 0, 0, 0, 0, 0, 0, 2, '2011-12-01 09:22:55'),
	(29, 'iCore', 'application', 'isApproved', 'Approved', 0, 0, 0, 0, 0, 0, 0, 0, 0, 2, '2011-12-01 09:22:55'),
	(30, 'iCore', 'application', 'isReview', 'Review', 0, 0, 0, 0, 0, 0, 0, 0, 0, 2, '2011-12-01 09:22:55'),
	(31, 'iCore', 'application', 'isPost', 'Post', 0, 0, 0, 0, 0, 0, 0, 0, 0, 2, '2011-12-01 09:22:55'),
	(32, 'iCore', 'application', 'executeBy', 'By', 0, 0, 0, 0, 0, 0, 0, 0, 0, 2, '2011-12-01 09:22:55'),
	(33, 'iCore', 'application', 'executeTime', 'Time', 0, 0, 0, 0, 0, 0, 0, 0, 0, 2, '2011-12-01 09:22:55'),
	(34, 'iCore', 'applicationaccess', 'applicationAccessId', 'applicationAccess', 0, 0, 0, 0, 0, 0, 0, 0, 0, 2, '2011-12-01 09:22:55'),
	(35, 'iCore', 'applicationaccess', 'applicationId', 'application', 0, 0, 0, 0, 0, 0, 0, 0, 0, 2, '2011-12-01 09:22:55'),
	(36, 'iCore', 'applicationaccess', 'teamId', 'team', 0, 0, 0, 0, 0, 0, 0, 0, 0, 2, '2011-12-01 09:22:55'),
	(37, 'iCore', 'applicationaccess', 'applicationAccessValue', 'Application Value', 0, 0, 0, 0, 0, 0, 0, 0, 0, 2, '2011-12-01 09:22:55'),
	(38, 'iCore', 'applicationtranslate', 'applicationTranslateId', 'applicationTranslate', 0, 0, 0, 0, 0, 0, 0, 0, 0, 2, '2011-12-01 09:22:55'),
	(39, 'iCore', 'applicationtranslate', 'applicationId', 'application', 0, 0, 0, 0, 0, 0, 0, 0, 0, 2, '2011-12-01 09:22:55'),
	(40, 'iCore', 'applicationtranslate', 'languageId', 'language', 0, 0, 0, 0, 0, 0, 0, 0, 0, 2, '2011-12-01 09:22:55'),
	(41, 'iCore', 'applicationtranslate', 'applicationNative', 'Application Native', 0, 0, 0, 0, 0, 0, 0, 0, 0, 2, '2011-12-01 09:22:55'),
	(42, 'iCore', 'applicationtranslate', 'isDefault', 'Default', 0, 0, 0, 0, 0, 0, 0, 0, 0, 2, '2011-12-01 09:22:55'),
	(43, 'iCore', 'applicationtranslate', 'isNew', 'New', 0, 0, 0, 0, 0, 0, 0, 0, 0, 2, '2011-12-01 09:22:55'),
	(44, 'iCore', 'applicationtranslate', 'isDraft', 'Draft', 0, 0, 0, 0, 0, 0, 0, 0, 0, 2, '2011-12-01 09:22:55'),
	(45, 'iCore', 'applicationtranslate', 'isUpdate', 'Update', 0, 0, 0, 0, 0, 0, 0, 0, 0, 2, '2011-12-01 09:22:55'),
	(46, 'iCore', 'applicationtranslate', 'isDelete', 'Delete', 0, 0, 0, 0, 0, 0, 0, 0, 0, 2, '2011-12-01 09:22:55'),
	(47, 'iCore', 'applicationtranslate', 'isActive', 'Active', 0, 0, 0, 0, 0, 0, 0, 0, 0, 2, '2011-12-01 09:22:55'),
	(48, 'iCore', 'applicationtranslate', 'isApproved', 'Approved', 0, 0, 0, 0, 0, 0, 0, 0, 0, 2, '2011-12-01 09:22:55'),
	(49, 'iCore', 'applicationtranslate', 'isReview', 'Review', 0, 0, 0, 0, 0, 0, 0, 0, 0, 2, '2011-12-01 09:22:55'),
	(50, 'iCore', 'applicationtranslate', 'ispost', 'Ispost', 0, 0, 0, 0, 0, 0, 0, 0, 0, 2, '2011-12-01 09:22:55'),
	(51, 'iCore', 'applicationtranslate', 'executeBy', 'By', 0, 0, 0, 0, 0, 0, 0, 0, 0, 2, '2011-12-01 09:22:55'),
	(52, 'iCore', 'applicationtranslate', 'executeTime', 'Time', 0, 0, 0, 0, 0, 0, 0, 0, 0, 2, '2011-12-01 09:22:55'),
	(53, 'iCore', 'defaultlabel', 'defaultLabelId', 'defaultLabel', 0, 0, 0, 0, 0, 0, 0, 0, 0, 2, '2011-12-01 09:22:55'),
	(54, 'iCore', 'defaultlabel', 'defaultLabel', 'Default Label', 0, 0, 0, 0, 0, 0, 0, 0, 0, 2, '2011-12-01 09:22:55'),
	(55, 'iCore', 'defaultlabel', 'defaultLabelEnglish', 'Default English', 0, 0, 0, 0, 0, 0, 0, 0, 0, 2, '2011-12-01 09:22:55'),
	(56, 'iCore', 'defaultlabel', 'isDefault', 'Default', 0, 0, 0, 0, 0, 0, 0, 0, 0, 2, '2011-12-01 09:22:55'),
	(57, 'iCore', 'defaultlabel', 'isNew', 'New', 0, 0, 0, 0, 0, 0, 0, 0, 0, 2, '2011-12-01 09:22:55'),
	(58, 'iCore', 'defaultlabel', 'isDraft', 'Draft', 0, 0, 0, 0, 0, 0, 0, 0, 0, 2, '2011-12-01 09:22:55'),
	(59, 'iCore', 'defaultlabel', 'isUpdate', 'Update', 0, 0, 0, 0, 0, 0, 0, 0, 0, 2, '2011-12-01 09:22:55'),
	(60, 'iCore', 'defaultlabel', 'isDelete', 'Delete', 0, 0, 0, 0, 0, 0, 0, 0, 0, 2, '2011-12-01 09:22:55'),
	(61, 'iCore', 'defaultlabel', 'isActive', 'Active', 0, 0, 0, 0, 0, 0, 0, 0, 0, 2, '2011-12-01 09:22:55'),
	(62, 'iCore', 'defaultlabel', 'isApproved', 'Approved', 0, 0, 0, 0, 0, 0, 0, 0, 0, 2, '2011-12-01 09:22:55'),
	(63, 'iCore', 'defaultlabel', 'isReview', 'Review', 0, 0, 0, 0, 0, 0, 0, 0, 0, 2, '2011-12-01 09:22:55'),
	(64, 'iCore', 'defaultlabel', 'isPost', 'Post', 0, 0, 0, 0, 0, 0, 0, 0, 0, 2, '2011-12-01 09:22:55'),
	(65, 'iCore', 'defaultlabel', 'executeBy', 'By', 0, 0, 0, 0, 0, 0, 0, 0, 0, 2, '2011-12-01 09:22:55'),
	(66, 'iCore', 'defaultlabel', 'executeTime', 'Time', 0, 0, 0, 0, 0, 0, 0, 0, 0, 2, '2011-12-01 09:22:55'),
	(67, 'iCore', 'defaultlabeltranslate', 'languageId', 'language', 0, 0, 0, 0, 0, 0, 0, 0, 0, 2, '2011-12-01 09:22:55'),
	(68, 'iCore', 'defaultlabeltranslate', 'defaultLabelTranslateId', 'defaultLabelTranslate', 0, 0, 0, 0, 0, 0, 0, 0, 0, 2, '2011-12-01 09:22:55'),
	(69, 'iCore', 'defaultlabeltranslate', 'defaultLabelNative', 'Default Native', 0, 0, 0, 0, 0, 0, 0, 0, 0, 2, '2011-12-01 09:22:55'),
	(70, 'iCore', 'defaultlabeltranslate', 'defaultLabelId', 'defaultLabel', 0, 0, 0, 0, 0, 0, 0, 0, 0, 2, '2011-12-01 09:22:55'),
	(71, 'iCore', 'document', 'documentId', 'document', 0, 0, 0, 0, 0, 0, 0, 0, 0, 2, '2011-12-01 09:22:55'),
	(72, 'iCore', 'document', 'documentCategoryId', 'documentCategory', 0, 0, 0, 0, 0, 0, 0, 0, 0, 2, '2011-12-01 09:22:55'),
	(73, 'iCore', 'document', 'leafId', 'leaf', 0, 0, 0, 0, 0, 0, 0, 0, 0, 2, '2011-12-01 09:22:55'),
	(74, 'iCore', 'document', 'documentCode', 'Code', 0, 0, 0, 0, 0, 0, 0, 0, 0, 2, '2011-12-01 09:22:55'),
	(75, 'iCore', 'document', 'DocumentSequence', 'Document Sequence', 0, 0, 0, 0, 0, 0, 0, 0, 0, 2, '2011-12-01 09:22:55'),
	(76, 'iCore', 'document', 'documentNote', 'Note', 0, 0, 0, 0, 0, 0, 0, 0, 0, 2, '2011-12-01 09:22:55'),
	(77, 'iCore', 'document', 'documentTitle', 'Title', 0, 0, 0, 0, 0, 0, 0, 0, 0, 2, '2011-12-01 09:22:55'),
	(78, 'iCore', 'document', 'documentDesc', 'Desc', 0, 0, 0, 0, 0, 0, 0, 0, 0, 2, '2011-12-01 09:22:55'),
	(79, 'iCore', 'document', 'documentPath', 'Path', 0, 0, 0, 0, 0, 0, 0, 0, 0, 2, '2011-12-01 09:22:55'),
	(80, 'iCore', 'document', 'documentOriginalFilename', 'Original Filename', 0, 0, 0, 0, 0, 0, 0, 0, 0, 2, '2011-12-01 09:22:55'),
	(81, 'iCore', 'document', 'documentDownloadFilename', 'Download Filename', 0, 0, 0, 0, 0, 0, 0, 0, 0, 2, '2011-12-01 09:22:55'),
	(82, 'iCore', 'document', 'documentExtension', 'Extension', 0, 0, 0, 0, 0, 0, 0, 0, 0, 2, '2011-12-01 09:22:55'),
	(83, 'iCore', 'document', 'documentVersion', 'Version', 0, 0, 0, 0, 0, 0, 0, 0, 0, 2, '2011-12-01 09:22:55'),
	(84, 'iCore', 'document', 'isDefault', 'Default', 0, 0, 0, 0, 0, 0, 0, 0, 0, 2, '2011-12-01 09:22:55'),
	(85, 'iCore', 'document', 'isNew', 'New', 0, 0, 0, 0, 0, 0, 0, 0, 0, 2, '2011-12-01 09:22:55'),
	(86, 'iCore', 'document', 'isDraft', 'Draft', 0, 0, 0, 0, 0, 0, 0, 0, 0, 2, '2011-12-01 09:22:55'),
	(87, 'iCore', 'document', 'isUpdate', 'Update', 0, 0, 0, 0, 0, 0, 0, 0, 0, 2, '2011-12-01 09:22:55'),
	(88, 'iCore', 'document', 'isDelete', 'Delete', 0, 0, 0, 0, 0, 0, 0, 0, 0, 2, '2011-12-01 09:22:55'),
	(89, 'iCore', 'document', 'isActive', 'Active', 0, 0, 0, 0, 0, 0, 0, 0, 0, 2, '2011-12-01 09:22:55'),
	(90, 'iCore', 'document', 'isApproved', 'Approved', 0, 0, 0, 0, 0, 0, 0, 0, 0, 2, '2011-12-01 09:22:55'),
	(91, 'iCore', 'document', 'isReview', 'Review', 0, 0, 0, 0, 0, 0, 0, 0, 0, 2, '2011-12-01 09:22:55'),
	(92, 'iCore', 'document', 'isPost', 'Post', 0, 0, 0, 0, 0, 0, 0, 0, 0, 2, '2011-12-01 09:22:55'),
	(93, 'iCore', 'document', 'executeBy', 'By', 0, 0, 0, 0, 0, 0, 0, 0, 0, 2, '2011-12-01 09:22:55'),
	(94, 'iCore', 'document', 'executeTime', 'Time', 0, 0, 0, 0, 0, 0, 0, 0, 0, 2, '2011-12-01 09:22:55'),
	(95, 'iCore', 'documentcategory', 'documentCategoryId', 'documentCategory', 0, 0, 0, 0, 0, 0, 0, 0, 0, 2, '2011-12-01 09:22:55'),
	(96, 'iCore', 'documentcategory', 'documentCategoryTitle', 'Document Title', 0, 0, 0, 0, 0, 0, 0, 0, 0, 2, '2011-12-01 09:22:55'),
	(97, 'iCore', 'documentcategory', 'documentCategoryDesc', 'Document Desc', 0, 0, 0, 0, 0, 0, 0, 0, 0, 2, '2011-12-01 09:22:55'),
	(98, 'iCore', 'documentcategory', 'documentCategorySequence', 'Document Sequence', 0, 0, 0, 0, 0, 0, 0, 0, 0, 2, '2011-12-01 09:22:55'),
	(99, 'iCore', 'documentcategory', 'documentCategoryCode', 'Document Code', 0, 0, 0, 0, 0, 0, 0, 0, 0, 2, '2011-12-01 09:22:55'),
	(100, 'iCore', 'documentcategory', 'documentCategoryEnglish', 'Document English', 0, 0, 0, 0, 0, 0, 0, 0, 0, 2, '2011-12-01 09:22:55'),
	(101, 'iCore', 'documentcategory', 'isDefault', 'Default', 0, 0, 0, 0, 0, 0, 0, 0, 0, 2, '2011-12-01 09:22:55'),
	(102, 'iCore', 'documentcategory', 'isNew', 'New', 0, 0, 0, 0, 0, 0, 0, 0, 0, 2, '2011-12-01 09:22:55'),
	(103, 'iCore', 'documentcategory', 'isDraft', 'Draft', 0, 0, 0, 0, 0, 0, 0, 0, 0, 2, '2011-12-01 09:22:55'),
	(104, 'iCore', 'documentcategory', 'IsUpdate', 'Is Update', 0, 0, 0, 0, 0, 0, 0, 0, 0, 2, '2011-12-01 09:22:55'),
	(105, 'iCore', 'documentcategory', 'isDelete', 'Delete', 0, 0, 0, 0, 0, 0, 0, 0, 0, 2, '2011-12-01 09:22:55'),
	(106, 'iCore', 'documentcategory', 'isActive', 'Active', 0, 0, 0, 0, 0, 0, 0, 0, 0, 2, '2011-12-01 09:22:55'),
	(107, 'iCore', 'documentcategory', 'isApproved', 'Approved', 0, 0, 0, 0, 0, 0, 0, 0, 0, 2, '2011-12-01 09:22:55'),
	(108, 'iCore', 'documentcategory', 'isReview', 'Review', 0, 0, 0, 0, 0, 0, 0, 0, 0, 2, '2011-12-01 09:22:55'),
	(109, 'iCore', 'documentcategory', 'isPost', 'Post', 0, 0, 0, 0, 0, 0, 0, 0, 0, 2, '2011-12-01 09:22:55'),
	(110, 'iCore', 'documentcategory', 'executeBy', 'By', 0, 0, 0, 0, 0, 0, 0, 0, 0, 2, '2011-12-01 09:22:55'),
	(111, 'iCore', 'documentcategory', 'executeTime', 'Time', 0, 0, 0, 0, 0, 0, 0, 0, 0, 2, '2011-12-01 09:22:55'),
	(112, 'iCore', 'extlabel', 'extLabelId', 'extLabel', 0, 0, 0, 0, 0, 0, 0, 0, 0, 2, '2011-12-01 09:22:55'),
	(113, 'iCore', 'extlabel', 'extLabeLEnglish', 'Ext Labe L   English', 0, 0, 0, 0, 0, 0, 0, 0, 0, 2, '2011-12-01 09:22:55'),
	(114, 'iCore', 'extlabel', 'isDefault', 'Default', 0, 0, 0, 0, 0, 0, 0, 0, 0, 2, '2011-12-01 09:22:55'),
	(115, 'iCore', 'extlabel', 'isNew', 'New', 0, 0, 0, 0, 0, 0, 0, 0, 0, 2, '2011-12-01 09:22:55'),
	(116, 'iCore', 'extlabel', 'isDraft', 'Draft', 0, 0, 0, 0, 0, 0, 0, 0, 0, 2, '2011-12-01 09:22:55'),
	(117, 'iCore', 'extlabel', 'isUpdate', 'Update', 0, 0, 0, 0, 0, 0, 0, 0, 0, 2, '2011-12-01 09:22:55'),
	(118, 'iCore', 'extlabel', 'isDelete', 'Delete', 0, 0, 0, 0, 0, 0, 0, 0, 0, 2, '2011-12-01 09:22:55'),
	(119, 'iCore', 'extlabel', 'isActive', 'Active', 0, 0, 0, 0, 0, 0, 0, 0, 0, 2, '2011-12-01 09:22:55'),
	(120, 'iCore', 'extlabel', 'isApproved', 'Approved', 0, 0, 0, 0, 0, 0, 0, 0, 0, 2, '2011-12-01 09:22:55'),
	(121, 'iCore', 'extlabel', 'isReview', 'Review', 0, 0, 0, 0, 0, 0, 0, 0, 0, 2, '2011-12-01 09:22:55'),
	(122, 'iCore', 'extlabel', 'isPost', 'Post', 0, 0, 0, 0, 0, 0, 0, 0, 0, 2, '2011-12-01 09:22:55'),
	(123, 'iCore', 'extlabel', 'executeBy', 'By', 0, 0, 0, 0, 0, 0, 0, 0, 0, 2, '2011-12-01 09:22:55'),
	(124, 'iCore', 'extlabel', 'executeTime', 'Time', 0, 0, 0, 0, 0, 0, 0, 0, 0, 2, '2011-12-01 09:22:55'),
	(125, 'iCore', 'extlabeltranslate', 'extLabelTranslateId', 'extLabelTranslate', 0, 0, 0, 0, 0, 0, 0, 0, 0, 2, '2011-12-01 09:22:55'),
	(126, 'iCore', 'extlabeltranslate', 'extLabelId', 'extLabel', 0, 0, 0, 0, 0, 0, 0, 0, 0, 2, '2011-12-01 09:22:55'),
	(127, 'iCore', 'extlabeltranslate', 'languageId', 'language', 0, 0, 0, 0, 0, 0, 0, 0, 0, 2, '2011-12-01 09:22:55'),
	(128, 'iCore', 'extlabeltranslate', 'extLabelNative', 'Ext Native', 0, 0, 0, 0, 0, 0, 0, 0, 0, 2, '2011-12-01 09:22:55'),
	(129, 'iCore', 'folder', 'folderId', 'folder', 0, 0, 0, 0, 0, 0, 0, 0, 0, 2, '2011-12-01 09:22:55'),
	(130, 'iCore', 'folder', 'applicationId', 'application', 0, 0, 0, 0, 0, 0, 0, 0, 0, 2, '2011-12-01 09:22:55'),
	(131, 'iCore', 'folder', 'moduleId', 'module', 0, 0, 0, 0, 0, 0, 0, 0, 0, 2, '2011-12-01 09:22:55'),
	(132, 'iCore', 'folder', 'iconId', 'icon', 0, 0, 0, 0, 0, 0, 0, 0, 0, 2, '2011-12-01 09:22:55'),
	(133, 'iCore', 'folder', 'folderSequence', 'Sequence', 0, 0, 0, 0, 0, 0, 0, 0, 0, 2, '2011-12-01 09:22:55'),
	(134, 'iCore', 'folder', 'folderCode', 'Code', 0, 0, 0, 0, 0, 0, 0, 0, 0, 2, '2011-12-01 09:22:55'),
	(135, 'iCore', 'folder', 'folderPath', 'Path', 0, 0, 0, 0, 0, 0, 0, 0, 0, 2, '2011-12-01 09:22:55'),
	(136, 'iCore', 'folder', 'folderEnglish', 'English', 0, 0, 0, 0, 0, 0, 0, 0, 0, 2, '2011-12-01 09:22:55'),
	(137, 'iCore', 'folder', 'isDefault', 'Default', 0, 0, 0, 0, 0, 0, 0, 0, 0, 2, '2011-12-01 09:22:55'),
	(138, 'iCore', 'folder', 'isNew', 'New', 0, 0, 0, 0, 0, 0, 0, 0, 0, 2, '2011-12-01 09:22:55'),
	(139, 'iCore', 'folder', 'isDraft', 'Draft', 0, 0, 0, 0, 0, 0, 0, 0, 0, 2, '2011-12-01 09:22:55'),
	(140, 'iCore', 'folder', 'isUpdate', 'Update', 0, 0, 0, 0, 0, 0, 0, 0, 0, 2, '2011-12-01 09:22:55'),
	(141, 'iCore', 'folder', 'isDelete', 'Delete', 0, 0, 0, 0, 0, 0, 0, 0, 0, 2, '2011-12-01 09:22:55'),
	(142, 'iCore', 'folder', 'isActive', 'Active', 0, 0, 0, 0, 0, 0, 0, 0, 0, 2, '2011-12-01 09:22:55'),
	(143, 'iCore', 'folder', 'isApproved', 'Approved', 0, 0, 0, 0, 0, 0, 0, 0, 0, 2, '2011-12-01 09:22:55'),
	(144, 'iCore', 'folder', 'isReview', 'Review', 0, 0, 0, 0, 0, 0, 0, 0, 0, 2, '2011-12-01 09:22:55'),
	(145, 'iCore', 'folder', 'isPost', 'Post', 0, 0, 0, 0, 0, 0, 0, 0, 0, 2, '2011-12-01 09:22:55'),
	(146, 'iCore', 'folder', 'executeBy', 'By', 0, 0, 0, 0, 0, 0, 0, 0, 0, 2, '2011-12-01 09:22:55'),
	(147, 'iCore', 'folder', 'executeTime', 'Time', 0, 0, 0, 0, 0, 0, 0, 0, 0, 2, '2011-12-01 09:22:55'),
	(148, 'iCore', 'folderaccess', 'folderAccessId', 'folderAccess', 0, 0, 0, 0, 0, 0, 0, 0, 0, 2, '2011-12-01 09:22:55'),
	(149, 'iCore', 'folderaccess', 'teamId', 'team', 0, 0, 0, 0, 0, 0, 0, 0, 0, 2, '2011-12-01 09:22:55'),
	(150, 'iCore', 'folderaccess', 'folderId', 'folder', 0, 0, 0, 0, 0, 0, 0, 0, 0, 2, '2011-12-01 09:22:55'),
	(151, 'iCore', 'folderaccess', 'folderAccessValue', 'Folder Value', 0, 0, 0, 0, 0, 0, 0, 0, 0, 2, '2011-12-01 09:22:55'),
	(152, 'iCore', 'foldertranslate', 'folderTranslateId', 'folderTranslate', 0, 0, 0, 0, 0, 0, 0, 0, 0, 2, '2011-12-01 09:22:55'),
	(153, 'iCore', 'foldertranslate', 'folderId', 'folder', 0, 0, 0, 0, 0, 0, 0, 0, 0, 2, '2011-12-01 09:22:55'),
	(154, 'iCore', 'foldertranslate', 'languageId', 'language', 0, 0, 0, 0, 0, 0, 0, 0, 0, 2, '2011-12-01 09:22:55'),
	(155, 'iCore', 'foldertranslate', 'folderNative', 'Folder Native', 0, 0, 0, 0, 0, 0, 0, 0, 0, 2, '2011-12-01 09:22:55'),
	(156, 'iCore', 'foldertranslate', 'isDefault', 'Default', 0, 0, 0, 0, 0, 0, 0, 0, 0, 2, '2011-12-01 09:22:55'),
	(157, 'iCore', 'foldertranslate', 'isNew', 'New', 0, 0, 0, 0, 0, 0, 0, 0, 0, 2, '2011-12-01 09:22:55'),
	(158, 'iCore', 'foldertranslate', 'isDraft', 'Draft', 0, 0, 0, 0, 0, 0, 0, 0, 0, 2, '2011-12-01 09:22:55'),
	(159, 'iCore', 'foldertranslate', 'isUpdate', 'Update', 0, 0, 0, 0, 0, 0, 0, 0, 0, 2, '2011-12-01 09:22:55'),
	(160, 'iCore', 'foldertranslate', 'isDelete', 'Delete', 0, 0, 0, 0, 0, 0, 0, 0, 0, 2, '2011-12-01 09:22:55'),
	(161, 'iCore', 'foldertranslate', 'isActive', 'Active', 0, 0, 0, 0, 0, 0, 0, 0, 0, 2, '2011-12-01 09:22:55'),
	(162, 'iCore', 'foldertranslate', 'isApproved', 'Approved', 0, 0, 0, 0, 0, 0, 0, 0, 0, 2, '2011-12-01 09:22:55'),
	(163, 'iCore', 'foldertranslate', 'isReview', 'Review', 0, 0, 0, 0, 0, 0, 0, 0, 0, 2, '2011-12-01 09:22:55'),
	(164, 'iCore', 'foldertranslate', 'isPost', 'Post', 0, 0, 0, 0, 0, 0, 0, 0, 0, 2, '2011-12-01 09:22:55'),
	(165, 'iCore', 'foldertranslate', 'executeBy', 'By', 0, 0, 0, 0, 0, 0, 0, 0, 0, 2, '2011-12-01 09:22:55'),
	(166, 'iCore', 'foldertranslate', 'executeTime', 'Time', 0, 0, 0, 0, 0, 0, 0, 0, 0, 2, '2011-12-01 09:22:55'),
	(167, 'iCore', 'icon', 'iconId', 'icon', 0, 0, 0, 0, 0, 0, 0, 0, 0, 2, '2011-12-01 09:22:55'),
	(168, 'iCore', 'icon', 'iconName', 'Name', 0, 0, 0, 0, 0, 0, 0, 0, 0, 2, '2011-12-01 09:22:55'),
	(169, 'iCore', 'icon', 'iconSize', 'Size', 0, 0, 0, 0, 0, 0, 0, 0, 0, 2, '2011-12-01 09:22:55'),
	(170, 'iCore', 'icon', 'isDefault', 'Default', 0, 0, 0, 0, 0, 0, 0, 0, 0, 2, '2011-12-01 09:22:55'),
	(171, 'iCore', 'icon', 'isActive', 'Active', 0, 0, 0, 0, 0, 0, 0, 0, 0, 2, '2011-12-01 09:22:55'),
	(172, 'iCore', 'language', 'languageId', 'language', 0, 0, 0, 0, 0, 0, 0, 0, 0, 2, '2011-12-01 09:22:55'),
	(173, 'iCore', 'language', 'languageDesc', 'Desc', 0, 0, 0, 0, 0, 0, 0, 0, 0, 2, '2011-12-01 09:22:55'),
	(174, 'iCore', 'language', 'languageCode', 'Code', 0, 0, 0, 0, 0, 0, 0, 0, 0, 2, '2011-12-01 09:22:55'),
	(175, 'iCore', 'language', 'isGoogle', 'Is Google', 0, 0, 0, 0, 0, 0, 0, 0, 0, 2, '2011-12-01 09:22:55'),
	(176, 'iCore', 'language', 'isBing', 'Is Bing', 0, 0, 0, 0, 0, 0, 0, 0, 0, 2, '2011-12-01 09:22:55'),
	(177, 'iCore', 'language', 'isSpeakLite', 'Is Lite', 0, 0, 0, 0, 0, 0, 0, 0, 0, 2, '2011-12-01 09:22:55'),
	(178, 'iCore', 'language', 'isWebServices', 'Is Services', 0, 0, 0, 0, 0, 0, 0, 0, 0, 2, '2011-12-01 09:22:55'),
	(179, 'iCore', 'language', 'isDefault', 'Default', 0, 0, 0, 0, 0, 0, 0, 0, 0, 2, '2011-12-01 09:22:55'),
	(180, 'iCore', 'language', 'isNew', 'New', 0, 0, 0, 0, 0, 0, 0, 0, 0, 2, '2011-12-01 09:22:55'),
	(181, 'iCore', 'language', 'isDraft', 'Draft', 0, 0, 0, 0, 0, 0, 0, 0, 0, 2, '2011-12-01 09:22:55'),
	(182, 'iCore', 'language', 'isUpdate', 'Update', 0, 0, 0, 0, 0, 0, 0, 0, 0, 2, '2011-12-01 09:22:55'),
	(183, 'iCore', 'language', 'isDelete', 'Delete', 0, 0, 0, 0, 0, 0, 0, 0, 0, 2, '2011-12-01 09:22:55'),
	(184, 'iCore', 'language', 'isActive', 'Active', 0, 0, 0, 0, 0, 0, 0, 0, 0, 2, '2011-12-01 09:22:55'),
	(185, 'iCore', 'language', 'isApproved', 'Approved', 0, 0, 0, 0, 0, 0, 0, 0, 0, 2, '2011-12-01 09:22:55'),
	(186, 'iCore', 'language', 'isReview', 'Review', 0, 0, 0, 0, 0, 0, 0, 0, 0, 2, '2011-12-01 09:22:55'),
	(187, 'iCore', 'language', 'isPost', 'Post', 0, 0, 0, 0, 0, 0, 0, 0, 0, 2, '2011-12-01 09:22:55'),
	(188, 'iCore', 'language', 'executeBy', 'By', 0, 0, 0, 0, 0, 0, 0, 0, 0, 2, '2011-12-01 09:22:55'),
	(189, 'iCore', 'language', 'executeTime', 'Time', 0, 0, 0, 0, 0, 0, 0, 0, 0, 2, '2011-12-01 09:22:55'),
	(190, 'iCore', 'leaf', 'leafId', 'leaf', 0, 0, 0, 0, 0, 0, 0, 0, 0, 2, '2011-12-01 09:22:55'),
	(191, 'iCore', 'leaf', 'applicationId', 'application', 0, 0, 0, 0, 0, 0, 0, 0, 0, 2, '2011-12-01 09:22:55'),
	(192, 'iCore', 'leaf', 'moduleId', 'module', 0, 0, 0, 0, 0, 0, 0, 0, 0, 2, '2011-12-01 09:22:55'),
	(193, 'iCore', 'leaf', 'folderId', 'folder', 0, 0, 0, 0, 0, 0, 0, 0, 0, 2, '2011-12-01 09:22:55'),
	(194, 'iCore', 'leaf', 'iconId', 'icon', 0, 0, 0, 0, 0, 0, 0, 0, 0, 2, '2011-12-01 09:22:55'),
	(195, 'iCore', 'leaf', 'leafSequence', 'Sequence', 0, 0, 0, 0, 0, 0, 0, 0, 0, 2, '2011-12-01 09:22:55'),
	(196, 'iCore', 'leaf', 'leafCode', 'Code', 0, 0, 0, 0, 0, 0, 0, 0, 0, 2, '2011-12-01 09:22:55'),
	(197, 'iCore', 'leaf', 'leafFilename', 'Filename', 0, 0, 0, 0, 0, 0, 0, 0, 0, 2, '2011-12-01 09:22:55'),
	(198, 'iCore', 'leaf', 'leafEnglish', 'English', 0, 0, 0, 0, 0, 0, 0, 0, 0, 2, '2011-12-01 09:22:55'),
	(199, 'iCore', 'leaf', 'isDefault', 'Default', 0, 0, 0, 0, 0, 0, 0, 0, 0, 2, '2011-12-01 09:22:55'),
	(200, 'iCore', 'leaf', 'isNew', 'New', 0, 0, 0, 0, 0, 0, 0, 0, 0, 2, '2011-12-01 09:22:55'),
	(201, 'iCore', 'leaf', 'isDraft', 'Draft', 0, 0, 0, 0, 0, 0, 0, 0, 0, 2, '2011-12-01 09:22:55'),
	(202, 'iCore', 'leaf', 'isUpdate', 'Update', 0, 0, 0, 0, 0, 0, 0, 0, 0, 2, '2011-12-01 09:22:55'),
	(203, 'iCore', 'leaf', 'isDelete', 'Delete', 0, 0, 0, 0, 0, 0, 0, 0, 0, 2, '2011-12-01 09:22:55'),
	(204, 'iCore', 'leaf', 'isActive', 'Active', 0, 0, 0, 0, 0, 0, 0, 0, 0, 2, '2011-12-01 09:22:55'),
	(205, 'iCore', 'leaf', 'isApproved', 'Approved', 0, 0, 0, 0, 0, 0, 0, 0, 0, 2, '2011-12-01 09:22:55'),
	(206, 'iCore', 'leaf', 'isReview', 'Review', 0, 0, 0, 0, 0, 0, 0, 0, 0, 2, '2011-12-01 09:22:55'),
	(207, 'iCore', 'leaf', 'isPost', 'Post', 0, 0, 0, 0, 0, 0, 0, 0, 0, 2, '2011-12-01 09:22:55'),
	(208, 'iCore', 'leaf', 'executeBy', 'By', 0, 0, 0, 0, 0, 0, 0, 0, 0, 2, '2011-12-01 09:22:55'),
	(209, 'iCore', 'leaf', 'executeTime', 'Time', 0, 0, 0, 0, 0, 0, 0, 0, 0, 2, '2011-12-01 09:22:55'),
	(210, 'iCore', 'leafaccess', 'leafAccessId', 'leafAccess', 0, 0, 0, 0, 0, 0, 0, 0, 0, 2, '2011-12-01 09:22:55'),
	(211, 'iCore', 'leafaccess', 'leafId', 'leaf', 0, 0, 0, 0, 0, 0, 0, 0, 0, 2, '2011-12-01 09:22:55'),
	(212, 'iCore', 'leafaccess', 'staffId', 'staff', 0, 0, 0, 0, 0, 0, 0, 0, 0, 2, '2011-12-01 09:22:55'),
	(213, 'iCore', 'leafaccess', 'leafAccessDraftValue', 'Leaf Access Draft   Value', 0, 0, 0, 0, 0, 0, 0, 0, 0, 2, '2011-12-01 09:22:55'),
	(214, 'iCore', 'leafaccess', 'leafAccessCreateValue', 'Leaf Access Create   Value', 0, 0, 0, 0, 0, 0, 0, 0, 0, 2, '2011-12-01 09:22:55'),
	(215, 'iCore', 'leafaccess', 'leafAccessReadValue', 'Leaf Access Read   Value', 0, 0, 0, 0, 0, 0, 0, 0, 0, 2, '2011-12-01 09:22:55'),
	(216, 'iCore', 'leafaccess', 'leafAccessUpdateValue', 'Leaf Access Update   Value', 0, 0, 0, 0, 0, 0, 0, 0, 0, 2, '2011-12-01 09:22:55'),
	(217, 'iCore', 'leafaccess', 'leafAccessDeleteValue', 'Leaf Access Delete   Value', 0, 0, 0, 0, 0, 0, 0, 0, 0, 2, '2011-12-01 09:22:55'),
	(218, 'iCore', 'leafaccess', 'leafAccessReviewValue', 'Leaf Access Review   Value', 0, 0, 0, 0, 0, 0, 0, 0, 0, 2, '2011-12-01 09:22:55'),
	(219, 'iCore', 'leafaccess', 'leafAccessApprovedValue', 'Leaf Access Approved   Value', 0, 0, 0, 0, 0, 0, 0, 0, 0, 2, '2011-12-01 09:22:55'),
	(220, 'iCore', 'leafaccess', 'leafAccessPostValue', 'Leaf Access Post   Value', 0, 0, 0, 0, 0, 0, 0, 0, 0, 2, '2011-12-01 09:22:55'),
	(221, 'iCore', 'leafaccess', 'leafAccessPrintValue', 'Leaf Access Print   Value', 0, 0, 0, 0, 0, 0, 0, 0, 0, 2, '2011-12-01 09:22:55'),
	(222, 'iCore', 'leaftranslate', 'leafTranslateId', 'leafTranslate', 0, 0, 0, 0, 0, 0, 0, 0, 0, 2, '2011-12-01 09:22:55'),
	(223, 'iCore', 'leaftranslate', 'leafId', 'leaf', 0, 0, 0, 0, 0, 0, 0, 0, 0, 2, '2011-12-01 09:22:55'),
	(224, 'iCore', 'leaftranslate', 'languageId', 'language', 0, 0, 0, 0, 0, 0, 0, 0, 0, 2, '2011-12-01 09:22:55'),
	(225, 'iCore', 'leaftranslate', 'leafNative', 'Leaf Native', 0, 0, 0, 0, 0, 0, 0, 0, 0, 2, '2011-12-01 09:22:55'),
	(226, 'iCore', 'leaftranslate', 'isDefault', 'Default', 0, 0, 0, 0, 0, 0, 0, 0, 0, 2, '2011-12-01 09:22:55'),
	(227, 'iCore', 'leaftranslate', 'isNew', 'New', 0, 0, 0, 0, 0, 0, 0, 0, 0, 2, '2011-12-01 09:22:55'),
	(228, 'iCore', 'leaftranslate', 'isDraft', 'Draft', 0, 0, 0, 0, 0, 0, 0, 0, 0, 2, '2011-12-01 09:22:55'),
	(229, 'iCore', 'leaftranslate', 'isUpdate', 'Update', 0, 0, 0, 0, 0, 0, 0, 0, 0, 2, '2011-12-01 09:22:55'),
	(230, 'iCore', 'leaftranslate', 'isDelete', 'Delete', 0, 0, 0, 0, 0, 0, 0, 0, 0, 2, '2011-12-01 09:22:55'),
	(231, 'iCore', 'leaftranslate', 'isActive', 'Active', 0, 0, 0, 0, 0, 0, 0, 0, 0, 2, '2011-12-01 09:22:55'),
	(232, 'iCore', 'leaftranslate', 'isApproved', 'Approved', 0, 0, 0, 0, 0, 0, 0, 0, 0, 2, '2011-12-01 09:22:55'),
	(233, 'iCore', 'leaftranslate', 'isReview', 'Review', 0, 0, 0, 0, 0, 0, 0, 0, 0, 2, '2011-12-01 09:22:55'),
	(234, 'iCore', 'leaftranslate', 'isPost', 'Post', 0, 0, 0, 0, 0, 0, 0, 0, 0, 2, '2011-12-01 09:22:55'),
	(235, 'iCore', 'leaftranslate', 'executeBy', 'By', 0, 0, 0, 0, 0, 0, 0, 0, 0, 2, '2011-12-01 09:22:55'),
	(236, 'iCore', 'leaftranslate', 'executeTime', 'Time', 0, 0, 0, 0, 0, 0, 0, 0, 0, 2, '2011-12-01 09:22:55'),
	(237, 'iCore', 'leafuser', 'leafUserId', 'leafUser', 0, 0, 0, 0, 0, 0, 0, 0, 0, 2, '2011-12-01 09:22:55'),
	(238, 'iCore', 'leafuser', 'leafId', 'leaf', 0, 0, 0, 0, 0, 0, 0, 0, 0, 2, '2011-12-01 09:22:55'),
	(239, 'iCore', 'leafuser', 'leafSequence', 'Leaf Sequence', 0, 0, 0, 0, 0, 0, 0, 0, 0, 2, '2011-12-01 09:22:55'),
	(240, 'iCore', 'leafuser', 'staffId', 'staff', 0, 0, 0, 0, 0, 0, 0, 0, 0, 2, '2011-12-01 09:22:55'),
	(241, 'iCore', 'module', 'moduleId', 'module', 0, 0, 0, 0, 0, 0, 0, 0, 0, 2, '2011-12-01 09:22:55'),
	(242, 'iCore', 'module', 'applicationId', 'application', 0, 0, 0, 0, 0, 0, 0, 0, 0, 2, '2011-12-01 09:22:55'),
	(243, 'iCore', 'module', 'iconId', 'icon', 0, 0, 0, 0, 0, 0, 0, 0, 0, 2, '2011-12-01 09:22:55'),
	(244, 'iCore', 'module', 'moduleSequence', 'Sequence', 0, 0, 0, 0, 0, 0, 0, 0, 0, 2, '2011-12-01 09:22:55'),
	(245, 'iCore', 'module', 'moduleCode', 'Code', 0, 0, 0, 0, 0, 0, 0, 0, 0, 2, '2011-12-01 09:22:55'),
	(246, 'iCore', 'module', 'moduleEnglish', 'English', 0, 0, 0, 0, 0, 0, 0, 0, 0, 2, '2011-12-01 09:22:55'),
	(247, 'iCore', 'module', 'isDefault', 'Default', 0, 0, 0, 0, 0, 0, 0, 0, 0, 2, '2011-12-01 09:22:55'),
	(248, 'iCore', 'module', 'isNew', 'New', 0, 0, 0, 0, 0, 0, 0, 0, 0, 2, '2011-12-01 09:22:55'),
	(249, 'iCore', 'module', 'isDraft', 'Draft', 0, 0, 0, 0, 0, 0, 0, 0, 0, 2, '2011-12-01 09:22:55'),
	(250, 'iCore', 'module', 'isUpdate', 'Update', 0, 0, 0, 0, 0, 0, 0, 0, 0, 2, '2011-12-01 09:22:55'),
	(251, 'iCore', 'module', 'isDelete', 'Delete', 0, 0, 0, 0, 0, 0, 0, 0, 0, 2, '2011-12-01 09:22:55'),
	(252, 'iCore', 'module', 'isActive', 'Active', 0, 0, 0, 0, 0, 0, 0, 0, 0, 2, '2011-12-01 09:22:55'),
	(253, 'iCore', 'module', 'isApproved', 'Approved', 0, 0, 0, 0, 0, 0, 0, 0, 0, 2, '2011-12-01 09:22:55'),
	(254, 'iCore', 'module', 'isReview', 'Review', 0, 0, 0, 0, 0, 0, 0, 0, 0, 2, '2011-12-01 09:22:55'),
	(255, 'iCore', 'module', 'isPost', 'Post', 0, 0, 0, 0, 0, 0, 0, 0, 0, 2, '2011-12-01 09:22:55'),
	(256, 'iCore', 'module', 'executeBy', 'By', 0, 0, 0, 0, 0, 0, 0, 0, 0, 2, '2011-12-01 09:22:55'),
	(257, 'iCore', 'module', 'executeTime', 'Time', 0, 0, 0, 0, 0, 0, 0, 0, 0, 2, '2011-12-01 09:22:55'),
	(258, 'iCore', 'moduleaccess', 'moduleAccessId', 'moduleAccess', 0, 0, 0, 0, 0, 0, 0, 0, 0, 2, '2011-12-01 09:22:55'),
	(259, 'iCore', 'moduleaccess', 'moduleId', 'module', 0, 0, 0, 0, 0, 0, 0, 0, 0, 2, '2011-12-01 09:22:55'),
	(260, 'iCore', 'moduleaccess', 'teamId', 'team', 0, 0, 0, 0, 0, 0, 0, 0, 0, 2, '2011-12-01 09:22:55'),
	(261, 'iCore', 'moduleaccess', 'moduleAccessValue', 'Module Value', 0, 0, 0, 0, 0, 0, 0, 0, 0, 2, '2011-12-01 09:22:55'),
	(262, 'iCore', 'moduletranslate', 'moduleTranslateId', 'moduleTranslate', 0, 0, 0, 0, 0, 0, 0, 0, 0, 2, '2011-12-01 09:22:56'),
	(263, 'iCore', 'moduletranslate', 'moduleId', 'module', 0, 0, 0, 0, 0, 0, 0, 0, 0, 2, '2011-12-01 09:22:56'),
	(264, 'iCore', 'moduletranslate', 'languageId', 'language', 0, 0, 0, 0, 0, 0, 0, 0, 0, 2, '2011-12-01 09:22:56'),
	(265, 'iCore', 'moduletranslate', 'moduleNative', 'Module Native', 0, 0, 0, 0, 0, 0, 0, 0, 0, 2, '2011-12-01 09:22:56'),
	(266, 'iCore', 'moduletranslate', 'isDefault', 'Default', 0, 0, 0, 0, 0, 0, 0, 0, 0, 2, '2011-12-01 09:22:56'),
	(267, 'iCore', 'moduletranslate', 'isNew', 'New', 0, 0, 0, 0, 0, 0, 0, 0, 0, 2, '2011-12-01 09:22:56'),
	(268, 'iCore', 'moduletranslate', 'isDraft', 'Draft', 0, 0, 0, 0, 0, 0, 0, 0, 0, 2, '2011-12-01 09:22:56'),
	(269, 'iCore', 'moduletranslate', 'isUpdate', 'Update', 0, 0, 0, 0, 0, 0, 0, 0, 0, 2, '2011-12-01 09:22:56'),
	(270, 'iCore', 'moduletranslate', 'isDelete', 'Delete', 0, 0, 0, 0, 0, 0, 0, 0, 0, 2, '2011-12-01 09:22:56'),
	(271, 'iCore', 'moduletranslate', 'isActive', 'Active', 0, 0, 0, 0, 0, 0, 0, 0, 0, 2, '2011-12-01 09:22:56'),
	(272, 'iCore', 'moduletranslate', 'isApproved', 'Approved', 0, 0, 0, 0, 0, 0, 0, 0, 0, 2, '2011-12-01 09:22:56'),
	(273, 'iCore', 'moduletranslate', 'isReview', 'Review', 0, 0, 0, 0, 0, 0, 0, 0, 0, 2, '2011-12-01 09:22:56'),
	(274, 'iCore', 'moduletranslate', 'ispost', 'Ispost', 0, 0, 0, 0, 0, 0, 0, 0, 0, 2, '2011-12-01 09:22:56'),
	(275, 'iCore', 'moduletranslate', 'executeBy', 'By', 0, 0, 0, 0, 0, 0, 0, 0, 0, 2, '2011-12-01 09:22:56'),
	(276, 'iCore', 'moduletranslate', 'executeTime', 'Time', 0, 0, 0, 0, 0, 0, 0, 0, 0, 2, '2011-12-01 09:22:56'),
	(277, 'iCore', 'religionsample', 'religionId', 'religion', 0, 0, 0, 0, 0, 0, 0, 0, 0, 2, '2011-12-01 09:22:56'),
	(278, 'iCore', 'religionsample', 'religionDesc', 'Religion Desc', 0, 0, 0, 0, 0, 0, 0, 0, 0, 2, '2011-12-01 09:22:56'),
	(279, 'iCore', 'religionsample', 'isDefault', 'Default', 0, 0, 0, 0, 0, 0, 0, 0, 0, 2, '2011-12-01 09:22:56'),
	(280, 'iCore', 'religionsample', 'isNew', 'New', 0, 0, 0, 0, 0, 0, 0, 0, 0, 2, '2011-12-01 09:22:56'),
	(281, 'iCore', 'religionsample', 'isDraft', 'Draft', 0, 0, 0, 0, 0, 0, 0, 0, 0, 2, '2011-12-01 09:22:56'),
	(282, 'iCore', 'religionsample', 'isUpdate', 'Update', 0, 0, 0, 0, 0, 0, 0, 0, 0, 2, '2011-12-01 09:22:56'),
	(283, 'iCore', 'religionsample', 'isDelete', 'Delete', 0, 0, 0, 0, 0, 0, 0, 0, 0, 2, '2011-12-01 09:22:56'),
	(284, 'iCore', 'religionsample', 'isActive', 'Active', 0, 0, 0, 0, 0, 0, 0, 0, 0, 2, '2011-12-01 09:22:56'),
	(285, 'iCore', 'religionsample', 'isApproved', 'Approved', 0, 0, 0, 0, 0, 0, 0, 0, 0, 2, '2011-12-01 09:22:56'),
	(286, 'iCore', 'religionsample', 'isReview', 'Review', 0, 0, 0, 0, 0, 0, 0, 0, 0, 2, '2011-12-01 09:22:56'),
	(287, 'iCore', 'religionsample', 'isPost', 'Post', 0, 0, 0, 0, 0, 0, 0, 0, 0, 2, '2011-12-01 09:22:56'),
	(288, 'iCore', 'religionsample', 'executeBy', 'By', 0, 0, 0, 0, 0, 0, 0, 0, 0, 2, '2011-12-01 09:22:56'),
	(289, 'iCore', 'religionsample', 'executeTime', 'Time', 0, 0, 0, 0, 0, 0, 0, 0, 0, 2, '2011-12-01 09:22:56'),
	(290, 'iCore', 'religionsampledetail', 'religionDetailId', 'religionDetail', 0, 0, 0, 0, 0, 0, 0, 0, 0, 2, '2011-12-01 09:22:56'),
	(291, 'iCore', 'religionsampledetail', 'religionId', 'religion', 0, 0, 0, 0, 0, 0, 0, 0, 0, 2, '2011-12-01 09:22:56'),
	(292, 'iCore', 'religionsampledetail', 'religionDetailTitle', 'Religion Title', 0, 0, 0, 0, 0, 0, 0, 0, 0, 2, '2011-12-01 09:22:56'),
	(293, 'iCore', 'religionsampledetail', 'religionDetailDesc', 'Religion Desc', 0, 0, 0, 0, 0, 0, 0, 0, 0, 2, '2011-12-01 09:22:56'),
	(294, 'iCore', 'religionsampledetail', 'isDefault', 'Default', 0, 0, 0, 0, 0, 0, 0, 0, 0, 2, '2011-12-01 09:22:56'),
	(295, 'iCore', 'religionsampledetail', 'isNew', 'New', 0, 0, 0, 0, 0, 0, 0, 0, 0, 2, '2011-12-01 09:22:56'),
	(296, 'iCore', 'religionsampledetail', 'isDraft', 'Draft', 0, 0, 0, 0, 0, 0, 0, 0, 0, 2, '2011-12-01 09:22:56'),
	(297, 'iCore', 'religionsampledetail', 'isUpdate', 'Update', 0, 0, 0, 0, 0, 0, 0, 0, 0, 2, '2011-12-01 09:22:56'),
	(298, 'iCore', 'religionsampledetail', 'isDelete', 'Delete', 0, 0, 0, 0, 0, 0, 0, 0, 0, 2, '2011-12-01 09:22:56'),
	(299, 'iCore', 'religionsampledetail', 'isActive', 'Active', 0, 0, 0, 0, 0, 0, 0, 0, 0, 2, '2011-12-01 09:22:56'),
	(300, 'iCore', 'religionsampledetail', 'isApproved', 'Approved', 0, 0, 0, 0, 0, 0, 0, 0, 0, 2, '2011-12-01 09:22:56'),
	(301, 'iCore', 'religionsampledetail', 'isReview', 'Review', 0, 0, 0, 0, 0, 0, 0, 0, 0, 2, '2011-12-01 09:22:56'),
	(302, 'iCore', 'religionsampledetail', 'isPost', 'Post', 0, 0, 0, 0, 0, 0, 0, 0, 0, 2, '2011-12-01 09:22:56'),
	(303, 'iCore', 'religionsampledetail', 'executeBy', 'By', 0, 0, 0, 0, 0, 0, 0, 0, 0, 2, '2011-12-01 09:22:56'),
	(304, 'iCore', 'religionsampledetail', 'executeTime', 'Time', 0, 0, 0, 0, 0, 0, 0, 0, 0, 2, '2011-12-01 09:22:56'),
	(305, 'iCore', 'staff', 'staffId', 'staff', 0, 0, 0, 0, 0, 0, 0, 0, 0, 2, '2011-12-01 09:22:56'),
	(306, 'iCore', 'staff', 'teamId', 'team', 0, 0, 0, 0, 0, 0, 0, 0, 0, 2, '2011-12-01 09:22:56'),
	(307, 'iCore', 'staff', 'departmentId', 'department', 0, 0, 0, 0, 0, 0, 0, 0, 0, 2, '2011-12-01 09:22:56'),
	(308, 'iCore', 'staff', 'languageId', 'language', 0, 0, 0, 0, 0, 0, 0, 0, 0, 2, '2011-12-01 09:22:56'),
	(309, 'iCore', 'staff', 'staffPassword', 'Password', 0, 0, 0, 0, 0, 0, 0, 0, 0, 2, '2011-12-01 09:22:56'),
	(310, 'iCore', 'staff', 'staffName', 'Name', 0, 0, 0, 0, 0, 0, 0, 0, 0, 2, '2011-12-01 09:22:56'),
	(311, 'iCore', 'staff', 'staffNo', 'No', 0, 0, 0, 0, 0, 0, 0, 0, 0, 2, '2011-12-01 09:22:56'),
	(312, 'iCore', 'staff', 'staffIc', 'Ic', 0, 0, 0, 0, 0, 0, 0, 0, 0, 2, '2011-12-01 09:22:56'),
	(313, 'iCore', 'staff', 'isDefault', 'Default', 0, 0, 0, 0, 0, 0, 0, 0, 0, 2, '2011-12-01 09:22:56'),
	(314, 'iCore', 'staff', 'isNew', 'New', 0, 0, 0, 0, 0, 0, 0, 0, 0, 2, '2011-12-01 09:22:56'),
	(315, 'iCore', 'staff', 'isDraft', 'Draft', 0, 0, 0, 0, 0, 0, 0, 0, 0, 2, '2011-12-01 09:22:56'),
	(316, 'iCore', 'staff', 'isUpdate', 'Update', 0, 0, 0, 0, 0, 0, 0, 0, 0, 2, '2011-12-01 09:22:56'),
	(317, 'iCore', 'staff', 'isDelete', 'Delete', 0, 0, 0, 0, 0, 0, 0, 0, 0, 2, '2011-12-01 09:22:56'),
	(318, 'iCore', 'staff', 'isActive', 'Active', 0, 0, 0, 0, 0, 0, 0, 0, 0, 2, '2011-12-01 09:22:56'),
	(319, 'iCore', 'staff', 'isApproved', 'Approved', 0, 0, 0, 0, 0, 0, 0, 0, 0, 2, '2011-12-01 09:22:56'),
	(320, 'iCore', 'staff', 'isReview', 'Review', 0, 0, 0, 0, 0, 0, 0, 0, 0, 2, '2011-12-01 09:22:56'),
	(321, 'iCore', 'staff', 'isPost', 'Post', 0, 0, 0, 0, 0, 0, 0, 0, 0, 2, '2011-12-01 09:22:56'),
	(322, 'iCore', 'staff', 'executeBy', 'By', 0, 0, 0, 0, 0, 0, 0, 0, 0, 2, '2011-12-01 09:22:56'),
	(323, 'iCore', 'staff', 'executeTime', 'Time', 0, 0, 0, 0, 0, 0, 0, 0, 0, 2, '2011-12-01 09:22:56'),
	(324, 'iCore', 'staffwebaccess', 'staffWebAccessId', 'staffWebAccess', 0, 0, 0, 0, 0, 0, 0, 0, 0, 2, '2011-12-01 09:22:56'),
	(325, 'iCore', 'staffwebaccess', 'staffId', 'staff', 0, 0, 0, 0, 0, 0, 0, 0, 0, 2, '2011-12-01 09:22:56'),
	(326, 'iCore', 'staffwebaccess', 'staffWebAccessLogIn', 'Staff Web Access Log   In', 0, 0, 0, 0, 0, 0, 0, 0, 0, 2, '2011-12-01 09:22:56'),
	(327, 'iCore', 'staffwebaccess', 'staffWebAccessLogOut', 'Staff Web Access Log   Out', 0, 0, 0, 0, 0, 0, 0, 0, 0, 2, '2011-12-01 09:22:56'),
	(328, 'iCore', 'staffwebaccess', 'phpSession', 'Php Session', 0, 0, 0, 0, 0, 0, 0, 0, 0, 2, '2011-12-01 09:22:56'),
	(329, 'iCore', 'systemstring', 'systemStringId', 'systemString', 0, 0, 0, 0, 0, 0, 0, 0, 0, 2, '2011-12-01 09:22:56'),
	(330, 'iCore', 'systemstring', 'systemStringCode', 'System Code', 0, 0, 0, 0, 0, 0, 0, 0, 0, 2, '2011-12-01 09:22:56'),
	(331, 'iCore', 'systemstring', 'systemStringEnglish', 'System English', 0, 0, 0, 0, 0, 0, 0, 0, 0, 2, '2011-12-01 09:22:56'),
	(332, 'iCore', 'systemstring', 'isDefault', 'Default', 0, 0, 0, 0, 0, 0, 0, 0, 0, 2, '2011-12-01 09:22:56'),
	(333, 'iCore', 'systemstring', 'isNew', 'New', 0, 0, 0, 0, 0, 0, 0, 0, 0, 2, '2011-12-01 09:22:56'),
	(334, 'iCore', 'systemstring', 'isDraft', 'Draft', 0, 0, 0, 0, 0, 0, 0, 0, 0, 2, '2011-12-01 09:22:56'),
	(335, 'iCore', 'systemstring', 'isUpdate', 'Update', 0, 0, 0, 0, 0, 0, 0, 0, 0, 2, '2011-12-01 09:22:56'),
	(336, 'iCore', 'systemstring', 'isDelete', 'Delete', 0, 0, 0, 0, 0, 0, 0, 0, 0, 2, '2011-12-01 09:22:56'),
	(337, 'iCore', 'systemstring', 'isActive', 'Active', 0, 0, 0, 0, 0, 0, 0, 0, 0, 2, '2011-12-01 09:22:56'),
	(338, 'iCore', 'systemstring', 'isApproved', 'Approved', 0, 0, 0, 0, 0, 0, 0, 0, 0, 2, '2011-12-01 09:22:56'),
	(339, 'iCore', 'systemstring', 'isReview', 'Review', 0, 0, 0, 0, 0, 0, 0, 0, 0, 2, '2011-12-01 09:22:56'),
	(340, 'iCore', 'systemstring', 'isPost', 'Post', 0, 0, 0, 0, 0, 0, 0, 0, 0, 2, '2011-12-01 09:22:56'),
	(341, 'iCore', 'systemstring', 'executeBy', 'By', 0, 0, 0, 0, 0, 0, 0, 0, 0, 2, '2011-12-01 09:22:56'),
	(342, 'iCore', 'systemstring', 'executeTime', 'Time', 0, 0, 0, 0, 0, 0, 0, 0, 0, 2, '2011-12-01 09:22:56'),
	(343, 'iCore', 'systemstringtranslate', 'systemStringTranslateId', 'systemStringTranslate', 0, 0, 0, 0, 0, 0, 0, 0, 0, 2, '2011-12-01 09:22:56'),
	(344, 'iCore', 'systemstringtranslate', 'systemStringId', 'systemString', 0, 0, 0, 0, 0, 0, 0, 0, 0, 2, '2011-12-01 09:22:56'),
	(345, 'iCore', 'systemstringtranslate', 'systemStringCode', 'System Code', 0, 0, 0, 0, 0, 0, 0, 0, 0, 2, '2011-12-01 09:22:56'),
	(346, 'iCore', 'systemstringtranslate', 'languageId', 'language', 0, 0, 0, 0, 0, 0, 0, 0, 0, 2, '2011-12-01 09:22:56'),
	(347, 'iCore', 'systemstringtranslate', 'systemStringNative', 'System Native', 0, 0, 0, 0, 0, 0, 0, 0, 0, 2, '2011-12-01 09:22:56'),
	(348, 'iCore', 'systemstringtranslate', 'isDefault', 'Default', 0, 0, 0, 0, 0, 0, 0, 0, 0, 2, '2011-12-01 09:22:56'),
	(349, 'iCore', 'systemstringtranslate', 'isNew', 'New', 0, 0, 0, 0, 0, 0, 0, 0, 0, 2, '2011-12-01 09:22:56'),
	(350, 'iCore', 'systemstringtranslate', 'isDraft', 'Draft', 0, 0, 0, 0, 0, 0, 0, 0, 0, 2, '2011-12-01 09:22:56'),
	(351, 'iCore', 'systemstringtranslate', 'isUpdate', 'Update', 0, 0, 0, 0, 0, 0, 0, 0, 0, 2, '2011-12-01 09:22:56'),
	(352, 'iCore', 'systemstringtranslate', 'isDelete', 'Delete', 0, 0, 0, 0, 0, 0, 0, 0, 0, 2, '2011-12-01 09:22:56'),
	(353, 'iCore', 'systemstringtranslate', 'isActive', 'Active', 0, 0, 0, 0, 0, 0, 0, 0, 0, 2, '2011-12-01 09:22:56'),
	(354, 'iCore', 'systemstringtranslate', 'isApproved', 'Approved', 0, 0, 0, 0, 0, 0, 0, 0, 0, 2, '2011-12-01 09:22:56'),
	(355, 'iCore', 'systemstringtranslate', 'isReview', 'Review', 0, 0, 0, 0, 0, 0, 0, 0, 0, 2, '2011-12-01 09:22:56'),
	(356, 'iCore', 'systemstringtranslate', 'isPost', 'Post', 0, 0, 0, 0, 0, 0, 0, 0, 0, 2, '2011-12-01 09:22:56'),
	(357, 'iCore', 'systemstringtranslate', 'executeBy', 'By', 0, 0, 0, 0, 0, 0, 0, 0, 0, 2, '2011-12-01 09:22:56'),
	(358, 'iCore', 'systemstringtranslate', 'executeTime', 'Time', 0, 0, 0, 0, 0, 0, 0, 0, 0, 2, '2011-12-01 09:22:56'),
	(359, 'iCore', 'tablemapping', 'tableMappingId', 'tableMapping', 0, 0, 0, 0, 0, 0, 0, 0, 0, 2, '2011-12-01 09:22:56'),
	(360, 'iCore', 'tablemapping', 'database', 'Database', 0, 0, 0, 0, 0, 0, 0, 0, 0, 2, '2011-12-01 09:22:56'),
	(361, 'iCore', 'tablemapping', 'tableMappingName', 'Table Name', 0, 0, 0, 0, 0, 0, 0, 0, 0, 2, '2011-12-01 09:22:56'),
	(362, 'iCore', 'tablemapping', 'tableMappingColumnName', 'Table Mapping Column   Name', 0, 0, 0, 0, 0, 0, 0, 0, 0, 2, '2011-12-01 09:22:56'),
	(363, 'iCore', 'tablemapping', 'tableMappingEnglish', 'Table English', 0, 0, 0, 0, 0, 0, 0, 0, 0, 2, '2011-12-01 09:22:56'),
	(364, 'iCore', 'tablemapping', 'isDefault', 'Default', 0, 0, 0, 0, 0, 0, 0, 0, 0, 2, '2011-12-01 09:22:56'),
	(365, 'iCore', 'tablemapping', 'isNew', 'New', 0, 0, 0, 0, 0, 0, 0, 0, 0, 2, '2011-12-01 09:22:56'),
	(366, 'iCore', 'tablemapping', 'isDraft', 'Draft', 0, 0, 0, 0, 0, 0, 0, 0, 0, 2, '2011-12-01 09:22:56'),
	(367, 'iCore', 'tablemapping', 'isUpdate', 'Update', 0, 0, 0, 0, 0, 0, 0, 0, 0, 2, '2011-12-01 09:22:56'),
	(368, 'iCore', 'tablemapping', 'isDelete', 'Delete', 0, 0, 0, 0, 0, 0, 0, 0, 0, 2, '2011-12-01 09:22:56'),
	(369, 'iCore', 'tablemapping', 'isActive', 'Active', 0, 0, 0, 0, 0, 0, 0, 0, 0, 2, '2011-12-01 09:22:56'),
	(370, 'iCore', 'tablemapping', 'isApproved', 'Approved', 0, 0, 0, 0, 0, 0, 0, 0, 0, 2, '2011-12-01 09:22:56'),
	(371, 'iCore', 'tablemapping', 'isReview', 'Review', 0, 0, 0, 0, 0, 0, 0, 0, 0, 2, '2011-12-01 09:22:56'),
	(372, 'iCore', 'tablemapping', 'isPost', 'Post', 0, 0, 0, 0, 0, 0, 0, 0, 0, 2, '2011-12-01 09:22:56'),
	(373, 'iCore', 'tablemapping', 'executeBy', 'By', 0, 0, 0, 0, 0, 0, 0, 0, 0, 2, '2011-12-01 09:22:56'),
	(374, 'iCore', 'tablemapping', 'executeTime', 'Time', 0, 0, 0, 0, 0, 0, 0, 0, 0, 2, '2011-12-01 09:22:56'),
	(375, 'iCore', 'tablemappingtranslate', 'tableMappingTranslateId', 'tableMappingTranslate', 0, 0, 0, 0, 0, 0, 0, 0, 0, 2, '2011-12-01 09:22:56'),
	(376, 'iCore', 'tablemappingtranslate', 'tableMappingId', 'tableMapping', 0, 0, 0, 0, 0, 0, 0, 0, 0, 2, '2011-12-01 09:22:56'),
	(377, 'iCore', 'tablemappingtranslate', 'tableMappingNative', 'Table Native', 0, 0, 0, 0, 0, 0, 0, 0, 0, 2, '2011-12-01 09:22:56'),
	(378, 'iCore', 'tablemappingtranslate', 'languageId', 'language', 0, 0, 0, 0, 0, 0, 0, 0, 0, 2, '2011-12-01 09:22:56'),
	(379, 'iCore', 'tablemappingtranslate', 'isDefault', 'Default', 0, 0, 0, 0, 0, 0, 0, 0, 0, 2, '2011-12-01 09:22:56'),
	(380, 'iCore', 'tablemappingtranslate', 'isNew', 'New', 0, 0, 0, 0, 0, 0, 0, 0, 0, 2, '2011-12-01 09:22:56'),
	(381, 'iCore', 'tablemappingtranslate', 'isDraft', 'Draft', 0, 0, 0, 0, 0, 0, 0, 0, 0, 2, '2011-12-01 09:22:56'),
	(382, 'iCore', 'tablemappingtranslate', 'isUpdate', 'Update', 0, 0, 0, 0, 0, 0, 0, 0, 0, 2, '2011-12-01 09:22:56'),
	(383, 'iCore', 'tablemappingtranslate', 'isDelete', 'Delete', 0, 0, 0, 0, 0, 0, 0, 0, 0, 2, '2011-12-01 09:22:56'),
	(384, 'iCore', 'tablemappingtranslate', 'isActive', 'Active', 0, 0, 0, 0, 0, 0, 0, 0, 0, 2, '2011-12-01 09:22:56'),
	(385, 'iCore', 'tablemappingtranslate', 'isApproved', 'Approved', 0, 0, 0, 0, 0, 0, 0, 0, 0, 2, '2011-12-01 09:22:56'),
	(386, 'iCore', 'tablemappingtranslate', 'isReview', 'Review', 0, 0, 0, 0, 0, 0, 0, 0, 0, 2, '2011-12-01 09:22:56'),
	(387, 'iCore', 'tablemappingtranslate', 'isPost', 'Post', 0, 0, 0, 0, 0, 0, 0, 0, 0, 2, '2011-12-01 09:22:56'),
	(388, 'iCore', 'tablemappingtranslate', 'executeBy', 'By', 0, 0, 0, 0, 0, 0, 0, 0, 0, 2, '2011-12-01 09:22:56'),
	(389, 'iCore', 'tablemappingtranslate', 'executeTime', 'Time', 0, 0, 0, 0, 0, 0, 0, 0, 0, 2, '2011-12-01 09:22:56'),
	(390, 'iCore', 'template', 'templateId', 'template', 0, 0, 0, 0, 0, 0, 0, 0, 0, 2, '2011-12-01 09:22:56'),
	(391, 'iCore', 'template', 'isDefault', 'Default', 0, 0, 0, 0, 0, 0, 0, 0, 0, 2, '2011-12-01 09:22:56'),
	(392, 'iCore', 'template', 'isNew', 'New', 0, 0, 0, 0, 0, 0, 0, 0, 0, 2, '2011-12-01 09:22:56'),
	(393, 'iCore', 'template', 'isDraft', 'Draft', 0, 0, 0, 0, 0, 0, 0, 0, 0, 2, '2011-12-01 09:22:56'),
	(394, 'iCore', 'template', 'isUpdate', 'Update', 0, 0, 0, 0, 0, 0, 0, 0, 0, 2, '2011-12-01 09:22:56'),
	(395, 'iCore', 'template', 'isDelete', 'Delete', 0, 0, 0, 0, 0, 0, 0, 0, 0, 2, '2011-12-01 09:22:56'),
	(396, 'iCore', 'template', 'isActive', 'Active', 0, 0, 0, 0, 0, 0, 0, 0, 0, 2, '2011-12-01 09:22:56'),
	(397, 'iCore', 'template', 'isApproved', 'Approved', 0, 0, 0, 0, 0, 0, 0, 0, 0, 2, '2011-12-01 09:22:56'),
	(398, 'iCore', 'template', 'isReview', 'Review', 0, 0, 0, 0, 0, 0, 0, 0, 0, 2, '2011-12-01 09:22:56'),
	(399, 'iCore', 'template', 'isPost', 'Post', 0, 0, 0, 0, 0, 0, 0, 0, 0, 2, '2011-12-01 09:22:56'),
	(400, 'iCore', 'template', 'executeBy', 'By', 0, 0, 0, 0, 0, 0, 0, 0, 0, 2, '2011-12-01 09:22:56'),
	(401, 'iCore', 'template', 'executeTime', 'Time', 0, 0, 0, 0, 0, 0, 0, 0, 0, 2, '2011-12-01 09:22:56'),
	(402, 'iCore', 'theme', 'themeId', 'theme', 0, 0, 0, 0, 0, 0, 0, 0, 0, 2, '2011-12-01 09:22:56'),
	(403, 'iCore', 'theme', 'themeSequence', 'Sequence', 0, 0, 0, 0, 0, 0, 0, 0, 0, 2, '2011-12-01 09:22:56'),
	(404, 'iCore', 'theme', 'themeCode', 'Code', 0, 0, 0, 0, 0, 0, 0, 0, 0, 2, '2011-12-01 09:22:56'),
	(405, 'iCore', 'theme', 'themeNote', 'Note', 0, 0, 0, 0, 0, 0, 0, 0, 0, 2, '2011-12-01 09:22:56'),
	(406, 'iCore', 'theme', 'themePath', 'Path', 0, 0, 0, 0, 0, 0, 0, 0, 0, 2, '2011-12-01 09:22:56'),
	(407, 'iCore', 'theme', 'isDefault', 'Default', 0, 0, 0, 0, 0, 0, 0, 0, 0, 2, '2011-12-01 09:22:56'),
	(408, 'iCore', 'theme', 'isNew', 'New', 0, 0, 0, 0, 0, 0, 0, 0, 0, 2, '2011-12-01 09:22:56'),
	(409, 'iCore', 'theme', 'isDraft', 'Draft', 0, 0, 0, 0, 0, 0, 0, 0, 0, 2, '2011-12-01 09:22:56'),
	(410, 'iCore', 'theme', 'isUpdate', 'Update', 0, 0, 0, 0, 0, 0, 0, 0, 0, 2, '2011-12-01 09:22:56'),
	(411, 'iCore', 'theme', 'isDelete', 'Delete', 0, 0, 0, 0, 0, 0, 0, 0, 0, 2, '2011-12-01 09:22:56'),
	(412, 'iCore', 'theme', 'isActive', 'Active', 0, 0, 0, 0, 0, 0, 0, 0, 0, 2, '2011-12-01 09:22:56'),
	(413, 'iCore', 'theme', 'isApproved', 'Approved', 0, 0, 0, 0, 0, 0, 0, 0, 0, 2, '2011-12-01 09:22:56'),
	(414, 'iCore', 'theme', 'isReview', 'Review', 0, 0, 0, 0, 0, 0, 0, 0, 0, 2, '2011-12-01 09:22:56'),
	(415, 'iCore', 'theme', 'isPost', 'Post', 0, 0, 0, 0, 0, 0, 0, 0, 0, 2, '2011-12-01 09:22:56'),
	(416, 'iCore', 'theme', 'executeBy', 'By', 0, 0, 0, 0, 0, 0, 0, 0, 0, 2, '2011-12-01 09:22:56'),
	(417, 'iCore', 'theme', 'executeTime', 'Time', 0, 0, 0, 0, 0, 0, 0, 0, 0, 2, '2011-12-01 09:22:56'),
	(418, 'iCore', 'todo', 'todoId', 'todo', 0, 0, 0, 0, 0, 0, 0, 0, 0, 2, '2011-12-01 09:22:56'),
	(419, 'iCore', 'todo', 'todoTitle', 'Title', 0, 0, 0, 0, 0, 0, 0, 0, 0, 2, '2011-12-01 09:22:56'),
	(420, 'iCore', 'todo', 'todoDesc', 'Desc', 0, 0, 0, 0, 0, 0, 0, 0, 0, 2, '2011-12-01 09:22:56'),
	(421, 'iCore', 'todo', 'staffId', 'staff', 0, 0, 0, 0, 0, 0, 0, 0, 0, 2, '2011-12-01 09:22:56'),
	(422, 'iCore', 'todo', 'isDefault', 'Default', 0, 0, 0, 0, 0, 0, 0, 0, 0, 2, '2011-12-01 09:22:56'),
	(423, 'iCore', 'todo', 'isNew', 'New', 0, 0, 0, 0, 0, 0, 0, 0, 0, 2, '2011-12-01 09:22:56'),
	(424, 'iCore', 'todo', 'isDraft', 'Draft', 0, 0, 0, 0, 0, 0, 0, 0, 0, 2, '2011-12-01 09:22:56'),
	(425, 'iCore', 'todo', 'isUpdate', 'Update', 0, 0, 0, 0, 0, 0, 0, 0, 0, 2, '2011-12-01 09:22:56'),
	(426, 'iCore', 'todo', 'isDelete', 'Delete', 0, 0, 0, 0, 0, 0, 0, 0, 0, 2, '2011-12-01 09:22:56'),
	(427, 'iCore', 'todo', 'isActive', 'Active', 0, 0, 0, 0, 0, 0, 0, 0, 0, 2, '2011-12-01 09:22:56'),
	(428, 'iCore', 'todo', 'isApproved', 'Approved', 0, 0, 0, 0, 0, 0, 0, 0, 0, 2, '2011-12-01 09:22:56'),
	(429, 'iCore', 'todo', 'isReview', 'Review', 0, 0, 0, 0, 0, 0, 0, 0, 0, 2, '2011-12-01 09:22:56'),
	(430, 'iCore', 'todo', 'isPost', 'Post', 0, 0, 0, 0, 0, 0, 0, 0, 0, 2, '2011-12-01 09:22:56'),
	(431, 'iCore', 'todo', 'isDone', 'Is Done', 0, 0, 0, 0, 0, 0, 0, 0, 0, 2, '2011-12-01 09:22:56'),
	(432, 'iCore', 'todo', 'executeBy', 'By', 0, 0, 0, 0, 0, 0, 0, 0, 0, 2, '2011-12-01 09:22:56'),
	(433, 'iCore', 'todo', 'executeTime', 'Time', 0, 0, 0, 0, 0, 0, 0, 0, 0, 2, '2011-12-01 09:22:56'),
	(14850, 'iFinancial', 'adjustment', 'adjustmentLedgerId', 'adjustmentLedger', 0, 0, 0, 0, 0, 0, 0, 0, 0, 2, '2011-12-16 15:16:50'),
	(14851, 'iFinancial', 'adjustment', 'documentNo', 'Document No', 0, 0, 0, 0, 0, 0, 0, 0, 0, 2, '2011-12-16 15:16:50'),
	(14852, 'iFinancial', 'adjustment', 'referenceNo', 'Reference No', 0, 0, 0, 0, 0, 0, 0, 0, 0, 2, '2011-12-16 15:16:50'),
	(14853, 'iFinancial', 'adjustment', 'adjustmentLedgerTitle', 'Ledger Title', 0, 0, 0, 0, 0, 0, 0, 0, 0, 2, '2011-12-16 15:16:50'),
	(14854, 'iFinancial', 'adjustment', 'adjustmentLedgerDesc', 'Ledger Desc', 0, 0, 0, 0, 0, 0, 0, 0, 0, 2, '2011-12-16 15:16:50'),
	(14855, 'iFinancial', 'adjustment', 'adjustmentLedgerDate', 'Ledger Date', 0, 0, 0, 0, 0, 0, 0, 0, 0, 2, '2011-12-16 15:16:50'),
	(14856, 'iFinancial', 'adjustment', 'adjustmentLedgerAmount', 'Ledger Amount', 0, 0, 0, 0, 0, 0, 0, 0, 0, 2, '2011-12-16 15:16:50'),
	(14857, 'iFinancial', 'adjustment', 'businessPartnerId', 'businessPartner', 0, 0, 0, 0, 0, 0, 0, 0, 0, 2, '2011-12-16 15:16:50'),
	(14858, 'iFinancial', 'adjustment', 'invoiceCategoryId', 'invoiceCategory', 0, 0, 0, 0, 0, 0, 0, 0, 0, 2, '2011-12-16 15:16:50'),
	(14859, 'iFinancial', 'adjustment', 'invoiceTypeId', 'invoiceType', 0, 0, 0, 0, 0, 0, 0, 0, 0, 2, '2011-12-16 15:16:50'),
	(14860, 'iFinancial', 'adjustment', 'invoiceId', 'invoice', 0, 0, 0, 0, 0, 0, 0, 0, 0, 2, '2011-12-16 15:16:50'),
	(14861, 'iFinancial', 'adjustment', 'isDefault', 'Default', 0, 0, 0, 0, 0, 0, 0, 0, 0, 2, '2011-12-16 15:16:50'),
	(14862, 'iFinancial', 'adjustment', 'isNew', 'New', 0, 0, 0, 0, 0, 0, 0, 0, 0, 2, '2011-12-16 15:16:50'),
	(14863, 'iFinancial', 'adjustment', 'isDraft', 'Draft', 0, 0, 0, 0, 0, 0, 0, 0, 0, 2, '2011-12-16 15:16:50'),
	(14864, 'iFinancial', 'adjustment', 'isUpdate', 'Update', 0, 0, 0, 0, 0, 0, 0, 0, 0, 2, '2011-12-16 15:16:50'),
	(14865, 'iFinancial', 'adjustment', 'isDelete', 'Delete', 0, 0, 0, 0, 0, 0, 0, 0, 0, 2, '2011-12-16 15:16:50'),
	(14866, 'iFinancial', 'adjustment', 'isActive', 'Active', 0, 0, 0, 0, 0, 0, 0, 0, 0, 2, '2011-12-16 15:16:50'),
	(14867, 'iFinancial', 'adjustment', 'isApproved', 'Approved', 0, 0, 0, 0, 0, 0, 0, 0, 0, 2, '2011-12-16 15:16:50'),
	(14868, 'iFinancial', 'adjustment', 'isReview', 'Review', 0, 0, 0, 0, 0, 0, 0, 0, 0, 2, '2011-12-16 15:16:50'),
	(14869, 'iFinancial', 'adjustment', 'isPost', 'Post', 0, 0, 0, 0, 0, 0, 0, 0, 0, 2, '2011-12-16 15:16:50'),
	(14870, 'iFinancial', 'adjustment', 'executeBy', 'By', 0, 0, 0, 0, 0, 0, 0, 0, 0, 2, '2011-12-16 15:16:50'),
	(14871, 'iFinancial', 'adjustment', 'executeTime', 'Time', 0, 0, 0, 0, 0, 0, 0, 0, 0, 2, '2011-12-16 15:16:50'),
	(14872, 'iFinancial', 'adjustmentLedger', 'adjustmentLedgerId', 'adjustmentLedger', 0, 0, 0, 0, 0, 0, 0, 0, 0, 2, '2011-12-16 15:16:50'),
	(14873, 'iFinancial', 'adjustmentLedger', 'AdjustmentTypeId', 'AdjustmentType', 0, 0, 0, 0, 0, 0, 0, 0, 0, 2, '2011-12-16 15:16:50'),
	(14874, 'iFinancial', 'adjustmentLedger', 'documentNo', 'Document No', 0, 0, 0, 0, 0, 0, 0, 0, 0, 2, '2011-12-16 15:16:50'),
	(14875, 'iFinancial', 'adjustmentLedger', 'referenceNo', 'Reference No', 0, 0, 0, 0, 0, 0, 0, 0, 0, 2, '2011-12-16 15:16:50'),
	(14876, 'iFinancial', 'adjustmentLedger', 'adjustmentLedgerTitle', 'Title', 0, 0, 0, 0, 0, 0, 0, 0, 0, 2, '2011-12-16 15:16:50'),
	(14877, 'iFinancial', 'adjustmentLedger', 'adjustmentLedgerDesc', 'Desc', 0, 0, 0, 0, 0, 0, 0, 0, 0, 2, '2011-12-16 15:16:50'),
	(14878, 'iFinancial', 'adjustmentLedger', 'adjustmentLedgerDate', 'Date', 0, 0, 0, 0, 0, 0, 0, 0, 0, 2, '2011-12-16 15:16:50'),
	(14879, 'iFinancial', 'adjustmentLedger', 'adjustmentLedgerAmount', 'Amount', 0, 0, 0, 0, 0, 0, 0, 0, 0, 2, '2011-12-16 15:16:50'),
	(14880, 'iFinancial', 'adjustmentLedger', 'businessPartnerId', 'businessPartner', 0, 0, 0, 0, 0, 0, 0, 0, 0, 2, '2011-12-16 15:16:50'),
	(14881, 'iFinancial', 'adjustmentLedger', 'invoiceCategoryId', 'invoiceCategory', 0, 0, 0, 0, 0, 0, 0, 0, 0, 2, '2011-12-16 15:16:50'),
	(14882, 'iFinancial', 'adjustmentLedger', 'invoiceTypeId', 'invoiceType', 0, 0, 0, 0, 0, 0, 0, 0, 0, 2, '2011-12-16 15:16:50'),
	(14883, 'iFinancial', 'adjustmentLedger', 'invoiceLedgerId', 'invoiceLedger', 0, 0, 0, 0, 0, 0, 0, 0, 0, 2, '2011-12-16 15:16:50'),
	(14884, 'iFinancial', 'adjustmentLedger', 'isDefault', 'Default', 0, 0, 0, 0, 0, 0, 0, 0, 0, 2, '2011-12-16 15:16:50'),
	(14885, 'iFinancial', 'adjustmentLedger', 'isNew', 'New', 0, 0, 0, 0, 0, 0, 0, 0, 0, 2, '2011-12-16 15:16:50'),
	(14886, 'iFinancial', 'adjustmentLedger', 'isDraft', 'Draft', 0, 0, 0, 0, 0, 0, 0, 0, 0, 2, '2011-12-16 15:16:50'),
	(14887, 'iFinancial', 'adjustmentLedger', 'isUpdate', 'Update', 0, 0, 0, 0, 0, 0, 0, 0, 0, 2, '2011-12-16 15:16:50'),
	(14888, 'iFinancial', 'adjustmentLedger', 'isDelete', 'Delete', 0, 0, 0, 0, 0, 0, 0, 0, 0, 2, '2011-12-16 15:16:50'),
	(14889, 'iFinancial', 'adjustmentLedger', 'isActive', 'Active', 0, 0, 0, 0, 0, 0, 0, 0, 0, 2, '2011-12-16 15:16:50'),
	(14890, 'iFinancial', 'adjustmentLedger', 'isApproved', 'Approved', 0, 0, 0, 0, 0, 0, 0, 0, 0, 2, '2011-12-16 15:16:50'),
	(14891, 'iFinancial', 'adjustmentLedger', 'isReview', 'Review', 0, 0, 0, 0, 0, 0, 0, 0, 0, 2, '2011-12-16 15:16:50'),
	(14892, 'iFinancial', 'adjustmentLedger', 'isPost', 'Post', 0, 0, 0, 0, 0, 0, 0, 0, 0, 2, '2011-12-16 15:16:50'),
	(14893, 'iFinancial', 'adjustmentLedger', 'executeBy', 'By', 0, 0, 0, 0, 0, 0, 0, 0, 0, 2, '2011-12-16 15:16:50'),
	(14894, 'iFinancial', 'adjustmentLedger', 'executeTime', 'Time', 0, 0, 0, 0, 0, 0, 0, 0, 0, 2, '2011-12-16 15:16:50'),
	(14895, 'iFinancial', 'adjustmentLedgerDetail', 'adjustmentLedgerDetailId', 'adjustmentLedgerDetail', 0, 0, 0, 0, 0, 0, 0, 0, 0, 2, '2011-12-16 15:16:50'),
	(14896, 'iFinancial', 'adjustmentLedgerDetail', 'adjustmentLedgerId', 'adjustmentLedger', 0, 0, 0, 0, 0, 0, 0, 0, 0, 2, '2011-12-16 15:16:50'),
	(14897, 'iFinancial', 'adjustmentLedgerDetail', 'generalLedgerChartOfAccountId', 'generalLedgerChartOfAccount', 0, 0, 0, 0, 0, 0, 0, 0, 0, 2, '2011-12-16 15:16:50'),
	(14898, 'iFinancial', 'adjustmentLedgerDetail', 'countryId', 'country', 0, 0, 0, 0, 0, 0, 0, 0, 0, 2, '2011-12-16 15:16:50'),
	(14899, 'iFinancial', 'adjustmentLedgerDetail', 'transactionMode', 'Transaction Mode', 0, 0, 0, 0, 0, 0, 0, 0, 0, 2, '2011-12-16 15:16:50'),
	(14900, 'iFinancial', 'adjustmentLedgerDetail', 'adjustmentLedgerDetailAmount', 'Amount', 0, 0, 0, 0, 0, 0, 0, 0, 0, 2, '2011-12-16 15:16:50'),
	(14901, 'iFinancial', 'adjustmentLedgerDetail', 'isDefault', 'Default', 0, 0, 0, 0, 0, 0, 0, 0, 0, 2, '2011-12-16 15:16:50'),
	(14902, 'iFinancial', 'adjustmentLedgerDetail', 'isNew', 'New', 0, 0, 0, 0, 0, 0, 0, 0, 0, 2, '2011-12-16 15:16:50'),
	(14903, 'iFinancial', 'adjustmentLedgerDetail', 'isDraft', 'Draft', 0, 0, 0, 0, 0, 0, 0, 0, 0, 2, '2011-12-16 15:16:50'),
	(14904, 'iFinancial', 'adjustmentLedgerDetail', 'isUpdate', 'Update', 0, 0, 0, 0, 0, 0, 0, 0, 0, 2, '2011-12-16 15:16:50'),
	(14905, 'iFinancial', 'adjustmentLedgerDetail', 'isDelete', 'Delete', 0, 0, 0, 0, 0, 0, 0, 0, 0, 2, '2011-12-16 15:16:50'),
	(14906, 'iFinancial', 'adjustmentLedgerDetail', 'isActive', 'Active', 0, 0, 0, 0, 0, 0, 0, 0, 0, 2, '2011-12-16 15:16:50'),
	(14907, 'iFinancial', 'adjustmentLedgerDetail', 'isApproved', 'Approved', 0, 0, 0, 0, 0, 0, 0, 0, 0, 2, '2011-12-16 15:16:50'),
	(14908, 'iFinancial', 'adjustmentLedgerDetail', 'isReview', 'Review', 0, 0, 0, 0, 0, 0, 0, 0, 0, 2, '2011-12-16 15:16:50'),
	(14909, 'iFinancial', 'adjustmentLedgerDetail', 'isPost', 'Post', 0, 0, 0, 0, 0, 0, 0, 0, 0, 2, '2011-12-16 15:16:50'),
	(14910, 'iFinancial', 'adjustmentLedgerDetail', 'executeBy', 'By', 0, 0, 0, 0, 0, 0, 0, 0, 0, 2, '2011-12-16 15:16:50'),
	(14911, 'iFinancial', 'adjustmentLedgerDetail', 'executeTime', 'Time', 0, 0, 0, 0, 0, 0, 0, 0, 0, 2, '2011-12-16 15:16:50'),
	(14912, 'iFinancial', 'adjustmentType', 'adjustmentTypeId', 'adjustmentType', 0, 0, 0, 0, 0, 0, 0, 0, 0, 2, '2011-12-16 15:16:50'),
	(14913, 'iFinancial', 'adjustmentType', 'adjustmentTypeSequence', 'Sequence', 0, 0, 0, 0, 0, 0, 0, 0, 0, 2, '2011-12-16 15:16:50'),
	(14914, 'iFinancial', 'adjustmentType', 'adjustmentTypeCode', 'Code', 0, 0, 0, 0, 0, 0, 0, 0, 0, 2, '2011-12-16 15:16:50'),
	(14915, 'iFinancial', 'adjustmentType', 'adjustmentTypeDesc', 'Desc', 0, 0, 0, 0, 0, 0, 0, 0, 0, 2, '2011-12-16 15:16:50'),
	(14916, 'iFinancial', 'adjustmentType', 'isDefault', 'Default', 0, 0, 0, 0, 0, 0, 0, 0, 0, 2, '2011-12-16 15:16:50'),
	(14917, 'iFinancial', 'adjustmentType', 'isNew', 'New', 0, 0, 0, 0, 0, 0, 0, 0, 0, 2, '2011-12-16 15:16:50'),
	(14918, 'iFinancial', 'adjustmentType', 'isDraft', 'Draft', 0, 0, 0, 0, 0, 0, 0, 0, 0, 2, '2011-12-16 15:16:50'),
	(14919, 'iFinancial', 'adjustmentType', 'isUpdate', 'Update', 0, 0, 0, 0, 0, 0, 0, 0, 0, 2, '2011-12-16 15:16:50'),
	(14920, 'iFinancial', 'adjustmentType', 'isDelete', 'Delete', 0, 0, 0, 0, 0, 0, 0, 0, 0, 2, '2011-12-16 15:16:50'),
	(14921, 'iFinancial', 'adjustmentType', 'isActive', 'Active', 0, 0, 0, 0, 0, 0, 0, 0, 0, 2, '2011-12-16 15:16:50'),
	(14922, 'iFinancial', 'adjustmentType', 'isApproved', 'Approved', 0, 0, 0, 0, 0, 0, 0, 0, 0, 2, '2011-12-16 15:16:50'),
	(14923, 'iFinancial', 'adjustmentType', 'isReview', 'Review', 0, 0, 0, 0, 0, 0, 0, 0, 0, 2, '2011-12-16 15:16:50'),
	(14924, 'iFinancial', 'adjustmentType', 'isPost', 'Post', 0, 0, 0, 0, 0, 0, 0, 0, 0, 2, '2011-12-16 15:16:50'),
	(14925, 'iFinancial', 'adjustmentType', 'executeBy', 'By', 0, 0, 0, 0, 0, 0, 0, 0, 0, 2, '2011-12-16 15:16:50'),
	(14926, 'iFinancial', 'adjustmentType', 'executeTime', 'Time', 0, 0, 0, 0, 0, 0, 0, 0, 0, 2, '2011-12-16 15:16:50'),
	(14927, 'iFinancial', 'bankBalance', 'bankBalanceId', 'bankBalance', 0, 0, 0, 0, 0, 0, 0, 0, 0, 2, '2011-12-16 15:16:50'),
	(14928, 'iFinancial', 'bankBalance', 'bankBalanceCashAmount', 'Cash Amount', 0, 0, 0, 0, 0, 0, 0, 0, 0, 2, '2011-12-16 15:16:50'),
	(14929, 'iFinancial', 'bankBalance', 'bankBalanceChequeAmount', 'Cheque Amount', 0, 0, 0, 0, 0, 0, 0, 0, 0, 2, '2011-12-16 15:16:50'),
	(14930, 'iFinancial', 'bankBalance', 'bankBalanceMonth', 'Month', 0, 0, 0, 0, 0, 0, 0, 0, 0, 2, '2011-12-16 15:16:50'),
	(14931, 'iFinancial', 'bankBalance', 'bankBalanceYear', 'Year', 0, 0, 0, 0, 0, 0, 0, 0, 0, 2, '2011-12-16 15:16:50'),
	(14932, 'iFinancial', 'bankBalance', 'isDefault', 'Default', 0, 0, 0, 0, 0, 0, 0, 0, 0, 2, '2011-12-16 15:16:50'),
	(14933, 'iFinancial', 'bankBalance', 'isNew', 'New', 0, 0, 0, 0, 0, 0, 0, 0, 0, 2, '2011-12-16 15:16:50'),
	(14934, 'iFinancial', 'bankBalance', 'isDraft', 'Draft', 0, 0, 0, 0, 0, 0, 0, 0, 0, 2, '2011-12-16 15:16:50'),
	(14935, 'iFinancial', 'bankBalance', 'isUpdate', 'Update', 0, 0, 0, 0, 0, 0, 0, 0, 0, 2, '2011-12-16 15:16:50'),
	(14936, 'iFinancial', 'bankBalance', 'isDelete', 'Delete', 0, 0, 0, 0, 0, 0, 0, 0, 0, 2, '2011-12-16 15:16:50'),
	(14937, 'iFinancial', 'bankBalance', 'isActive', 'Active', 0, 0, 0, 0, 0, 0, 0, 0, 0, 2, '2011-12-16 15:16:50'),
	(14938, 'iFinancial', 'bankBalance', 'isApproved', 'Approved', 0, 0, 0, 0, 0, 0, 0, 0, 0, 2, '2011-12-16 15:16:50'),
	(14939, 'iFinancial', 'bankBalance', 'isReview', 'Review', 0, 0, 0, 0, 0, 0, 0, 0, 0, 2, '2011-12-16 15:16:50'),
	(14940, 'iFinancial', 'bankBalance', 'isPost', 'Post', 0, 0, 0, 0, 0, 0, 0, 0, 0, 2, '2011-12-16 15:16:50'),
	(14941, 'iFinancial', 'bankBalance', 'executeBy', 'By', 0, 0, 0, 0, 0, 0, 0, 0, 0, 2, '2011-12-16 15:16:50'),
	(14942, 'iFinancial', 'bankBalance', 'executeTime', 'Time', 0, 0, 0, 0, 0, 0, 0, 0, 0, 2, '2011-12-16 15:16:50'),
	(14943, 'iFinancial', 'businessPartner', 'businessPartnerId', 'businessPartner', 0, 0, 0, 0, 0, 0, 0, 0, 0, 2, '2011-12-16 15:16:50'),
	(14944, 'iFinancial', 'businessPartner', 'businessPartnerCompany', 'Company', 0, 0, 0, 0, 0, 0, 0, 0, 0, 2, '2011-12-16 15:16:50'),
	(14945, 'iFinancial', 'businessPartner', 'businessPartnerLastName', 'Last Name', 0, 0, 0, 0, 0, 0, 0, 0, 0, 2, '2011-12-16 15:16:50'),
	(14946, 'iFinancial', 'businessPartner', 'businessPartnerFirstName', 'First Name', 0, 0, 0, 0, 0, 0, 0, 0, 0, 2, '2011-12-16 15:16:50'),
	(14947, 'iFinancial', 'businessPartner', 'businessPartnerEmail', 'Email', 0, 0, 0, 0, 0, 0, 0, 0, 0, 2, '2011-12-16 15:16:50'),
	(14948, 'iFinancial', 'businessPartner', 'businessPartnerJobTitle', 'Job Title', 0, 0, 0, 0, 0, 0, 0, 0, 0, 2, '2011-12-16 15:16:50'),
	(14949, 'iFinancial', 'businessPartner', 'businessPartnerBusinessPhone', 'Business Phone', 0, 0, 0, 0, 0, 0, 0, 0, 0, 2, '2011-12-16 15:16:50'),
	(14950, 'iFinancial', 'businessPartner', 'businessPartnerHomePhone', 'Home Phone', 0, 0, 0, 0, 0, 0, 0, 0, 0, 2, '2011-12-16 15:16:50'),
	(14951, 'iFinancial', 'businessPartner', 'businessPartnerMobilePhone', 'Mobile Phone', 0, 0, 0, 0, 0, 0, 0, 0, 0, 2, '2011-12-16 15:16:50'),
	(14952, 'iFinancial', 'businessPartner', 'businessPartnerFaxNum', 'Fax Num', 0, 0, 0, 0, 0, 0, 0, 0, 0, 2, '2011-12-16 15:16:50'),
	(14953, 'iFinancial', 'businessPartner', 'businessPartnerAddress', 'Address', 0, 0, 0, 0, 0, 0, 0, 0, 0, 2, '2011-12-16 15:16:50'),
	(14954, 'iFinancial', 'businessPartner', 'businessPartnerCity', 'City', 0, 0, 0, 0, 0, 0, 0, 0, 0, 2, '2011-12-16 15:16:50'),
	(14955, 'iFinancial', 'businessPartner', 'businessPartnerState', 'State', 0, 0, 0, 0, 0, 0, 0, 0, 0, 2, '2011-12-16 15:16:50'),
	(14956, 'iFinancial', 'businessPartner', 'businessPartnerPostCode', 'Post Code', 0, 0, 0, 0, 0, 0, 0, 0, 0, 2, '2011-12-16 15:16:50'),
	(14957, 'iFinancial', 'businessPartner', 'businessPartnerCountry', 'Country', 0, 0, 0, 0, 0, 0, 0, 0, 0, 2, '2011-12-16 15:16:50'),
	(14958, 'iFinancial', 'businessPartner', 'businessPartnerWebPage', 'Web Page', 0, 0, 0, 0, 0, 0, 0, 0, 0, 2, '2011-12-16 15:16:50'),
	(14959, 'iFinancial', 'businessPartner', 'businessPartnerNotes', 'Notes', 0, 0, 0, 0, 0, 0, 0, 0, 0, 2, '2011-12-16 15:16:50'),
	(14960, 'iFinancial', 'businessPartner', 'businessPartnerAttachments', 'Attachments', 0, 0, 0, 0, 0, 0, 0, 0, 0, 2, '2011-12-16 15:16:50'),
	(14961, 'iFinancial', 'businessPartner', 'businessPartnerDate', 'Date', 0, 0, 0, 0, 0, 0, 0, 0, 0, 2, '2011-12-16 15:16:50'),
	(14962, 'iFinancial', 'businessPartner', 'businessPartnerCategoryId', 'businessPartnerCategory', 0, 0, 0, 0, 0, 0, 0, 0, 0, 2, '2011-12-16 15:16:50'),
	(14963, 'iFinancial', 'businessPartner', 'isDefault', 'Default', 0, 0, 0, 0, 0, 0, 0, 0, 0, 2, '2011-12-16 15:16:50'),
	(14964, 'iFinancial', 'businessPartner', 'isNew', 'New', 0, 0, 0, 0, 0, 0, 0, 0, 0, 2, '2011-12-16 15:16:50'),
	(14965, 'iFinancial', 'businessPartner', 'isDraft', 'Draft', 0, 0, 0, 0, 0, 0, 0, 0, 0, 2, '2011-12-16 15:16:50'),
	(14966, 'iFinancial', 'businessPartner', 'isUpdate', 'Update', 0, 0, 0, 0, 0, 0, 0, 0, 0, 2, '2011-12-16 15:16:50'),
	(14967, 'iFinancial', 'businessPartner', 'isDelete', 'Delete', 0, 0, 0, 0, 0, 0, 0, 0, 0, 2, '2011-12-16 15:16:50'),
	(14968, 'iFinancial', 'businessPartner', 'isActive', 'Active', 0, 0, 0, 0, 0, 0, 0, 0, 0, 2, '2011-12-16 15:16:50'),
	(14969, 'iFinancial', 'businessPartner', 'isApproved', 'Approved', 0, 0, 0, 0, 0, 0, 0, 0, 0, 2, '2011-12-16 15:16:50'),
	(14970, 'iFinancial', 'businessPartner', 'isReview', 'Review', 0, 0, 0, 0, 0, 0, 0, 0, 0, 2, '2011-12-16 15:16:50'),
	(14971, 'iFinancial', 'businessPartner', 'isPost', 'Post', 0, 0, 0, 0, 0, 0, 0, 0, 0, 2, '2011-12-16 15:16:50'),
	(14972, 'iFinancial', 'businessPartner', 'executeBy', 'By', 0, 0, 0, 0, 0, 0, 0, 0, 0, 2, '2011-12-16 15:16:50'),
	(14973, 'iFinancial', 'businessPartner', 'executeTime', 'Time', 0, 0, 0, 0, 0, 0, 0, 0, 0, 2, '2011-12-16 15:16:50'),
	(14974, 'iFinancial', 'businessPartnerAccounts', 'businessPartnerAccountId', 'businessPartnerAccount', 0, 0, 0, 0, 0, 0, 0, 0, 0, 2, '2011-12-16 15:16:50'),
	(14975, 'iFinancial', 'businessPartnerAccounts', 'generalLedgerChartOfAccountDimensionId', 'generalLedgerChartOfAccountDimension', 0, 0, 0, 0, 0, 0, 0, 0, 0, 2, '2011-12-16 15:16:50'),
	(14976, 'iFinancial', 'businessPartnerAccounts', 'generalLedgerChartOfAccountId', 'generalLedgerChartOfAccount', 0, 0, 0, 0, 0, 0, 0, 0, 0, 2, '2011-12-16 15:16:50'),
	(14977, 'iFinancial', 'businessPartnerAccounts', 'isDefault', 'Default', 0, 0, 0, 0, 0, 0, 0, 0, 0, 2, '2011-12-16 15:16:50'),
	(14978, 'iFinancial', 'businessPartnerAccounts', 'isNew', 'New', 0, 0, 0, 0, 0, 0, 0, 0, 0, 2, '2011-12-16 15:16:50'),
	(14979, 'iFinancial', 'businessPartnerAccounts', 'isDraft', 'Draft', 0, 0, 0, 0, 0, 0, 0, 0, 0, 2, '2011-12-16 15:16:50'),
	(14980, 'iFinancial', 'businessPartnerAccounts', 'isUpdate', 'Update', 0, 0, 0, 0, 0, 0, 0, 0, 0, 2, '2011-12-16 15:16:50'),
	(14981, 'iFinancial', 'businessPartnerAccounts', 'isDelete', 'Delete', 0, 0, 0, 0, 0, 0, 0, 0, 0, 2, '2011-12-16 15:16:50'),
	(14982, 'iFinancial', 'businessPartnerAccounts', 'isActive', 'Active', 0, 0, 0, 0, 0, 0, 0, 0, 0, 2, '2011-12-16 15:16:50'),
	(14983, 'iFinancial', 'businessPartnerAccounts', 'isApproved', 'Approved', 0, 0, 0, 0, 0, 0, 0, 0, 0, 2, '2011-12-16 15:16:50'),
	(14984, 'iFinancial', 'businessPartnerAccounts', 'isReview', 'Review', 0, 0, 0, 0, 0, 0, 0, 0, 0, 2, '2011-12-16 15:16:50'),
	(14985, 'iFinancial', 'businessPartnerAccounts', 'isPost', 'Post', 0, 0, 0, 0, 0, 0, 0, 0, 0, 2, '2011-12-16 15:16:50'),
	(14986, 'iFinancial', 'businessPartnerAccounts', 'executeBy', 'By', 0, 0, 0, 0, 0, 0, 0, 0, 0, 2, '2011-12-16 15:16:50'),
	(14987, 'iFinancial', 'businessPartnerAccounts', 'executeTime', 'Time', 0, 0, 0, 0, 0, 0, 0, 0, 0, 2, '2011-12-16 15:16:50'),
	(14988, 'iFinancial', 'businessPartnerCategory', 'businessPartnerCategoryId', 'businessPartnerCategory', 0, 0, 0, 0, 0, 0, 0, 0, 0, 2, '2011-12-16 15:16:50'),
	(14989, 'iFinancial', 'businessPartnerCategory', 'businessPartnerCategoryDesc', 'Desc', 0, 0, 0, 0, 0, 0, 0, 0, 0, 2, '2011-12-16 15:16:50'),
	(14990, 'iFinancial', 'businessPartnerCategory', 'isDefault', 'Default', 0, 0, 0, 0, 0, 0, 0, 0, 0, 2, '2011-12-16 15:16:50'),
	(14991, 'iFinancial', 'businessPartnerCategory', 'isNew', 'New', 0, 0, 0, 0, 0, 0, 0, 0, 0, 2, '2011-12-16 15:16:50'),
	(14992, 'iFinancial', 'businessPartnerCategory', 'isDraft', 'Draft', 0, 0, 0, 0, 0, 0, 0, 0, 0, 2, '2011-12-16 15:16:50'),
	(14993, 'iFinancial', 'businessPartnerCategory', 'isUpdate', 'Update', 0, 0, 0, 0, 0, 0, 0, 0, 0, 2, '2011-12-16 15:16:50'),
	(14994, 'iFinancial', 'businessPartnerCategory', 'isDelete', 'Delete', 0, 0, 0, 0, 0, 0, 0, 0, 0, 2, '2011-12-16 15:16:50'),
	(14995, 'iFinancial', 'businessPartnerCategory', 'isActive', 'Active', 0, 0, 0, 0, 0, 0, 0, 0, 0, 2, '2011-12-16 15:16:50'),
	(14996, 'iFinancial', 'businessPartnerCategory', 'isApproved', 'Approved', 0, 0, 0, 0, 0, 0, 0, 0, 0, 2, '2011-12-16 15:16:50'),
	(14997, 'iFinancial', 'businessPartnerCategory', 'isReview', 'Review', 0, 0, 0, 0, 0, 0, 0, 0, 0, 2, '2011-12-16 15:16:50'),
	(14998, 'iFinancial', 'businessPartnerCategory', 'isPost', 'Post', 0, 0, 0, 0, 0, 0, 0, 0, 0, 2, '2011-12-16 15:16:50'),
	(14999, 'iFinancial', 'businessPartnerCategory', 'executeBy', 'By', 0, 0, 0, 0, 0, 0, 0, 0, 0, 2, '2011-12-16 15:16:50'),
	(15000, 'iFinancial', 'businessPartnerCategory', 'executeTime', 'Time', 0, 0, 0, 0, 0, 0, 0, 0, 0, 2, '2011-12-16 15:16:50'),
	(15001, 'iFinancial', 'businessPartnerContact', 'businessPartnerContactId', 'businessPartnerContact', 0, 0, 0, 0, 0, 0, 0, 0, 0, 2, '2011-12-16 15:16:50'),
	(15002, 'iFinancial', 'businessPartnerContact', 'businessPartnerContactName', 'Name', 0, 0, 0, 0, 0, 0, 0, 0, 0, 2, '2011-12-16 15:16:50'),
	(15003, 'iFinancial', 'businessPartnerContact', 'businessPartnerContactTitle', 'Title', 0, 0, 0, 0, 0, 0, 0, 0, 0, 2, '2011-12-16 15:16:50'),
	(15004, 'iFinancial', 'businessPartnerContact', 'businessPartnerContactPhone', 'Phone', 0, 0, 0, 0, 0, 0, 0, 0, 0, 2, '2011-12-16 15:16:50'),
	(15005, 'iFinancial', 'businessPartnerContact', 'businessPartnerContactEmail', 'Email', 0, 0, 0, 0, 0, 0, 0, 0, 0, 2, '2011-12-16 15:16:50'),
	(15006, 'iFinancial', 'businessPartnerContact', 'isDefault', 'Default', 0, 0, 0, 0, 0, 0, 0, 0, 0, 2, '2011-12-16 15:16:50'),
	(15007, 'iFinancial', 'businessPartnerContact', 'isNew', 'New', 0, 0, 0, 0, 0, 0, 0, 0, 0, 2, '2011-12-16 15:16:50'),
	(15008, 'iFinancial', 'businessPartnerContact', 'isDraft', 'Draft', 0, 0, 0, 0, 0, 0, 0, 0, 0, 2, '2011-12-16 15:16:50'),
	(15009, 'iFinancial', 'businessPartnerContact', 'isUpdate', 'Update', 0, 0, 0, 0, 0, 0, 0, 0, 0, 2, '2011-12-16 15:16:50'),
	(15010, 'iFinancial', 'businessPartnerContact', 'isDelete', 'Delete', 0, 0, 0, 0, 0, 0, 0, 0, 0, 2, '2011-12-16 15:16:50'),
	(15011, 'iFinancial', 'businessPartnerContact', 'isActive', 'Active', 0, 0, 0, 0, 0, 0, 0, 0, 0, 2, '2011-12-16 15:16:50'),
	(15012, 'iFinancial', 'businessPartnerContact', 'isApproved', 'Approved', 0, 0, 0, 0, 0, 0, 0, 0, 0, 2, '2011-12-16 15:16:50'),
	(15013, 'iFinancial', 'businessPartnerContact', 'isReview', 'Review', 0, 0, 0, 0, 0, 0, 0, 0, 0, 2, '2011-12-16 15:16:50'),
	(15014, 'iFinancial', 'businessPartnerContact', 'isPost', 'Post', 0, 0, 0, 0, 0, 0, 0, 0, 0, 2, '2011-12-16 15:16:50'),
	(15015, 'iFinancial', 'businessPartnerContact', 'executeBy', 'By', 0, 0, 0, 0, 0, 0, 0, 0, 0, 2, '2011-12-16 15:16:50'),
	(15016, 'iFinancial', 'businessPartnerContact', 'executeTime', 'Time', 0, 0, 0, 0, 0, 0, 0, 0, 0, 2, '2011-12-16 15:16:50'),
	(15017, 'iFinancial', 'country', 'countryId', 'country', 0, 0, 0, 0, 0, 0, 0, 0, 0, 2, '2011-12-16 15:16:50'),
	(15018, 'iFinancial', 'country', 'countrySequence', 'Sequence', 0, 0, 0, 0, 0, 0, 0, 0, 0, 2, '2011-12-16 15:16:50'),
	(15019, 'iFinancial', 'country', 'countryCode', 'Code', 0, 0, 0, 0, 0, 0, 0, 0, 0, 2, '2011-12-16 15:16:50'),
	(15020, 'iFinancial', 'country', 'countryCurrencyCode', 'Currency Code', 0, 0, 0, 0, 0, 0, 0, 0, 0, 2, '2011-12-16 15:16:50'),
	(15021, 'iFinancial', 'country', 'countryCurrencyCodeDesc', 'Currency Desc', 0, 0, 0, 0, 0, 0, 0, 0, 0, 2, '2011-12-16 15:16:50'),
	(15022, 'iFinancial', 'country', 'countryDesc', 'Desc', 0, 0, 0, 0, 0, 0, 0, 0, 0, 2, '2011-12-16 15:16:50'),
	(15023, 'iFinancial', 'country', 'isDefault', 'Default', 0, 0, 0, 0, 0, 0, 0, 0, 0, 2, '2011-12-16 15:16:50'),
	(15024, 'iFinancial', 'country', 'isNew', 'New', 0, 0, 0, 0, 0, 0, 0, 0, 0, 2, '2011-12-16 15:16:50'),
	(15025, 'iFinancial', 'country', 'isDraft', 'Draft', 0, 0, 0, 0, 0, 0, 0, 0, 0, 2, '2011-12-16 15:16:50'),
	(15026, 'iFinancial', 'country', 'isUpdate', 'Update', 0, 0, 0, 0, 0, 0, 0, 0, 0, 2, '2011-12-16 15:16:50'),
	(15027, 'iFinancial', 'country', 'isDelete', 'Delete', 0, 0, 0, 0, 0, 0, 0, 0, 0, 2, '2011-12-16 15:16:50'),
	(15028, 'iFinancial', 'country', 'isActive', 'Active', 0, 0, 0, 0, 0, 0, 0, 0, 0, 2, '2011-12-16 15:16:50'),
	(15029, 'iFinancial', 'country', 'isApproved', 'Approved', 0, 0, 0, 0, 0, 0, 0, 0, 0, 2, '2011-12-16 15:16:50'),
	(15030, 'iFinancial', 'country', 'isReview', 'Review', 0, 0, 0, 0, 0, 0, 0, 0, 0, 2, '2011-12-16 15:16:50'),
	(15031, 'iFinancial', 'country', 'isPost', 'Post', 0, 0, 0, 0, 0, 0, 0, 0, 0, 2, '2011-12-16 15:16:50'),
	(15032, 'iFinancial', 'country', 'executeBy', 'By', 0, 0, 0, 0, 0, 0, 0, 0, 0, 2, '2011-12-16 15:16:50'),
	(15033, 'iFinancial', 'country', 'executeTime', 'Time', 0, 0, 0, 0, 0, 0, 0, 0, 0, 2, '2011-12-16 15:16:50'),
	(15034, 'iFinancial', 'depositDetailLedger', 'depositLedgerDetailId', 'depositLedgerDetail', 0, 0, 0, 0, 0, 0, 0, 0, 0, 2, '2011-12-16 15:16:50'),
	(15035, 'iFinancial', 'depositDetailLedger', 'depositLedgerId', 'depositLedger', 0, 0, 0, 0, 0, 0, 0, 0, 0, 2, '2011-12-16 15:16:50'),
	(15036, 'iFinancial', 'depositDetailLedger', 'generalLedgerChartOfAccountId', 'generalLedgerChartOfAccount', 0, 0, 0, 0, 0, 0, 0, 0, 0, 2, '2011-12-16 15:16:50'),
	(15037, 'iFinancial', 'depositDetailLedger', 'countryId', 'country', 0, 0, 0, 0, 0, 0, 0, 0, 0, 2, '2011-12-16 15:16:50'),
	(15038, 'iFinancial', 'depositDetailLedger', 'transactionMode', 'Transaction Mode', 0, 0, 0, 0, 0, 0, 0, 0, 0, 2, '2011-12-16 15:16:50'),
	(15039, 'iFinancial', 'depositDetailLedger', 'depositLedgerDetailAmount', 'Deposit Ledger Detail   Amount', 0, 0, 0, 0, 0, 0, 0, 0, 0, 2, '2011-12-16 15:16:50'),
	(15040, 'iFinancial', 'depositDetailLedger', 'isDefault', 'Default', 0, 0, 0, 0, 0, 0, 0, 0, 0, 2, '2011-12-16 15:16:50'),
	(15041, 'iFinancial', 'depositDetailLedger', 'isNew', 'New', 0, 0, 0, 0, 0, 0, 0, 0, 0, 2, '2011-12-16 15:16:50'),
	(15042, 'iFinancial', 'depositDetailLedger', 'isDraft', 'Draft', 0, 0, 0, 0, 0, 0, 0, 0, 0, 2, '2011-12-16 15:16:50'),
	(15043, 'iFinancial', 'depositDetailLedger', 'isUpdate', 'Update', 0, 0, 0, 0, 0, 0, 0, 0, 0, 2, '2011-12-16 15:16:50'),
	(15044, 'iFinancial', 'depositDetailLedger', 'isDelete', 'Delete', 0, 0, 0, 0, 0, 0, 0, 0, 0, 2, '2011-12-16 15:16:50'),
	(15045, 'iFinancial', 'depositDetailLedger', 'isActive', 'Active', 0, 0, 0, 0, 0, 0, 0, 0, 0, 2, '2011-12-16 15:16:50'),
	(15046, 'iFinancial', 'depositDetailLedger', 'isApproved', 'Approved', 0, 0, 0, 0, 0, 0, 0, 0, 0, 2, '2011-12-16 15:16:50'),
	(15047, 'iFinancial', 'depositDetailLedger', 'isReview', 'Review', 0, 0, 0, 0, 0, 0, 0, 0, 0, 2, '2011-12-16 15:16:50'),
	(15048, 'iFinancial', 'depositDetailLedger', 'isPost', 'Post', 0, 0, 0, 0, 0, 0, 0, 0, 0, 2, '2011-12-16 15:16:50'),
	(15049, 'iFinancial', 'depositDetailLedger', 'executeBy', 'By', 0, 0, 0, 0, 0, 0, 0, 0, 0, 2, '2011-12-16 15:16:50'),
	(15050, 'iFinancial', 'depositDetailLedger', 'executeTime', 'Time', 0, 0, 0, 0, 0, 0, 0, 0, 0, 2, '2011-12-16 15:16:50'),
	(15051, 'iFinancial', 'depositLedger', 'depositLedgerId', 'depositLedger', 0, 0, 0, 0, 0, 0, 0, 0, 0, 2, '2011-12-16 15:16:50'),
	(15052, 'iFinancial', 'depositLedger', 'depositTypeId', 'depositType', 0, 0, 0, 0, 0, 0, 0, 0, 0, 2, '2011-12-16 15:16:50'),
	(15053, 'iFinancial', 'depositLedger', 'documentNo', 'Document No', 0, 0, 0, 0, 0, 0, 0, 0, 0, 2, '2011-12-16 15:16:50'),
	(15054, 'iFinancial', 'depositLedger', 'referenceNo', 'Reference No', 0, 0, 0, 0, 0, 0, 0, 0, 0, 2, '2011-12-16 15:16:50'),
	(15055, 'iFinancial', 'depositLedger', 'depositLedgerTitle', 'Title', 0, 0, 0, 0, 0, 0, 0, 0, 0, 2, '2011-12-16 15:16:50'),
	(15056, 'iFinancial', 'depositLedger', 'depositLedgerDesc', 'Desc', 0, 0, 0, 0, 0, 0, 0, 0, 0, 2, '2011-12-16 15:16:50'),
	(15057, 'iFinancial', 'depositLedger', 'depositLedgerAmount', 'Amount', 0, 0, 0, 0, 0, 0, 0, 0, 0, 2, '2011-12-16 15:16:50'),
	(15058, 'iFinancial', 'depositLedger', 'depositLedgerDate', 'Date', 0, 0, 0, 0, 0, 0, 0, 0, 0, 2, '2011-12-16 15:16:50'),
	(15059, 'iFinancial', 'depositLedger', 'businessPartnerId', 'businessPartner', 0, 0, 0, 0, 0, 0, 0, 0, 0, 2, '2011-12-16 15:16:50'),
	(15060, 'iFinancial', 'depositLedger', 'isDefault', 'Default', 0, 0, 0, 0, 0, 0, 0, 0, 0, 2, '2011-12-16 15:16:50'),
	(15061, 'iFinancial', 'depositLedger', 'isNew', 'New', 0, 0, 0, 0, 0, 0, 0, 0, 0, 2, '2011-12-16 15:16:50'),
	(15062, 'iFinancial', 'depositLedger', 'isDraft', 'Draft', 0, 0, 0, 0, 0, 0, 0, 0, 0, 2, '2011-12-16 15:16:50'),
	(15063, 'iFinancial', 'depositLedger', 'isUpdate', 'Update', 0, 0, 0, 0, 0, 0, 0, 0, 0, 2, '2011-12-16 15:16:50'),
	(15064, 'iFinancial', 'depositLedger', 'isDelete', 'Delete', 0, 0, 0, 0, 0, 0, 0, 0, 0, 2, '2011-12-16 15:16:50'),
	(15065, 'iFinancial', 'depositLedger', 'isActive', 'Active', 0, 0, 0, 0, 0, 0, 0, 0, 0, 2, '2011-12-16 15:16:50'),
	(15066, 'iFinancial', 'depositLedger', 'isApproved', 'Approved', 0, 0, 0, 0, 0, 0, 0, 0, 0, 2, '2011-12-16 15:16:50'),
	(15067, 'iFinancial', 'depositLedger', 'isReview', 'Review', 0, 0, 0, 0, 0, 0, 0, 0, 0, 2, '2011-12-16 15:16:50'),
	(15068, 'iFinancial', 'depositLedger', 'isPost', 'Post', 0, 0, 0, 0, 0, 0, 0, 0, 0, 2, '2011-12-16 15:16:50'),
	(15069, 'iFinancial', 'depositLedger', 'isReconciled', 'Is Reconciled', 0, 0, 0, 0, 0, 0, 0, 0, 0, 2, '2011-12-16 15:16:50'),
	(15070, 'iFinancial', 'depositLedger', 'executeBy', 'By', 0, 0, 0, 0, 0, 0, 0, 0, 0, 2, '2011-12-16 15:16:50'),
	(15071, 'iFinancial', 'depositLedger', 'executeTime', 'Time', 0, 0, 0, 0, 0, 0, 0, 0, 0, 2, '2011-12-16 15:16:50'),
	(15072, 'iFinancial', 'depositType', 'depositTypeId', 'depositType', 0, 0, 0, 0, 0, 0, 0, 0, 0, 2, '2011-12-16 15:16:50'),
	(15073, 'iFinancial', 'depositType', 'depositTypeSequence', 'Sequence', 0, 0, 0, 0, 0, 0, 0, 0, 0, 2, '2011-12-16 15:16:50'),
	(15074, 'iFinancial', 'depositType', 'depositTypeCode', 'Code', 0, 0, 0, 0, 0, 0, 0, 0, 0, 2, '2011-12-16 15:16:50'),
	(15075, 'iFinancial', 'depositType', 'depositTypeDesc', 'Desc', 0, 0, 0, 0, 0, 0, 0, 0, 0, 2, '2011-12-16 15:16:50'),
	(15076, 'iFinancial', 'depositType', 'isDefault', 'Default', 0, 0, 0, 0, 0, 0, 0, 0, 0, 2, '2011-12-16 15:16:50'),
	(15077, 'iFinancial', 'depositType', 'isNew', 'New', 0, 0, 0, 0, 0, 0, 0, 0, 0, 2, '2011-12-16 15:16:50'),
	(15078, 'iFinancial', 'depositType', 'isDraft', 'Draft', 0, 0, 0, 0, 0, 0, 0, 0, 0, 2, '2011-12-16 15:16:50'),
	(15079, 'iFinancial', 'depositType', 'isUpdate', 'Update', 0, 0, 0, 0, 0, 0, 0, 0, 0, 2, '2011-12-16 15:16:50'),
	(15080, 'iFinancial', 'depositType', 'isDelete', 'Delete', 0, 0, 0, 0, 0, 0, 0, 0, 0, 2, '2011-12-16 15:16:50'),
	(15081, 'iFinancial', 'depositType', 'isActive', 'Active', 0, 0, 0, 0, 0, 0, 0, 0, 0, 2, '2011-12-16 15:16:50'),
	(15082, 'iFinancial', 'depositType', 'isApproved', 'Approved', 0, 0, 0, 0, 0, 0, 0, 0, 0, 2, '2011-12-16 15:16:50'),
	(15083, 'iFinancial', 'depositType', 'isReview', 'Review', 0, 0, 0, 0, 0, 0, 0, 0, 0, 2, '2011-12-16 15:16:50'),
	(15084, 'iFinancial', 'depositType', 'isPost', 'Post', 0, 0, 0, 0, 0, 0, 0, 0, 0, 2, '2011-12-16 15:16:50'),
	(15085, 'iFinancial', 'depositType', 'executeBy', 'By', 0, 0, 0, 0, 0, 0, 0, 0, 0, 2, '2011-12-16 15:16:50'),
	(15086, 'iFinancial', 'depositType', 'executeTime', 'Time', 0, 0, 0, 0, 0, 0, 0, 0, 0, 2, '2011-12-16 15:16:50'),
	(15087, 'iFinancial', 'dividen', 'dividenId', 'dividen', 0, 0, 0, 0, 0, 0, 0, 0, 0, 2, '2011-12-16 15:16:50'),
	(15088, 'iFinancial', 'dividen', 'generalLedgerChartOfAccountDimensionId', 'generalLedgerChartOfAccountDimension', 0, 0, 0, 0, 0, 0, 0, 0, 0, 2, '2011-12-16 15:16:50'),
	(15089, 'iFinancial', 'dividen', 'generalLedgerChartOfAccountId', 'generalLedgerChartOfAccount', 0, 0, 0, 0, 0, 0, 0, 0, 0, 2, '2011-12-16 15:16:50'),
	(15090, 'iFinancial', 'dividen', 'dividenRate', 'Rate', 0, 0, 0, 0, 0, 0, 0, 0, 0, 2, '2011-12-16 15:16:50'),
	(15091, 'iFinancial', 'dividen', 'dividenStartTransaction', 'Start Transaction', 0, 0, 0, 0, 0, 0, 0, 0, 0, 2, '2011-12-16 15:16:50'),
	(15092, 'iFinancial', 'dividen', 'dividenEndTransaction', 'End Transaction', 0, 0, 0, 0, 0, 0, 0, 0, 0, 2, '2011-12-16 15:16:50'),
	(15093, 'iFinancial', 'dividen', 'isDefault', 'Default', 0, 0, 0, 0, 0, 0, 0, 0, 0, 2, '2011-12-16 15:16:50'),
	(15094, 'iFinancial', 'dividen', 'isNew', 'New', 0, 0, 0, 0, 0, 0, 0, 0, 0, 2, '2011-12-16 15:16:50'),
	(15095, 'iFinancial', 'dividen', 'isDraft', 'Draft', 0, 0, 0, 0, 0, 0, 0, 0, 0, 2, '2011-12-16 15:16:50'),
	(15096, 'iFinancial', 'dividen', 'isUpdate', 'Update', 0, 0, 0, 0, 0, 0, 0, 0, 0, 2, '2011-12-16 15:16:50'),
	(15097, 'iFinancial', 'dividen', 'isDelete', 'Delete', 0, 0, 0, 0, 0, 0, 0, 0, 0, 2, '2011-12-16 15:16:50'),
	(15098, 'iFinancial', 'dividen', 'isActive', 'Active', 0, 0, 0, 0, 0, 0, 0, 0, 0, 2, '2011-12-16 15:16:50'),
	(15099, 'iFinancial', 'dividen', 'isApproved', 'Approved', 0, 0, 0, 0, 0, 0, 0, 0, 0, 2, '2011-12-16 15:16:50'),
	(15100, 'iFinancial', 'dividen', 'isReview', 'Review', 0, 0, 0, 0, 0, 0, 0, 0, 0, 2, '2011-12-16 15:16:50'),
	(15101, 'iFinancial', 'dividen', 'isPost', 'Post', 0, 0, 0, 0, 0, 0, 0, 0, 0, 2, '2011-12-16 15:16:50'),
	(15102, 'iFinancial', 'dividen', 'executeBy', 'By', 0, 0, 0, 0, 0, 0, 0, 0, 0, 2, '2011-12-16 15:16:50'),
	(15103, 'iFinancial', 'dividen', 'executeTime', 'Time', 0, 0, 0, 0, 0, 0, 0, 0, 0, 2, '2011-12-16 15:16:50'),
	(15104, 'iFinancial', 'financialDuration', 'financialDurationId', 'financialDuration', 0, 0, 0, 0, 0, 0, 0, 0, 0, 2, '2011-12-16 15:16:50'),
	(15105, 'iFinancial', 'financialDuration', 'financialDurationYear', 'Year', 0, 0, 0, 0, 0, 0, 0, 0, 0, 2, '2011-12-16 15:16:50'),
	(15106, 'iFinancial', 'financialDuration', 'financialDurationYearClose', 'Year Close', 0, 0, 0, 0, 0, 0, 0, 0, 0, 2, '2011-12-16 15:16:50'),
	(15107, 'iFinancial', 'financialDuration', 'financialDurationYearPeriodFirst', 'Year First', 0, 0, 0, 0, 0, 0, 0, 0, 0, 2, '2011-12-16 15:16:50'),
	(15108, 'iFinancial', 'financialDuration', 'financialDurationYearPeriodFirstClose', 'Year Period First   Close', 0, 0, 0, 0, 0, 0, 0, 0, 0, 2, '2011-12-16 15:16:50'),
	(15109, 'iFinancial', 'financialDuration', 'financialDurationYearPeriodSecond', 'Year Second', 0, 0, 0, 0, 0, 0, 0, 0, 0, 2, '2011-12-16 15:16:50'),
	(15110, 'iFinancial', 'financialDuration', 'financialDurationYearPeriodSecondClose', 'Year Period Second   Close', 0, 0, 0, 0, 0, 0, 0, 0, 0, 2, '2011-12-16 15:16:50'),
	(15111, 'iFinancial', 'financialDuration', 'financialDurationYearPeriodThird', 'Year Third', 0, 0, 0, 0, 0, 0, 0, 0, 0, 2, '2011-12-16 15:16:50'),
	(15112, 'iFinancial', 'financialDuration', 'financialDurationYearPeriodThirdClose', 'Year Period Third   Close', 0, 0, 0, 0, 0, 0, 0, 0, 0, 2, '2011-12-16 15:16:50'),
	(15113, 'iFinancial', 'financialDuration', 'financialDurationYearPeriodFourth', 'Year Fourth', 0, 0, 0, 0, 0, 0, 0, 0, 0, 2, '2011-12-16 15:16:50'),
	(15114, 'iFinancial', 'financialDuration', 'financialDurationYearPeriodFourthClose', 'Year Period Fourth   Close', 0, 0, 0, 0, 0, 0, 0, 0, 0, 2, '2011-12-16 15:16:50'),
	(15115, 'iFinancial', 'financialDuration', 'financialDurationYearPeriodFifth', 'Year Fifth', 0, 0, 0, 0, 0, 0, 0, 0, 0, 2, '2011-12-16 15:16:50'),
	(15116, 'iFinancial', 'financialDuration', 'financialDurationYearPeriodFifthClose', 'Year Period Fifth   Close', 0, 0, 0, 0, 0, 0, 0, 0, 0, 2, '2011-12-16 15:16:50'),
	(15117, 'iFinancial', 'financialDuration', 'financialDurationYearPeriodSix', 'Year Six', 0, 0, 0, 0, 0, 0, 0, 0, 0, 2, '2011-12-16 15:16:50'),
	(15118, 'iFinancial', 'financialDuration', 'financialDurationYearPeriodSixClose', 'Year Period Six   Close', 0, 0, 0, 0, 0, 0, 0, 0, 0, 2, '2011-12-16 15:16:50'),
	(15119, 'iFinancial', 'financialDuration', 'financialDurationYearPeriodSeven', 'Year Seven', 0, 0, 0, 0, 0, 0, 0, 0, 0, 2, '2011-12-16 15:16:50'),
	(15120, 'iFinancial', 'financialDuration', 'financialDurationYearPeriodSevenClose', 'Year Period Seven   Close', 0, 0, 0, 0, 0, 0, 0, 0, 0, 2, '2011-12-16 15:16:50'),
	(15121, 'iFinancial', 'financialDuration', 'financialDurationYearPeriodEigth', 'Year Eigth', 0, 0, 0, 0, 0, 0, 0, 0, 0, 2, '2011-12-16 15:16:50'),
	(15122, 'iFinancial', 'financialDuration', 'financialDurationYearPeriodEigthClose', 'Year Period Eigth   Close', 0, 0, 0, 0, 0, 0, 0, 0, 0, 2, '2011-12-16 15:16:50'),
	(15123, 'iFinancial', 'financialDuration', 'financialDurationYearPeriodNine', 'Year Nine', 0, 0, 0, 0, 0, 0, 0, 0, 0, 2, '2011-12-16 15:16:50'),
	(15124, 'iFinancial', 'financialDuration', 'financialDurationYearPeriodNineClose', 'Year Period Nine   Close', 0, 0, 0, 0, 0, 0, 0, 0, 0, 2, '2011-12-16 15:16:50'),
	(15125, 'iFinancial', 'financialDuration', 'financialDurationYearPeriodTen', 'Year Ten', 0, 0, 0, 0, 0, 0, 0, 0, 0, 2, '2011-12-16 15:16:50'),
	(15126, 'iFinancial', 'financialDuration', 'financialDurationYearPeriodTenClose', 'Year Period Ten   Close', 0, 0, 0, 0, 0, 0, 0, 0, 0, 2, '2011-12-16 15:16:50'),
	(15127, 'iFinancial', 'financialDuration', 'financialDurationYearPeriodEleven', 'Year Eleven', 0, 0, 0, 0, 0, 0, 0, 0, 0, 2, '2011-12-16 15:16:50'),
	(15128, 'iFinancial', 'financialDuration', 'financialDurationYearPeriodElevenClose', 'Year Period Eleven   Close', 0, 0, 0, 0, 0, 0, 0, 0, 0, 2, '2011-12-16 15:16:50'),
	(15129, 'iFinancial', 'financialDuration', 'financialDurationYearPeriodTwelve', 'Year Twelve', 0, 0, 0, 0, 0, 0, 0, 0, 0, 2, '2011-12-16 15:16:50'),
	(15130, 'iFinancial', 'financialDuration', 'financialDurationYearPeriodTwelveClose', 'Year Period Twelve   Close', 0, 0, 0, 0, 0, 0, 0, 0, 0, 2, '2011-12-16 15:16:50'),
	(15131, 'iFinancial', 'financialDuration', 'isDefault', 'Default', 0, 0, 0, 0, 0, 0, 0, 0, 0, 2, '2011-12-16 15:16:50'),
	(15132, 'iFinancial', 'financialDuration', 'isNew', 'New', 0, 0, 0, 0, 0, 0, 0, 0, 0, 2, '2011-12-16 15:16:50'),
	(15133, 'iFinancial', 'financialDuration', 'isDraft', 'Draft', 0, 0, 0, 0, 0, 0, 0, 0, 0, 2, '2011-12-16 15:16:50'),
	(15134, 'iFinancial', 'financialDuration', 'isUpdate', 'Update', 0, 0, 0, 0, 0, 0, 0, 0, 0, 2, '2011-12-16 15:16:50'),
	(15135, 'iFinancial', 'financialDuration', 'isDelete', 'Delete', 0, 0, 0, 0, 0, 0, 0, 0, 0, 2, '2011-12-16 15:16:50'),
	(15136, 'iFinancial', 'financialDuration', 'isActive', 'Active', 0, 0, 0, 0, 0, 0, 0, 0, 0, 2, '2011-12-16 15:16:50'),
	(15137, 'iFinancial', 'financialDuration', 'isApproved', 'Approved', 0, 0, 0, 0, 0, 0, 0, 0, 0, 2, '2011-12-16 15:16:50'),
	(15138, 'iFinancial', 'financialDuration', 'isReview', 'Review', 0, 0, 0, 0, 0, 0, 0, 0, 0, 2, '2011-12-16 15:16:50'),
	(15139, 'iFinancial', 'financialDuration', 'isPost', 'Post', 0, 0, 0, 0, 0, 0, 0, 0, 0, 2, '2011-12-16 15:16:50'),
	(15140, 'iFinancial', 'financialDuration', 'executeBy', 'By', 0, 0, 0, 0, 0, 0, 0, 0, 0, 2, '2011-12-16 15:16:50'),
	(15141, 'iFinancial', 'financialDuration', 'executeTime', 'Time', 0, 0, 0, 0, 0, 0, 0, 0, 0, 2, '2011-12-16 15:16:50'),
	(15142, 'iFinancial', 'generalLedger', 'generalLedgerId', 'generalLedger', 0, 0, 0, 0, 0, 0, 0, 0, 0, 2, '2011-12-16 15:16:50'),
	(15143, 'iFinancial', 'generalLedger', 'documentNo', 'Document No', 0, 0, 0, 0, 0, 0, 0, 0, 0, 2, '2011-12-16 15:16:50'),
	(15144, 'iFinancial', 'generalLedger', 'generalLedgerTitle', 'Title', 0, 0, 0, 0, 0, 0, 0, 0, 0, 2, '2011-12-16 15:16:50'),
	(15145, 'iFinancial', 'generalLedger', 'generalLedgerDesc', 'Desc', 0, 0, 0, 0, 0, 0, 0, 0, 0, 2, '2011-12-16 15:16:50'),
	(15146, 'iFinancial', 'generalLedger', 'generalLedgerDate', 'Date', 0, 0, 0, 0, 0, 0, 0, 0, 0, 2, '2011-12-16 15:16:50'),
	(15147, 'iFinancial', 'generalLedger', 'countryId', 'country', 0, 0, 0, 0, 0, 0, 0, 0, 0, 2, '2011-12-16 15:16:50'),
	(15148, 'iFinancial', 'generalLedger', 'countryCurrencyCode', 'Country Code', 0, 0, 0, 0, 0, 0, 0, 0, 0, 2, '2011-12-16 15:16:50'),
	(15149, 'iFinancial', 'generalLedger', 'transactionMode', 'Transaction Mode', 0, 0, 0, 0, 0, 0, 0, 0, 0, 2, '2011-12-16 15:16:50'),
	(15150, 'iFinancial', 'generalLedger', 'generalLedgerForeignAmount', 'Foreign Amount', 0, 0, 0, 0, 0, 0, 0, 0, 0, 2, '2011-12-16 15:16:50'),
	(15151, 'iFinancial', 'generalLedger', 'generalLedgerLocalAmount', 'Local Amount', 0, 0, 0, 0, 0, 0, 0, 0, 0, 2, '2011-12-16 15:16:50'),
	(15152, 'iFinancial', 'generalLedger', 'generalLedgerChartOfAccountCategoryId', 'generalLedgerChartOfAccountCategory', 0, 0, 0, 0, 0, 0, 0, 0, 0, 2, '2011-12-16 15:16:50'),
	(15153, 'iFinancial', 'generalLedger', 'generalLedgerChartOfAccountCategoryDesc', 'Chart Of Account Category   Desc', 0, 0, 0, 0, 0, 0, 0, 0, 0, 2, '2011-12-16 15:16:50'),
	(15154, 'iFinancial', 'generalLedger', 'generalLedgerChartOfAccountTypeId', 'generalLedgerChartOfAccountType', 0, 0, 0, 0, 0, 0, 0, 0, 0, 2, '2011-12-16 15:16:50'),
	(15155, 'iFinancial', 'generalLedger', 'generalLedgerChartOfAccountTypeDesc', 'Chart Of Account Type   Desc', 0, 0, 0, 0, 0, 0, 0, 0, 0, 2, '2011-12-16 15:16:50'),
	(15156, 'iFinancial', 'generalLedger', 'generalLedgerChartOfAccountId', 'generalLedgerChartOfAccount', 0, 0, 0, 0, 0, 0, 0, 0, 0, 2, '2011-12-16 15:16:50'),
	(15157, 'iFinancial', 'generalLedger', 'generalLedgerChartOfAccountNo', 'Chart Of Account   No', 0, 0, 0, 0, 0, 0, 0, 0, 0, 2, '2011-12-16 15:16:50'),
	(15158, 'iFinancial', 'generalLedger', 'generalLedgerChartOfAccountDesc', 'Chart Of Account   Desc', 0, 0, 0, 0, 0, 0, 0, 0, 0, 2, '2011-12-16 15:16:50'),
	(15159, 'iFinancial', 'generalLedger', 'businessPartnerId', 'businessPartner', 0, 0, 0, 0, 0, 0, 0, 0, 0, 2, '2011-12-16 15:16:50'),
	(15160, 'iFinancial', 'generalLedger', 'businessPartnerDesc', 'Business Desc', 0, 0, 0, 0, 0, 0, 0, 0, 0, 2, '2011-12-16 15:16:50'),
	(15161, 'iFinancial', 'generalLedger', 'isDefault', 'Default', 0, 0, 0, 0, 0, 0, 0, 0, 0, 2, '2011-12-16 15:16:50'),
	(15162, 'iFinancial', 'generalLedger', 'isNew', 'New', 0, 0, 0, 0, 0, 0, 0, 0, 0, 2, '2011-12-16 15:16:50'),
	(15163, 'iFinancial', 'generalLedger', 'isDraft', 'Draft', 0, 0, 0, 0, 0, 0, 0, 0, 0, 2, '2011-12-16 15:16:50'),
	(15164, 'iFinancial', 'generalLedger', 'isUpdate', 'Update', 0, 0, 0, 0, 0, 0, 0, 0, 0, 2, '2011-12-16 15:16:50'),
	(15165, 'iFinancial', 'generalLedger', 'isDelete', 'Delete', 0, 0, 0, 0, 0, 0, 0, 0, 0, 2, '2011-12-16 15:16:50'),
	(15166, 'iFinancial', 'generalLedger', 'isActive', 'Active', 0, 0, 0, 0, 0, 0, 0, 0, 0, 2, '2011-12-16 15:16:50'),
	(15167, 'iFinancial', 'generalLedger', 'isApproved', 'Approved', 0, 0, 0, 0, 0, 0, 0, 0, 0, 2, '2011-12-16 15:16:50'),
	(15168, 'iFinancial', 'generalLedger', 'isReview', 'Review', 0, 0, 0, 0, 0, 0, 0, 0, 0, 2, '2011-12-16 15:16:50'),
	(15169, 'iFinancial', 'generalLedger', 'isPost', 'Post', 0, 0, 0, 0, 0, 0, 0, 0, 0, 2, '2011-12-16 15:16:50'),
	(15170, 'iFinancial', 'generalLedger', 'isAuthorized', 'Is Authorized', 0, 0, 0, 0, 0, 0, 0, 0, 0, 2, '2011-12-16 15:16:50'),
	(15171, 'iFinancial', 'generalLedger', 'executeBy', 'By', 0, 0, 0, 0, 0, 0, 0, 0, 0, 2, '2011-12-16 15:16:50'),
	(15172, 'iFinancial', 'generalLedger', 'executeTime', 'Time', 0, 0, 0, 0, 0, 0, 0, 0, 0, 2, '2011-12-16 15:16:50'),
	(15173, 'iFinancial', 'generalLedgerBudget', 'generalLedgerBudgetId', 'generalLedgerBudget', 0, 0, 0, 0, 0, 0, 0, 0, 0, 2, '2011-12-16 15:16:50'),
	(15174, 'iFinancial', 'generalLedgerBudget', 'generalLedgerChartOfAccountId', 'generalLedgerChartOfAccount', 0, 0, 0, 0, 0, 0, 0, 0, 0, 2, '2011-12-16 15:16:50'),
	(15175, 'iFinancial', 'generalLedgerBudget', 'generalLedgerBudgetMonth', 'Month', 0, 0, 0, 0, 0, 0, 0, 0, 0, 2, '2011-12-16 15:16:50'),
	(15176, 'iFinancial', 'generalLedgerBudget', 'generalLedgerBudgetYear', 'Year', 0, 0, 0, 0, 0, 0, 0, 0, 0, 2, '2011-12-16 15:16:50'),
	(15177, 'iFinancial', 'generalLedgerBudget', 'generalLedgerBudgetAmount', 'Amount', 0, 0, 0, 0, 0, 0, 0, 0, 0, 2, '2011-12-16 15:16:50'),
	(15178, 'iFinancial', 'generalLedgerBudget', 'generalLedgerBudgetDesc', 'Desc', 0, 0, 0, 0, 0, 0, 0, 0, 0, 2, '2011-12-16 15:16:50'),
	(15179, 'iFinancial', 'generalLedgerBudget', 'isDefault', 'Default', 0, 0, 0, 0, 0, 0, 0, 0, 0, 2, '2011-12-16 15:16:50'),
	(15180, 'iFinancial', 'generalLedgerBudget', 'isNew', 'New', 0, 0, 0, 0, 0, 0, 0, 0, 0, 2, '2011-12-16 15:16:50'),
	(15181, 'iFinancial', 'generalLedgerBudget', 'isDraft', 'Draft', 0, 0, 0, 0, 0, 0, 0, 0, 0, 2, '2011-12-16 15:16:50'),
	(15182, 'iFinancial', 'generalLedgerBudget', 'isUpdate', 'Update', 0, 0, 0, 0, 0, 0, 0, 0, 0, 2, '2011-12-16 15:16:50'),
	(15183, 'iFinancial', 'generalLedgerBudget', 'isDelete', 'Delete', 0, 0, 0, 0, 0, 0, 0, 0, 0, 2, '2011-12-16 15:16:50'),
	(15184, 'iFinancial', 'generalLedgerBudget', 'isActive', 'Active', 0, 0, 0, 0, 0, 0, 0, 0, 0, 2, '2011-12-16 15:16:50'),
	(15185, 'iFinancial', 'generalLedgerBudget', 'isApproved', 'Approved', 0, 0, 0, 0, 0, 0, 0, 0, 0, 2, '2011-12-16 15:16:50'),
	(15186, 'iFinancial', 'generalLedgerBudget', 'isReview', 'Review', 0, 0, 0, 0, 0, 0, 0, 0, 0, 2, '2011-12-16 15:16:50'),
	(15187, 'iFinancial', 'generalLedgerBudget', 'isPost', 'Post', 0, 0, 0, 0, 0, 0, 0, 0, 0, 2, '2011-12-16 15:16:50'),
	(15188, 'iFinancial', 'generalLedgerBudget', 'executeBy', 'By', 0, 0, 0, 0, 0, 0, 0, 0, 0, 2, '2011-12-16 15:16:50'),
	(15189, 'iFinancial', 'generalLedgerBudget', 'executeTime', 'Time', 0, 0, 0, 0, 0, 0, 0, 0, 0, 2, '2011-12-16 15:16:50'),
	(15190, 'iFinancial', 'generalLedgerBudgetType', 'generalLedgerBudgetTypeId', 'generalLedgerBudgetType', 0, 0, 0, 0, 0, 0, 0, 0, 0, 2, '2011-12-16 15:16:50'),
	(15191, 'iFinancial', 'generalLedgerBudgetType', 'generalLedgerBudgetTypeSequence', 'Sequence', 0, 0, 0, 0, 0, 0, 0, 0, 0, 2, '2011-12-16 15:16:50'),
	(15192, 'iFinancial', 'generalLedgerBudgetType', 'generalLedgerBudgetTypeCode', 'Code', 0, 0, 0, 0, 0, 0, 0, 0, 0, 2, '2011-12-16 15:16:50'),
	(15193, 'iFinancial', 'generalLedgerBudgetType', 'generalLedgerBudgetTypeDesc', 'Desc', 0, 0, 0, 0, 0, 0, 0, 0, 0, 2, '2011-12-16 15:16:50'),
	(15194, 'iFinancial', 'generalLedgerBudgetType', 'isDefault', 'Default', 0, 0, 0, 0, 0, 0, 0, 0, 0, 2, '2011-12-16 15:16:50'),
	(15195, 'iFinancial', 'generalLedgerBudgetType', 'isNew', 'New', 0, 0, 0, 0, 0, 0, 0, 0, 0, 2, '2011-12-16 15:16:50'),
	(15196, 'iFinancial', 'generalLedgerBudgetType', 'isDraft', 'Draft', 0, 0, 0, 0, 0, 0, 0, 0, 0, 2, '2011-12-16 15:16:50'),
	(15197, 'iFinancial', 'generalLedgerBudgetType', 'isUpdate', 'Update', 0, 0, 0, 0, 0, 0, 0, 0, 0, 2, '2011-12-16 15:16:50'),
	(15198, 'iFinancial', 'generalLedgerBudgetType', 'isDelete', 'Delete', 0, 0, 0, 0, 0, 0, 0, 0, 0, 2, '2011-12-16 15:16:50'),
	(15199, 'iFinancial', 'generalLedgerBudgetType', 'isActive', 'Active', 0, 0, 0, 0, 0, 0, 0, 0, 0, 2, '2011-12-16 15:16:50'),
	(15200, 'iFinancial', 'generalLedgerBudgetType', 'isApproved', 'Approved', 0, 0, 0, 0, 0, 0, 0, 0, 0, 2, '2011-12-16 15:16:50'),
	(15201, 'iFinancial', 'generalLedgerBudgetType', 'isReview', 'Review', 0, 0, 0, 0, 0, 0, 0, 0, 0, 2, '2011-12-16 15:16:50'),
	(15202, 'iFinancial', 'generalLedgerBudgetType', 'isPost', 'Post', 0, 0, 0, 0, 0, 0, 0, 0, 0, 2, '2011-12-16 15:16:50'),
	(15203, 'iFinancial', 'generalLedgerBudgetType', 'executeBy', 'By', 0, 0, 0, 0, 0, 0, 0, 0, 0, 2, '2011-12-16 15:16:50'),
	(15204, 'iFinancial', 'generalLedgerBudgetType', 'executeTime', 'Time', 0, 0, 0, 0, 0, 0, 0, 0, 0, 2, '2011-12-16 15:16:50'),
	(15205, 'iFinancial', 'generalLedgerChartOfAccount', 'generalLedgerChartOfAccountId', 'generalLedgerChartOfAccount', 0, 0, 0, 0, 0, 0, 0, 0, 0, 2, '2011-12-16 15:16:50'),
	(15206, 'iFinancial', 'generalLedgerChartOfAccount', 'generalLedgerChartOfAccountTitle', 'Title', 0, 0, 0, 0, 0, 0, 0, 0, 0, 2, '2011-12-16 15:16:50'),
	(15207, 'iFinancial', 'generalLedgerChartOfAccount', 'generalLedgerChartOfAccountDesc', 'Desc', 0, 0, 0, 0, 0, 0, 0, 0, 0, 2, '2011-12-16 15:16:50'),
	(15208, 'iFinancial', 'generalLedgerChartOfAccount', 'generalLedgerChartOfAccountNo', 'No', 0, 0, 0, 0, 0, 0, 0, 0, 0, 2, '2011-12-16 15:16:50'),
	(15209, 'iFinancial', 'generalLedgerChartOfAccount', 'generalLedgerChartOfAccountCategoryId', 'generalLedgerChartOfAccountCategory', 0, 0, 0, 0, 0, 0, 0, 0, 0, 2, '2011-12-16 15:16:50'),
	(15210, 'iFinancial', 'generalLedgerChartOfAccount', 'generalLedgerChartOfAccountTypeId', 'generalLedgerChartOfAccountType', 0, 0, 0, 0, 0, 0, 0, 0, 0, 2, '2011-12-16 15:16:50'),
	(15211, 'iFinancial', 'generalLedgerChartOfAccount', 'generalLedgerChartOfAccountReportTypeId', 'generalLedgerChartOfAccountReportType', 0, 0, 0, 0, 0, 0, 0, 0, 0, 2, '2011-12-16 15:16:50'),
	(15212, 'iFinancial', 'generalLedgerChartOfAccount', 'isDefault', 'Default', 0, 0, 0, 0, 0, 0, 0, 0, 0, 2, '2011-12-16 15:16:50'),
	(15213, 'iFinancial', 'generalLedgerChartOfAccount', 'isNew', 'New', 0, 0, 0, 0, 0, 0, 0, 0, 0, 2, '2011-12-16 15:16:50'),
	(15214, 'iFinancial', 'generalLedgerChartOfAccount', 'isDraft', 'Draft', 0, 0, 0, 0, 0, 0, 0, 0, 0, 2, '2011-12-16 15:16:50'),
	(15215, 'iFinancial', 'generalLedgerChartOfAccount', 'isUpdate', 'Update', 0, 0, 0, 0, 0, 0, 0, 0, 0, 2, '2011-12-16 15:16:50'),
	(15216, 'iFinancial', 'generalLedgerChartOfAccount', 'isDelete', 'Delete', 0, 0, 0, 0, 0, 0, 0, 0, 0, 2, '2011-12-16 15:16:50'),
	(15217, 'iFinancial', 'generalLedgerChartOfAccount', 'isActive', 'Active', 0, 0, 0, 0, 0, 0, 0, 0, 0, 2, '2011-12-16 15:16:50'),
	(15218, 'iFinancial', 'generalLedgerChartOfAccount', 'isApproved', 'Approved', 0, 0, 0, 0, 0, 0, 0, 0, 0, 2, '2011-12-16 15:16:50'),
	(15219, 'iFinancial', 'generalLedgerChartOfAccount', 'isReview', 'Review', 0, 0, 0, 0, 0, 0, 0, 0, 0, 2, '2011-12-16 15:16:50'),
	(15220, 'iFinancial', 'generalLedgerChartOfAccount', 'isPost', 'Post', 0, 0, 0, 0, 0, 0, 0, 0, 0, 2, '2011-12-16 15:16:50'),
	(15221, 'iFinancial', 'generalLedgerChartOfAccount', 'isConsolidation', 'Consolidation', 0, 0, 0, 0, 0, 0, 0, 0, 0, 2, '2011-12-16 15:16:50'),
	(15222, 'iFinancial', 'generalLedgerChartOfAccount', 'isSeperated', 'Seperated', 0, 0, 0, 0, 0, 0, 0, 0, 0, 2, '2011-12-16 15:16:50'),
	(15223, 'iFinancial', 'generalLedgerChartOfAccount', 'executeBy', 'By', 0, 0, 0, 0, 0, 0, 0, 0, 0, 2, '2011-12-16 15:16:50'),
	(15224, 'iFinancial', 'generalLedgerChartOfAccount', 'executeTime', 'Time', 0, 0, 0, 0, 0, 0, 0, 0, 0, 2, '2011-12-16 15:16:50'),
	(15225, 'iFinancial', 'generalLedgerChartOfAccountAccess', 'folderAccessId', 'folderAccess', 0, 0, 0, 0, 0, 0, 0, 0, 0, 2, '2011-12-16 15:16:50'),
	(15226, 'iFinancial', 'generalLedgerChartOfAccountAccess', 'staffId', 'staff', 0, 0, 0, 0, 0, 0, 0, 0, 0, 2, '2011-12-16 15:16:50'),
	(15227, 'iFinancial', 'generalLedgerChartOfAccountAccess', 'generalLedgerChartOfAccountAccessId', 'generalLedgerChartOfAccountAccess', 0, 0, 0, 0, 0, 0, 0, 0, 0, 2, '2011-12-16 15:16:50'),
	(15228, 'iFinancial', 'generalLedgerChartOfAccountAccess', 'generalLedgerChartOfAccountAccessValue', 'Value', 0, 0, 0, 0, 0, 0, 0, 0, 0, 2, '2011-12-16 15:16:50'),
	(15229, 'iFinancial', 'generalLedgerChartOfAccountCategory', 'generalLedgerChartOfAccountCategoryId', 'generalLedgerChartOfAccountCategory', 0, 0, 0, 0, 0, 0, 0, 0, 0, 2, '2011-12-16 15:16:50'),
	(15230, 'iFinancial', 'generalLedgerChartOfAccountCategory', 'generalLedgerChartOfAccountCategorySequence', 'Sequence', 0, 0, 0, 0, 0, 0, 0, 0, 0, 2, '2011-12-16 15:16:50'),
	(15231, 'iFinancial', 'generalLedgerChartOfAccountCategory', 'generalLedgerChartOfAccountCategoryCode', 'Code', 0, 0, 0, 0, 0, 0, 0, 0, 0, 2, '2011-12-16 15:16:50'),
	(15232, 'iFinancial', 'generalLedgerChartOfAccountCategory', 'generalLedgerChartOfAccountCategoryDesc', 'Desc', 0, 0, 0, 0, 0, 0, 0, 0, 0, 2, '2011-12-16 15:16:50'),
	(15233, 'iFinancial', 'generalLedgerChartOfAccountCategory', 'generalLedgerChartOfAccountCategoryNote', 'Note', 0, 0, 0, 0, 0, 0, 0, 0, 0, 2, '2011-12-16 15:16:50'),
	(15234, 'iFinancial', 'generalLedgerChartOfAccountCategory', 'isDefault', 'Default', 0, 0, 0, 0, 0, 0, 0, 0, 0, 2, '2011-12-16 15:16:50'),
	(15235, 'iFinancial', 'generalLedgerChartOfAccountCategory', 'isNew', 'New', 0, 0, 0, 0, 0, 0, 0, 0, 0, 2, '2011-12-16 15:16:50'),
	(15236, 'iFinancial', 'generalLedgerChartOfAccountCategory', 'isDraft', 'Draft', 0, 0, 0, 0, 0, 0, 0, 0, 0, 2, '2011-12-16 15:16:50'),
	(15237, 'iFinancial', 'generalLedgerChartOfAccountCategory', 'isUpdate', 'Update', 0, 0, 0, 0, 0, 0, 0, 0, 0, 2, '2011-12-16 15:16:50'),
	(15238, 'iFinancial', 'generalLedgerChartOfAccountCategory', 'isDelete', 'Delete', 0, 0, 0, 0, 0, 0, 0, 0, 0, 2, '2011-12-16 15:16:50'),
	(15239, 'iFinancial', 'generalLedgerChartOfAccountCategory', 'isActive', 'Active', 0, 0, 0, 0, 0, 0, 0, 0, 0, 2, '2011-12-16 15:16:50'),
	(15240, 'iFinancial', 'generalLedgerChartOfAccountCategory', 'isApproved', 'Approved', 0, 0, 0, 0, 0, 0, 0, 0, 0, 2, '2011-12-16 15:16:50'),
	(15241, 'iFinancial', 'generalLedgerChartOfAccountCategory', 'isReview', 'Review', 0, 0, 0, 0, 0, 0, 0, 0, 0, 2, '2011-12-16 15:16:50'),
	(15242, 'iFinancial', 'generalLedgerChartOfAccountCategory', 'isPost', 'Post', 0, 0, 0, 0, 0, 0, 0, 0, 0, 2, '2011-12-16 15:16:50'),
	(15243, 'iFinancial', 'generalLedgerChartOfAccountCategory', 'executeBy', 'By', 0, 0, 0, 0, 0, 0, 0, 0, 0, 2, '2011-12-16 15:16:50'),
	(15244, 'iFinancial', 'generalLedgerChartOfAccountCategory', 'executeTime', 'Time', 0, 0, 0, 0, 0, 0, 0, 0, 0, 2, '2011-12-16 15:16:50'),
	(15245, 'iFinancial', 'generalLedgerChartOfAccountDimension', 'generalLedgerChartOfAccountDimensionId', 'generalLedgerChartOfAccountDimension', 0, 0, 0, 0, 0, 0, 0, 0, 0, 2, '2011-12-16 15:16:50'),
	(15246, 'iFinancial', 'generalLedgerChartOfAccountDimension', 'generalLedgerChartOfAccountDimensionType', 'Type', 0, 0, 0, 0, 0, 0, 0, 0, 0, 2, '2011-12-16 15:16:50'),
	(15247, 'iFinancial', 'generalLedgerChartOfAccountDimension', 'generalLedgerChartOfAccountDimensionTitle', 'Title', 0, 0, 0, 0, 0, 0, 0, 0, 0, 2, '2011-12-16 15:16:50'),
	(15248, 'iFinancial', 'generalLedgerChartOfAccountDimension', 'generalLedgerChartOfAccountDimensionDesc', 'Desc', 0, 0, 0, 0, 0, 0, 0, 0, 0, 2, '2011-12-16 15:16:50'),
	(15249, 'iFinancial', 'generalLedgerChartOfAccountDimension', 'generalLedgerChartOfAccountIdStart', 'generalLedgerChartOfAccountStart', 0, 0, 0, 0, 0, 0, 0, 0, 0, 2, '2011-12-16 15:16:50'),
	(15250, 'iFinancial', 'generalLedgerChartOfAccountDimension', 'generalLedgerChartOfAccountIdEnd', 'generalLedgerChartOfAccountEnd', 0, 0, 0, 0, 0, 0, 0, 0, 0, 2, '2011-12-16 15:16:50'),
	(15251, 'iFinancial', 'generalLedgerChartOfAccountDimension', 'generalLedgerChartOfAccountDimensionFormula', 'Formula', 0, 0, 0, 0, 0, 0, 0, 0, 0, 2, '2011-12-16 15:16:50'),
	(15252, 'iFinancial', 'generalLedgerChartOfAccountDimension', 'isDefault', 'Default', 0, 0, 0, 0, 0, 0, 0, 0, 0, 2, '2011-12-16 15:16:50'),
	(15253, 'iFinancial', 'generalLedgerChartOfAccountDimension', 'isNew', 'New', 0, 0, 0, 0, 0, 0, 0, 0, 0, 2, '2011-12-16 15:16:50'),
	(15254, 'iFinancial', 'generalLedgerChartOfAccountDimension', 'isDraft', 'Draft', 0, 0, 0, 0, 0, 0, 0, 0, 0, 2, '2011-12-16 15:16:50'),
	(15255, 'iFinancial', 'generalLedgerChartOfAccountDimension', 'isUpdate', 'Update', 0, 0, 0, 0, 0, 0, 0, 0, 0, 2, '2011-12-16 15:16:50'),
	(15256, 'iFinancial', 'generalLedgerChartOfAccountDimension', 'isDelete', 'Delete', 0, 0, 0, 0, 0, 0, 0, 0, 0, 2, '2011-12-16 15:16:50'),
	(15257, 'iFinancial', 'generalLedgerChartOfAccountDimension', 'isActive', 'Active', 0, 0, 0, 0, 0, 0, 0, 0, 0, 2, '2011-12-16 15:16:50'),
	(15258, 'iFinancial', 'generalLedgerChartOfAccountDimension', 'isApproved', 'Approved', 0, 0, 0, 0, 0, 0, 0, 0, 0, 2, '2011-12-16 15:16:50'),
	(15259, 'iFinancial', 'generalLedgerChartOfAccountDimension', 'isReview', 'Review', 0, 0, 0, 0, 0, 0, 0, 0, 0, 2, '2011-12-16 15:16:50'),
	(15260, 'iFinancial', 'generalLedgerChartOfAccountDimension', 'isPost', 'Post', 0, 0, 0, 0, 0, 0, 0, 0, 0, 2, '2011-12-16 15:16:50'),
	(15261, 'iFinancial', 'generalLedgerChartOfAccountDimension', 'executeBy', 'By', 0, 0, 0, 0, 0, 0, 0, 0, 0, 2, '2011-12-16 15:16:50'),
	(15262, 'iFinancial', 'generalLedgerChartOfAccountDimension', 'executeTime', 'Time', 0, 0, 0, 0, 0, 0, 0, 0, 0, 2, '2011-12-16 15:16:50'),
	(15263, 'iFinancial', 'generalLedgerChartOfAccountReportType', 'generalLedgerChartOfAccountReportTypeId', 'generalLedgerChartOfAccountReportType', 0, 0, 0, 0, 0, 0, 0, 0, 0, 2, '2011-12-16 15:16:50'),
	(15264, 'iFinancial', 'generalLedgerChartOfAccountReportType', 'generalLedgerChartOfAccountReportTypeSequence', 'Sequence', 0, 0, 0, 0, 0, 0, 0, 0, 0, 2, '2011-12-16 15:16:50'),
	(15265, 'iFinancial', 'generalLedgerChartOfAccountReportType', 'generalLedgerChartOfAccountReportTypeCode', 'Code', 0, 0, 0, 0, 0, 0, 0, 0, 0, 2, '2011-12-16 15:16:50'),
	(15266, 'iFinancial', 'generalLedgerChartOfAccountReportType', 'generalLedgerChartOfAccountReportTypeDesc', 'Desc', 0, 0, 0, 0, 0, 0, 0, 0, 0, 2, '2011-12-16 15:16:50'),
	(15267, 'iFinancial', 'generalLedgerChartOfAccountReportType', 'isDefault', 'Default', 0, 0, 0, 0, 0, 0, 0, 0, 0, 2, '2011-12-16 15:16:50'),
	(15268, 'iFinancial', 'generalLedgerChartOfAccountReportType', 'isNew', 'New', 0, 0, 0, 0, 0, 0, 0, 0, 0, 2, '2011-12-16 15:16:50'),
	(15269, 'iFinancial', 'generalLedgerChartOfAccountReportType', 'isDraft', 'Draft', 0, 0, 0, 0, 0, 0, 0, 0, 0, 2, '2011-12-16 15:16:50'),
	(15270, 'iFinancial', 'generalLedgerChartOfAccountReportType', 'isUpdate', 'Update', 0, 0, 0, 0, 0, 0, 0, 0, 0, 2, '2011-12-16 15:16:50'),
	(15271, 'iFinancial', 'generalLedgerChartOfAccountReportType', 'isDelete', 'Delete', 0, 0, 0, 0, 0, 0, 0, 0, 0, 2, '2011-12-16 15:16:50'),
	(15272, 'iFinancial', 'generalLedgerChartOfAccountReportType', 'isActive', 'Active', 0, 0, 0, 0, 0, 0, 0, 0, 0, 2, '2011-12-16 15:16:50'),
	(15273, 'iFinancial', 'generalLedgerChartOfAccountReportType', 'isApproved', 'Approved', 0, 0, 0, 0, 0, 0, 0, 0, 0, 2, '2011-12-16 15:16:50'),
	(15274, 'iFinancial', 'generalLedgerChartOfAccountReportType', 'isReview', 'Review', 0, 0, 0, 0, 0, 0, 0, 0, 0, 2, '2011-12-16 15:16:50'),
	(15275, 'iFinancial', 'generalLedgerChartOfAccountReportType', 'isPost', 'Post', 0, 0, 0, 0, 0, 0, 0, 0, 0, 2, '2011-12-16 15:16:50'),
	(15276, 'iFinancial', 'generalLedgerChartOfAccountReportType', 'executeBy', 'By', 0, 0, 0, 0, 0, 0, 0, 0, 0, 2, '2011-12-16 15:16:50'),
	(15277, 'iFinancial', 'generalLedgerChartOfAccountReportType', 'executeTime', 'Time', 0, 0, 0, 0, 0, 0, 0, 0, 0, 2, '2011-12-16 15:16:50'),
	(15278, 'iFinancial', 'generalLedgerChartOfAccountSegment', 'generalLedgerChartOfAccountSegmentId', 'generalLedgerChartOfAccountSegment', 0, 0, 0, 0, 0, 0, 0, 0, 0, 2, '2011-12-16 15:16:50'),
	(15279, 'iFinancial', 'generalLedgerChartOfAccountSegment', 'generalLedgerChartOfAccountSegmentTypeId', 'generalLedgerChartOfAccountSegmentType', 0, 0, 0, 0, 0, 0, 0, 0, 0, 2, '2011-12-16 15:16:50'),
	(15280, 'iFinancial', 'generalLedgerChartOfAccountSegment', 'generalLedgerChartOfAccountSegmentNo', 'No', 0, 0, 0, 0, 0, 0, 0, 0, 0, 2, '2011-12-16 15:16:50'),
	(15281, 'iFinancial', 'generalLedgerChartOfAccountSegment', 'generalLedgerChartOfAccountSegmentLength', 'Length', 0, 0, 0, 0, 0, 0, 0, 0, 0, 2, '2011-12-16 15:16:50'),
	(15282, 'iFinancial', 'generalLedgerChartOfAccountSegment', 'generalLedgerChartOfAccountSegmentTitle', 'Title', 0, 0, 0, 0, 0, 0, 0, 0, 0, 2, '2011-12-16 15:16:50'),
	(15283, 'iFinancial', 'generalLedgerChartOfAccountSegment', 'generalLedgerChartOfAccountSegmentDesc', 'Desc', 0, 0, 0, 0, 0, 0, 0, 0, 0, 2, '2011-12-16 15:16:50'),
	(15284, 'iFinancial', 'generalLedgerChartOfAccountSegment', 'isDefault', 'Default', 0, 0, 0, 0, 0, 0, 0, 0, 0, 2, '2011-12-16 15:16:50'),
	(15285, 'iFinancial', 'generalLedgerChartOfAccountSegment', 'isNew', 'New', 0, 0, 0, 0, 0, 0, 0, 0, 0, 2, '2011-12-16 15:16:50'),
	(15286, 'iFinancial', 'generalLedgerChartOfAccountSegment', 'isDraft', 'Draft', 0, 0, 0, 0, 0, 0, 0, 0, 0, 2, '2011-12-16 15:16:50'),
	(15287, 'iFinancial', 'generalLedgerChartOfAccountSegment', 'isUpdate', 'Update', 0, 0, 0, 0, 0, 0, 0, 0, 0, 2, '2011-12-16 15:16:50'),
	(15288, 'iFinancial', 'generalLedgerChartOfAccountSegment', 'isDelete', 'Delete', 0, 0, 0, 0, 0, 0, 0, 0, 0, 2, '2011-12-16 15:16:50'),
	(15289, 'iFinancial', 'generalLedgerChartOfAccountSegment', 'isActive', 'Active', 0, 0, 0, 0, 0, 0, 0, 0, 0, 2, '2011-12-16 15:16:50'),
	(15290, 'iFinancial', 'generalLedgerChartOfAccountSegment', 'isApproved', 'Approved', 0, 0, 0, 0, 0, 0, 0, 0, 0, 2, '2011-12-16 15:16:50'),
	(15291, 'iFinancial', 'generalLedgerChartOfAccountSegment', 'isReview', 'Review', 0, 0, 0, 0, 0, 0, 0, 0, 0, 2, '2011-12-16 15:16:50'),
	(15292, 'iFinancial', 'generalLedgerChartOfAccountSegment', 'isPost', 'Post', 0, 0, 0, 0, 0, 0, 0, 0, 0, 2, '2011-12-16 15:16:50'),
	(15293, 'iFinancial', 'generalLedgerChartOfAccountSegment', 'executeBy', 'By', 0, 0, 0, 0, 0, 0, 0, 0, 0, 2, '2011-12-16 15:16:50'),
	(15294, 'iFinancial', 'generalLedgerChartOfAccountSegment', 'executeTime', 'Time', 0, 0, 0, 0, 0, 0, 0, 0, 0, 2, '2011-12-16 15:16:50'),
	(15295, 'iFinancial', 'generalLedgerChartOfAccountSegmentType', 'generalLedgerChartOfAccountSegmentTypeId', 'generalLedgerChartOfAccountSegmentType', 0, 0, 0, 0, 0, 0, 0, 0, 0, 2, '2011-12-16 15:16:50'),
	(15296, 'iFinancial', 'generalLedgerChartOfAccountSegmentType', 'generalLedgerChartOfAccountSegmentTypeSequence', 'Sequence', 0, 0, 0, 0, 0, 0, 0, 0, 0, 2, '2011-12-16 15:16:50'),
	(15297, 'iFinancial', 'generalLedgerChartOfAccountSegmentType', 'generalLedgerChartOfAccountSegmentTypeCode', 'Code', 0, 0, 0, 0, 0, 0, 0, 0, 0, 2, '2011-12-16 15:16:50'),
	(15298, 'iFinancial', 'generalLedgerChartOfAccountSegmentType', 'generalLedgerChartOfAccountSegmentTypeDesc', 'Desc', 0, 0, 0, 0, 0, 0, 0, 0, 0, 2, '2011-12-16 15:16:50'),
	(15299, 'iFinancial', 'generalLedgerChartOfAccountSegmentType', 'isDefault', 'Default', 0, 0, 0, 0, 0, 0, 0, 0, 0, 2, '2011-12-16 15:16:50'),
	(15300, 'iFinancial', 'generalLedgerChartOfAccountSegmentType', 'isNew', 'New', 0, 0, 0, 0, 0, 0, 0, 0, 0, 2, '2011-12-16 15:16:50'),
	(15301, 'iFinancial', 'generalLedgerChartOfAccountSegmentType', 'isDraft', 'Draft', 0, 0, 0, 0, 0, 0, 0, 0, 0, 2, '2011-12-16 15:16:50'),
	(15302, 'iFinancial', 'generalLedgerChartOfAccountSegmentType', 'isUpdate', 'Update', 0, 0, 0, 0, 0, 0, 0, 0, 0, 2, '2011-12-16 15:16:50'),
	(15303, 'iFinancial', 'generalLedgerChartOfAccountSegmentType', 'isDelete', 'Delete', 0, 0, 0, 0, 0, 0, 0, 0, 0, 2, '2011-12-16 15:16:50'),
	(15304, 'iFinancial', 'generalLedgerChartOfAccountSegmentType', 'isActive', 'Active', 0, 0, 0, 0, 0, 0, 0, 0, 0, 2, '2011-12-16 15:16:50'),
	(15305, 'iFinancial', 'generalLedgerChartOfAccountSegmentType', 'isApproved', 'Approved', 0, 0, 0, 0, 0, 0, 0, 0, 0, 2, '2011-12-16 15:16:50'),
	(15306, 'iFinancial', 'generalLedgerChartOfAccountSegmentType', 'isReview', 'Review', 0, 0, 0, 0, 0, 0, 0, 0, 0, 2, '2011-12-16 15:16:50'),
	(15307, 'iFinancial', 'generalLedgerChartOfAccountSegmentType', 'isPost', 'Post', 0, 0, 0, 0, 0, 0, 0, 0, 0, 2, '2011-12-16 15:16:50'),
	(15308, 'iFinancial', 'generalLedgerChartOfAccountSegmentType', 'executeBy', 'By', 0, 0, 0, 0, 0, 0, 0, 0, 0, 2, '2011-12-16 15:16:50'),
	(15309, 'iFinancial', 'generalLedgerChartOfAccountSegmentType', 'executeTime', 'Time', 0, 0, 0, 0, 0, 0, 0, 0, 0, 2, '2011-12-16 15:16:50'),
	(15310, 'iFinancial', 'generalLedgerChartOfAccountType', 'generalLedgerChartOfAccountTypeId', 'generalLedgerChartOfAccountType', 0, 0, 0, 0, 0, 0, 0, 0, 0, 2, '2011-12-16 15:16:50'),
	(15311, 'iFinancial', 'generalLedgerChartOfAccountType', 'generalLedgerChartOfAccountCategoryId', 'generalLedgerChartOfAccountCategory', 0, 0, 0, 0, 0, 0, 0, 0, 0, 2, '2011-12-16 15:16:50'),
	(15312, 'iFinancial', 'generalLedgerChartOfAccountType', 'generalLedgerChartOfAccountTypeSequence', 'Sequence', 0, 0, 0, 0, 0, 0, 0, 0, 0, 2, '2011-12-16 15:16:50'),
	(15313, 'iFinancial', 'generalLedgerChartOfAccountType', 'generalLedgerChartOfAccountTypeCode', 'Code', 0, 0, 0, 0, 0, 0, 0, 0, 0, 2, '2011-12-16 15:16:50'),
	(15314, 'iFinancial', 'generalLedgerChartOfAccountType', 'generalLedgerChartOfAccountTypeDesc', 'Desc', 0, 0, 0, 0, 0, 0, 0, 0, 0, 2, '2011-12-16 15:16:50'),
	(15315, 'iFinancial', 'generalLedgerChartOfAccountType', 'isDefault', 'Default', 0, 0, 0, 0, 0, 0, 0, 0, 0, 2, '2011-12-16 15:16:50'),
	(15316, 'iFinancial', 'generalLedgerChartOfAccountType', 'isNew', 'New', 0, 0, 0, 0, 0, 0, 0, 0, 0, 2, '2011-12-16 15:16:50'),
	(15317, 'iFinancial', 'generalLedgerChartOfAccountType', 'isDraft', 'Draft', 0, 0, 0, 0, 0, 0, 0, 0, 0, 2, '2011-12-16 15:16:50'),
	(15318, 'iFinancial', 'generalLedgerChartOfAccountType', 'isUpdate', 'Update', 0, 0, 0, 0, 0, 0, 0, 0, 0, 2, '2011-12-16 15:16:50'),
	(15319, 'iFinancial', 'generalLedgerChartOfAccountType', 'isDelete', 'Delete', 0, 0, 0, 0, 0, 0, 0, 0, 0, 2, '2011-12-16 15:16:50'),
	(15320, 'iFinancial', 'generalLedgerChartOfAccountType', 'isActive', 'Active', 0, 0, 0, 0, 0, 0, 0, 0, 0, 2, '2011-12-16 15:16:50'),
	(15321, 'iFinancial', 'generalLedgerChartOfAccountType', 'isApproved', 'Approved', 0, 0, 0, 0, 0, 0, 0, 0, 0, 2, '2011-12-16 15:16:50'),
	(15322, 'iFinancial', 'generalLedgerChartOfAccountType', 'isReview', 'Review', 0, 0, 0, 0, 0, 0, 0, 0, 0, 2, '2011-12-16 15:16:50'),
	(15323, 'iFinancial', 'generalLedgerChartOfAccountType', 'isPost', 'Post', 0, 0, 0, 0, 0, 0, 0, 0, 0, 2, '2011-12-16 15:16:50'),
	(15324, 'iFinancial', 'generalLedgerChartOfAccountType', 'executeBy', 'By', 0, 0, 0, 0, 0, 0, 0, 0, 0, 2, '2011-12-16 15:16:50'),
	(15325, 'iFinancial', 'generalLedgerChartOfAccountType', 'executeTime', 'Time', 0, 0, 0, 0, 0, 0, 0, 0, 0, 2, '2011-12-16 15:16:50'),
	(15326, 'iFinancial', 'generalLedgerForecast', 'generalLedgerForecastId', 'generalLedgerForecast', 0, 0, 0, 0, 0, 0, 0, 0, 0, 2, '2011-12-16 15:16:50'),
	(15327, 'iFinancial', 'generalLedgerForecast', 'generalLedgerChartOfAccountId', 'generalLedgerChartOfAccount', 0, 0, 0, 0, 0, 0, 0, 0, 0, 2, '2011-12-16 15:16:50'),
	(15328, 'iFinancial', 'generalLedgerForecast', 'generalLedgerForecastMonth', 'Month', 0, 0, 0, 0, 0, 0, 0, 0, 0, 2, '2011-12-16 15:16:50'),
	(15329, 'iFinancial', 'generalLedgerForecast', 'generalLedgerForecastYear', 'Year', 0, 0, 0, 0, 0, 0, 0, 0, 0, 2, '2011-12-16 15:16:50'),
	(15330, 'iFinancial', 'generalLedgerForecast', 'generalLedgerForecastAmount', 'Amount', 0, 0, 0, 0, 0, 0, 0, 0, 0, 2, '2011-12-16 15:16:50'),
	(15331, 'iFinancial', 'generalLedgerForecast', 'generalLedgerForecastDesc', 'Desc', 0, 0, 0, 0, 0, 0, 0, 0, 0, 2, '2011-12-16 15:16:50'),
	(15332, 'iFinancial', 'generalLedgerForecast', 'isDefault', 'Default', 0, 0, 0, 0, 0, 0, 0, 0, 0, 2, '2011-12-16 15:16:50'),
	(15333, 'iFinancial', 'generalLedgerForecast', 'isNew', 'New', 0, 0, 0, 0, 0, 0, 0, 0, 0, 2, '2011-12-16 15:16:50'),
	(15334, 'iFinancial', 'generalLedgerForecast', 'isDraft', 'Draft', 0, 0, 0, 0, 0, 0, 0, 0, 0, 2, '2011-12-16 15:16:50'),
	(15335, 'iFinancial', 'generalLedgerForecast', 'isUpdate', 'Update', 0, 0, 0, 0, 0, 0, 0, 0, 0, 2, '2011-12-16 15:16:50'),
	(15336, 'iFinancial', 'generalLedgerForecast', 'isDelete', 'Delete', 0, 0, 0, 0, 0, 0, 0, 0, 0, 2, '2011-12-16 15:16:50'),
	(15337, 'iFinancial', 'generalLedgerForecast', 'isActive', 'Active', 0, 0, 0, 0, 0, 0, 0, 0, 0, 2, '2011-12-16 15:16:50'),
	(15338, 'iFinancial', 'generalLedgerForecast', 'isApproved', 'Approved', 0, 0, 0, 0, 0, 0, 0, 0, 0, 2, '2011-12-16 15:16:50'),
	(15339, 'iFinancial', 'generalLedgerForecast', 'isReview', 'Review', 0, 0, 0, 0, 0, 0, 0, 0, 0, 2, '2011-12-16 15:16:50'),
	(15340, 'iFinancial', 'generalLedgerForecast', 'isPost', 'Post', 0, 0, 0, 0, 0, 0, 0, 0, 0, 2, '2011-12-16 15:16:50'),
	(15341, 'iFinancial', 'generalLedgerForecast', 'executeBy', 'By', 0, 0, 0, 0, 0, 0, 0, 0, 0, 2, '2011-12-16 15:16:50'),
	(15342, 'iFinancial', 'generalLedgerForecast', 'executeTime', 'Time', 0, 0, 0, 0, 0, 0, 0, 0, 0, 2, '2011-12-16 15:16:50'),
	(15343, 'iFinancial', 'generalLedgerForecastType', 'generalLedgerForecastTypeId', 'generalLedgerForecastType', 0, 0, 0, 0, 0, 0, 0, 0, 0, 2, '2011-12-16 15:16:50'),
	(15344, 'iFinancial', 'generalLedgerForecastType', 'generalLedgerForecastTypeSequence', 'Sequence', 0, 0, 0, 0, 0, 0, 0, 0, 0, 2, '2011-12-16 15:16:50'),
	(15345, 'iFinancial', 'generalLedgerForecastType', 'generalLedgerForecastTypeCode', 'Code', 0, 0, 0, 0, 0, 0, 0, 0, 0, 2, '2011-12-16 15:16:50'),
	(15346, 'iFinancial', 'generalLedgerForecastType', 'generalLedgerForecastTypeDesc', 'Desc', 0, 0, 0, 0, 0, 0, 0, 0, 0, 2, '2011-12-16 15:16:50'),
	(15347, 'iFinancial', 'generalLedgerForecastType', 'isDefault', 'Default', 0, 0, 0, 0, 0, 0, 0, 0, 0, 2, '2011-12-16 15:16:50'),
	(15348, 'iFinancial', 'generalLedgerForecastType', 'isNew', 'New', 0, 0, 0, 0, 0, 0, 0, 0, 0, 2, '2011-12-16 15:16:50'),
	(15349, 'iFinancial', 'generalLedgerForecastType', 'isDraft', 'Draft', 0, 0, 0, 0, 0, 0, 0, 0, 0, 2, '2011-12-16 15:16:50'),
	(15350, 'iFinancial', 'generalLedgerForecastType', 'isUpdate', 'Update', 0, 0, 0, 0, 0, 0, 0, 0, 0, 2, '2011-12-16 15:16:50'),
	(15351, 'iFinancial', 'generalLedgerForecastType', 'isDelete', 'Delete', 0, 0, 0, 0, 0, 0, 0, 0, 0, 2, '2011-12-16 15:16:50'),
	(15352, 'iFinancial', 'generalLedgerForecastType', 'isActive', 'Active', 0, 0, 0, 0, 0, 0, 0, 0, 0, 2, '2011-12-16 15:16:50'),
	(15353, 'iFinancial', 'generalLedgerForecastType', 'isApproved', 'Approved', 0, 0, 0, 0, 0, 0, 0, 0, 0, 2, '2011-12-16 15:16:50'),
	(15354, 'iFinancial', 'generalLedgerForecastType', 'isReview', 'Review', 0, 0, 0, 0, 0, 0, 0, 0, 0, 2, '2011-12-16 15:16:50'),
	(15355, 'iFinancial', 'generalLedgerForecastType', 'isPost', 'Post', 0, 0, 0, 0, 0, 0, 0, 0, 0, 2, '2011-12-16 15:16:50'),
	(15356, 'iFinancial', 'generalLedgerForecastType', 'executeBy', 'By', 0, 0, 0, 0, 0, 0, 0, 0, 0, 2, '2011-12-16 15:16:50'),
	(15357, 'iFinancial', 'generalLedgerForecastType', 'executeTime', 'Time', 0, 0, 0, 0, 0, 0, 0, 0, 0, 2, '2011-12-16 15:16:50'),
	(15358, 'iFinancial', 'generalLedgerJournal', 'generalLedgerJournalId', 'generalLedgerJournal', 0, 0, 0, 0, 0, 0, 0, 0, 0, 2, '2011-12-16 15:16:50'),
	(15359, 'iFinancial', 'generalLedgerJournal', 'generalLedgerJournalTypeId', 'generalLedgerJournalType', 0, 0, 0, 0, 0, 0, 0, 0, 0, 2, '2011-12-16 15:16:50'),
	(15360, 'iFinancial', 'generalLedgerJournal', 'documentNo', 'Document No', 0, 0, 0, 0, 0, 0, 0, 0, 0, 2, '2011-12-16 15:16:50'),
	(15361, 'iFinancial', 'generalLedgerJournal', 'referenceNo', 'Reference No', 0, 0, 0, 0, 0, 0, 0, 0, 0, 2, '2011-12-16 15:16:50'),
	(15362, 'iFinancial', 'generalLedgerJournal', 'generalLedgerJournalTitle', 'Title', 0, 0, 0, 0, 0, 0, 0, 0, 0, 2, '2011-12-16 15:16:50'),
	(15363, 'iFinancial', 'generalLedgerJournal', 'generalLedgerJournalDesc', 'Desc', 0, 0, 0, 0, 0, 0, 0, 0, 0, 2, '2011-12-16 15:16:50'),
	(15364, 'iFinancial', 'generalLedgerJournal', 'generalLedgerJournalDate', 'Date', 0, 0, 0, 0, 0, 0, 0, 0, 0, 2, '2011-12-16 15:16:50'),
	(15365, 'iFinancial', 'generalLedgerJournal', 'generalLedgerJournalStartDate', 'Start Date', 0, 0, 0, 0, 0, 0, 0, 0, 0, 2, '2011-12-16 15:16:50'),
	(15366, 'iFinancial', 'generalLedgerJournal', 'generalLedgerJournalEndDate', 'End Date', 0, 0, 0, 0, 0, 0, 0, 0, 0, 2, '2011-12-16 15:16:50'),
	(15367, 'iFinancial', 'generalLedgerJournal', 'generalLedgerJournalAmount', 'Amount', 0, 0, 0, 0, 0, 0, 0, 0, 0, 2, '2011-12-16 15:16:50'),
	(15368, 'iFinancial', 'generalLedgerJournal', 'isDefault', 'Default', 0, 0, 0, 0, 0, 0, 0, 0, 0, 2, '2011-12-16 15:16:50'),
	(15369, 'iFinancial', 'generalLedgerJournal', 'isNew', 'New', 0, 0, 0, 0, 0, 0, 0, 0, 0, 2, '2011-12-16 15:16:50'),
	(15370, 'iFinancial', 'generalLedgerJournal', 'isDraft', 'Draft', 0, 0, 0, 0, 0, 0, 0, 0, 0, 2, '2011-12-16 15:16:50'),
	(15371, 'iFinancial', 'generalLedgerJournal', 'isUpdate', 'Update', 0, 0, 0, 0, 0, 0, 0, 0, 0, 2, '2011-12-16 15:16:50'),
	(15372, 'iFinancial', 'generalLedgerJournal', 'isDelete', 'Delete', 0, 0, 0, 0, 0, 0, 0, 0, 0, 2, '2011-12-16 15:16:50'),
	(15373, 'iFinancial', 'generalLedgerJournal', 'isActive', 'Active', 0, 0, 0, 0, 0, 0, 0, 0, 0, 2, '2011-12-16 15:16:50'),
	(15374, 'iFinancial', 'generalLedgerJournal', 'isApproved', 'Approved', 0, 0, 0, 0, 0, 0, 0, 0, 0, 2, '2011-12-16 15:16:50'),
	(15375, 'iFinancial', 'generalLedgerJournal', 'isReview', 'Review', 0, 0, 0, 0, 0, 0, 0, 0, 0, 2, '2011-12-16 15:16:50'),
	(15376, 'iFinancial', 'generalLedgerJournal', 'isPost', 'Post', 0, 0, 0, 0, 0, 0, 0, 0, 0, 2, '2011-12-16 15:16:50'),
	(15377, 'iFinancial', 'generalLedgerJournal', 'executeBy', 'By', 0, 0, 0, 0, 0, 0, 0, 0, 0, 2, '2011-12-16 15:16:50'),
	(15378, 'iFinancial', 'generalLedgerJournal', 'executeTime', 'Time', 0, 0, 0, 0, 0, 0, 0, 0, 0, 2, '2011-12-16 15:16:50'),
	(15379, 'iFinancial', 'generalLedgerJournalDetail', 'generalLedgerJournalDetailId', 'generalLedgerJournalDetail', 0, 0, 0, 0, 0, 0, 0, 0, 0, 2, '2011-12-16 15:16:50'),
	(15380, 'iFinancial', 'generalLedgerJournalDetail', 'generalLedgerJournalId', 'generalLedgerJournal', 0, 0, 0, 0, 0, 0, 0, 0, 0, 2, '2011-12-16 15:16:50'),
	(15381, 'iFinancial', 'generalLedgerJournalDetail', 'generalLedgerChartOfAccountId', 'generalLedgerChartOfAccount', 0, 0, 0, 0, 0, 0, 0, 0, 0, 2, '2011-12-16 15:16:50'),
	(15382, 'iFinancial', 'generalLedgerJournalDetail', 'countryId', 'country', 0, 0, 0, 0, 0, 0, 0, 0, 0, 2, '2011-12-16 15:16:50'),
	(15383, 'iFinancial', 'generalLedgerJournalDetail', 'transactionMode', 'Transaction Mode', 0, 0, 0, 0, 0, 0, 0, 0, 0, 2, '2011-12-16 15:16:50'),
	(15384, 'iFinancial', 'generalLedgerJournalDetail', 'generalLedgerJournalDetailAmount', 'Amount', 0, 0, 0, 0, 0, 0, 0, 0, 0, 2, '2011-12-16 15:16:50'),
	(15385, 'iFinancial', 'generalLedgerJournalDetail', 'isDefault', 'Default', 0, 0, 0, 0, 0, 0, 0, 0, 0, 2, '2011-12-16 15:16:50'),
	(15386, 'iFinancial', 'generalLedgerJournalDetail', 'isNew', 'New', 0, 0, 0, 0, 0, 0, 0, 0, 0, 2, '2011-12-16 15:16:50'),
	(15387, 'iFinancial', 'generalLedgerJournalDetail', 'isDraft', 'Draft', 0, 0, 0, 0, 0, 0, 0, 0, 0, 2, '2011-12-16 15:16:50'),
	(15388, 'iFinancial', 'generalLedgerJournalDetail', 'isUpdate', 'Update', 0, 0, 0, 0, 0, 0, 0, 0, 0, 2, '2011-12-16 15:16:50'),
	(15389, 'iFinancial', 'generalLedgerJournalDetail', 'isDelete', 'Delete', 0, 0, 0, 0, 0, 0, 0, 0, 0, 2, '2011-12-16 15:16:50'),
	(15390, 'iFinancial', 'generalLedgerJournalDetail', 'isActive', 'Active', 0, 0, 0, 0, 0, 0, 0, 0, 0, 2, '2011-12-16 15:16:50'),
	(15391, 'iFinancial', 'generalLedgerJournalDetail', 'isApproved', 'Approved', 0, 0, 0, 0, 0, 0, 0, 0, 0, 2, '2011-12-16 15:16:50'),
	(15392, 'iFinancial', 'generalLedgerJournalDetail', 'isReview', 'Review', 0, 0, 0, 0, 0, 0, 0, 0, 0, 2, '2011-12-16 15:16:50'),
	(15393, 'iFinancial', 'generalLedgerJournalDetail', 'isPost', 'Post', 0, 0, 0, 0, 0, 0, 0, 0, 0, 2, '2011-12-16 15:16:50'),
	(15394, 'iFinancial', 'generalLedgerJournalDetail', 'executeBy', 'By', 0, 0, 0, 0, 0, 0, 0, 0, 0, 2, '2011-12-16 15:16:50'),
	(15395, 'iFinancial', 'generalLedgerJournalDetail', 'executeTime', 'Time', 0, 0, 0, 0, 0, 0, 0, 0, 0, 2, '2011-12-16 15:16:50'),
	(15396, 'iFinancial', 'generalLedgerJournalType', 'generalLedgerJournalTypeId', 'generalLedgerJournalType', 0, 0, 0, 0, 0, 0, 0, 0, 0, 2, '2011-12-16 15:16:50'),
	(15397, 'iFinancial', 'generalLedgerJournalType', 'generalLedgerJournalTypeSequence', 'Sequence', 0, 0, 0, 0, 0, 0, 0, 0, 0, 2, '2011-12-16 15:16:50'),
	(15398, 'iFinancial', 'generalLedgerJournalType', 'generalLedgerJournalTypeCode', 'Code', 0, 0, 0, 0, 0, 0, 0, 0, 0, 2, '2011-12-16 15:16:50'),
	(15399, 'iFinancial', 'generalLedgerJournalType', 'generalLedgerJournalTypeDesc', 'Desc', 0, 0, 0, 0, 0, 0, 0, 0, 0, 2, '2011-12-16 15:16:50'),
	(15400, 'iFinancial', 'generalLedgerJournalType', 'isDefault', 'Default', 0, 0, 0, 0, 0, 0, 0, 0, 0, 2, '2011-12-16 15:16:50'),
	(15401, 'iFinancial', 'generalLedgerJournalType', 'isNew', 'New', 0, 0, 0, 0, 0, 0, 0, 0, 0, 2, '2011-12-16 15:16:50'),
	(15402, 'iFinancial', 'generalLedgerJournalType', 'isDraft', 'Draft', 0, 0, 0, 0, 0, 0, 0, 0, 0, 2, '2011-12-16 15:16:50'),
	(15403, 'iFinancial', 'generalLedgerJournalType', 'isUpdate', 'Update', 0, 0, 0, 0, 0, 0, 0, 0, 0, 2, '2011-12-16 15:16:50'),
	(15404, 'iFinancial', 'generalLedgerJournalType', 'isDelete', 'Delete', 0, 0, 0, 0, 0, 0, 0, 0, 0, 2, '2011-12-16 15:16:50'),
	(15405, 'iFinancial', 'generalLedgerJournalType', 'isActive', 'Active', 0, 0, 0, 0, 0, 0, 0, 0, 0, 2, '2011-12-16 15:16:50'),
	(15406, 'iFinancial', 'generalLedgerJournalType', 'isApproved', 'Approved', 0, 0, 0, 0, 0, 0, 0, 0, 0, 2, '2011-12-16 15:16:50'),
	(15407, 'iFinancial', 'generalLedgerJournalType', 'isReview', 'Review', 0, 0, 0, 0, 0, 0, 0, 0, 0, 2, '2011-12-16 15:16:50'),
	(15408, 'iFinancial', 'generalLedgerJournalType', 'isPost', 'Post', 0, 0, 0, 0, 0, 0, 0, 0, 0, 2, '2011-12-16 15:16:50'),
	(15409, 'iFinancial', 'generalLedgerJournalType', 'executeBy', 'By', 0, 0, 0, 0, 0, 0, 0, 0, 0, 2, '2011-12-16 15:16:50'),
	(15410, 'iFinancial', 'generalLedgerJournalType', 'executeTime', 'Time', 0, 0, 0, 0, 0, 0, 0, 0, 0, 2, '2011-12-16 15:16:50'),
	(15411, 'iFinancial', 'invoiceCategory', 'invoiceCategoryId', 'invoiceCategory', 0, 0, 0, 0, 0, 0, 0, 0, 0, 2, '2011-12-16 15:16:50'),
	(15412, 'iFinancial', 'invoiceCategory', 'invoiceCategorySequence', 'Sequence', 0, 0, 0, 0, 0, 0, 0, 0, 0, 2, '2011-12-16 15:16:50'),
	(15413, 'iFinancial', 'invoiceCategory', 'invoiceCategoryCode', 'Code', 0, 0, 0, 0, 0, 0, 0, 0, 0, 2, '2011-12-16 15:16:50'),
	(15414, 'iFinancial', 'invoiceCategory', 'invoiceCategoryDesc', 'Desc', 0, 0, 0, 0, 0, 0, 0, 0, 0, 2, '2011-12-16 15:16:50'),
	(15415, 'iFinancial', 'invoiceCategory', 'isDefault', 'Default', 0, 0, 0, 0, 0, 0, 0, 0, 0, 2, '2011-12-16 15:16:50'),
	(15416, 'iFinancial', 'invoiceCategory', 'isNew', 'New', 0, 0, 0, 0, 0, 0, 0, 0, 0, 2, '2011-12-16 15:16:50'),
	(15417, 'iFinancial', 'invoiceCategory', 'isDraft', 'Draft', 0, 0, 0, 0, 0, 0, 0, 0, 0, 2, '2011-12-16 15:16:50'),
	(15418, 'iFinancial', 'invoiceCategory', 'isUpdate', 'Update', 0, 0, 0, 0, 0, 0, 0, 0, 0, 2, '2011-12-16 15:16:50'),
	(15419, 'iFinancial', 'invoiceCategory', 'isDelete', 'Delete', 0, 0, 0, 0, 0, 0, 0, 0, 0, 2, '2011-12-16 15:16:50'),
	(15420, 'iFinancial', 'invoiceCategory', 'isActive', 'Active', 0, 0, 0, 0, 0, 0, 0, 0, 0, 2, '2011-12-16 15:16:50'),
	(15421, 'iFinancial', 'invoiceCategory', 'isApproved', 'Approved', 0, 0, 0, 0, 0, 0, 0, 0, 0, 2, '2011-12-16 15:16:50'),
	(15422, 'iFinancial', 'invoiceCategory', 'isReview', 'Review', 0, 0, 0, 0, 0, 0, 0, 0, 0, 2, '2011-12-16 15:16:50'),
	(15423, 'iFinancial', 'invoiceCategory', 'isPost', 'Post', 0, 0, 0, 0, 0, 0, 0, 0, 0, 2, '2011-12-16 15:16:50'),
	(15424, 'iFinancial', 'invoiceCategory', 'executeBy', 'By', 0, 0, 0, 0, 0, 0, 0, 0, 0, 2, '2011-12-16 15:16:50'),
	(15425, 'iFinancial', 'invoiceCategory', 'executeTime', 'Time', 0, 0, 0, 0, 0, 0, 0, 0, 0, 2, '2011-12-16 15:16:50'),
	(15426, 'iFinancial', 'invoiceDetailLedger', 'invoiceLedgerDetailId', 'invoiceLedgerDetail', 0, 0, 0, 0, 0, 0, 0, 0, 0, 2, '2011-12-16 15:16:50'),
	(15427, 'iFinancial', 'invoiceDetailLedger', 'invoiceLedgerId', 'invoiceLedger', 0, 0, 0, 0, 0, 0, 0, 0, 0, 2, '2011-12-16 15:16:50'),
	(15428, 'iFinancial', 'invoiceDetailLedger', 'generalLedgerChartAccountId', 'generalLedgerChartAccount', 0, 0, 0, 0, 0, 0, 0, 0, 0, 2, '2011-12-16 15:16:50'),
	(15429, 'iFinancial', 'invoiceDetailLedger', 'countryId', 'country', 0, 0, 0, 0, 0, 0, 0, 0, 0, 2, '2011-12-16 15:16:50'),
	(15430, 'iFinancial', 'invoiceDetailLedger', 'transactionMode', 'Transaction Mode', 0, 0, 0, 0, 0, 0, 0, 0, 0, 2, '2011-12-16 15:16:50'),
	(15431, 'iFinancial', 'invoiceDetailLedger', 'invoiceLedgerDetailAmount', 'Invoice Ledger Detail   Amount', 0, 0, 0, 0, 0, 0, 0, 0, 0, 2, '2011-12-16 15:16:50'),
	(15432, 'iFinancial', 'invoiceDetailLedger', 'isDefault', 'Default', 0, 0, 0, 0, 0, 0, 0, 0, 0, 2, '2011-12-16 15:16:50'),
	(15433, 'iFinancial', 'invoiceDetailLedger', 'isNew', 'New', 0, 0, 0, 0, 0, 0, 0, 0, 0, 2, '2011-12-16 15:16:50'),
	(15434, 'iFinancial', 'invoiceDetailLedger', 'isDraft', 'Draft', 0, 0, 0, 0, 0, 0, 0, 0, 0, 2, '2011-12-16 15:16:50'),
	(15435, 'iFinancial', 'invoiceDetailLedger', 'isUpdate', 'Update', 0, 0, 0, 0, 0, 0, 0, 0, 0, 2, '2011-12-16 15:16:50'),
	(15436, 'iFinancial', 'invoiceDetailLedger', 'isDelete', 'Delete', 0, 0, 0, 0, 0, 0, 0, 0, 0, 2, '2011-12-16 15:16:50'),
	(15437, 'iFinancial', 'invoiceDetailLedger', 'isActive', 'Active', 0, 0, 0, 0, 0, 0, 0, 0, 0, 2, '2011-12-16 15:16:50'),
	(15438, 'iFinancial', 'invoiceDetailLedger', 'isApproved', 'Approved', 0, 0, 0, 0, 0, 0, 0, 0, 0, 2, '2011-12-16 15:16:50'),
	(15439, 'iFinancial', 'invoiceDetailLedger', 'isReview', 'Review', 0, 0, 0, 0, 0, 0, 0, 0, 0, 2, '2011-12-16 15:16:50'),
	(15440, 'iFinancial', 'invoiceDetailLedger', 'isPost', 'Post', 0, 0, 0, 0, 0, 0, 0, 0, 0, 2, '2011-12-16 15:16:50'),
	(15441, 'iFinancial', 'invoiceDetailLedger', 'executeBy', 'By', 0, 0, 0, 0, 0, 0, 0, 0, 0, 2, '2011-12-16 15:16:50'),
	(15442, 'iFinancial', 'invoiceDetailLedger', 'executeTime', 'Time', 0, 0, 0, 0, 0, 0, 0, 0, 0, 2, '2011-12-16 15:16:50'),
	(15443, 'iFinancial', 'invoiceLedger', 'invoiceLedgerId', 'invoiceLedger', 0, 0, 0, 0, 0, 0, 0, 0, 0, 2, '2011-12-16 15:16:50'),
	(15444, 'iFinancial', 'invoiceLedger', 'documentNo', 'Document No', 0, 0, 0, 0, 0, 0, 0, 0, 0, 2, '2011-12-16 15:16:50'),
	(15445, 'iFinancial', 'invoiceLedger', 'referenceNo', 'Reference No', 0, 0, 0, 0, 0, 0, 0, 0, 0, 2, '2011-12-16 15:16:50'),
	(15446, 'iFinancial', 'invoiceLedger', 'invoiceLedgerTitle', 'Title', 0, 0, 0, 0, 0, 0, 0, 0, 0, 2, '2011-12-16 15:16:50'),
	(15447, 'iFinancial', 'invoiceLedger', 'invoiceLedgerDesc', 'Desc', 0, 0, 0, 0, 0, 0, 0, 0, 0, 2, '2011-12-16 15:16:50'),
	(15448, 'iFinancial', 'invoiceLedger', 'invoiceLedgerDate', 'Date', 0, 0, 0, 0, 0, 0, 0, 0, 0, 2, '2011-12-16 15:16:50'),
	(15449, 'iFinancial', 'invoiceLedger', 'invoiceLedgerStartDate', 'Start Date', 0, 0, 0, 0, 0, 0, 0, 0, 0, 2, '2011-12-16 15:16:50'),
	(15450, 'iFinancial', 'invoiceLedger', 'invoiceLedgerEndDate', 'End Date', 0, 0, 0, 0, 0, 0, 0, 0, 0, 2, '2011-12-16 15:16:50'),
	(15451, 'iFinancial', 'invoiceLedger', 'invoiceLedgerAmount', 'Amount', 0, 0, 0, 0, 0, 0, 0, 0, 0, 2, '2011-12-16 15:16:50'),
	(15452, 'iFinancial', 'invoiceLedger', 'businessPartnerId', 'businessPartner', 0, 0, 0, 0, 0, 0, 0, 0, 0, 2, '2011-12-16 15:16:50'),
	(15453, 'iFinancial', 'invoiceLedger', 'invoiceCategoryId', 'invoiceCategory', 0, 0, 0, 0, 0, 0, 0, 0, 0, 2, '2011-12-16 15:16:50'),
	(15454, 'iFinancial', 'invoiceLedger', 'invoiceTypeId', 'invoiceType', 0, 0, 0, 0, 0, 0, 0, 0, 0, 2, '2011-12-16 15:16:50'),
	(15455, 'iFinancial', 'invoiceLedger', 'invoiceId', 'invoice', 0, 0, 0, 0, 0, 0, 0, 0, 0, 2, '2011-12-16 15:16:50'),
	(15456, 'iFinancial', 'invoiceLedger', 'isDefault', 'Default', 0, 0, 0, 0, 0, 0, 0, 0, 0, 2, '2011-12-16 15:16:50'),
	(15457, 'iFinancial', 'invoiceLedger', 'isNew', 'New', 0, 0, 0, 0, 0, 0, 0, 0, 0, 2, '2011-12-16 15:16:50'),
	(15458, 'iFinancial', 'invoiceLedger', 'isDraft', 'Draft', 0, 0, 0, 0, 0, 0, 0, 0, 0, 2, '2011-12-16 15:16:50'),
	(15459, 'iFinancial', 'invoiceLedger', 'isUpdate', 'Update', 0, 0, 0, 0, 0, 0, 0, 0, 0, 2, '2011-12-16 15:16:50'),
	(15460, 'iFinancial', 'invoiceLedger', 'isDelete', 'Delete', 0, 0, 0, 0, 0, 0, 0, 0, 0, 2, '2011-12-16 15:16:50'),
	(15461, 'iFinancial', 'invoiceLedger', 'isActive', 'Active', 0, 0, 0, 0, 0, 0, 0, 0, 0, 2, '2011-12-16 15:16:50'),
	(15462, 'iFinancial', 'invoiceLedger', 'isApproved', 'Approved', 0, 0, 0, 0, 0, 0, 0, 0, 0, 2, '2011-12-16 15:16:50'),
	(15463, 'iFinancial', 'invoiceLedger', 'isReview', 'Review', 0, 0, 0, 0, 0, 0, 0, 0, 0, 2, '2011-12-16 15:16:50'),
	(15464, 'iFinancial', 'invoiceLedger', 'isPost', 'Post', 0, 0, 0, 0, 0, 0, 0, 0, 0, 2, '2011-12-16 15:16:50'),
	(15465, 'iFinancial', 'invoiceLedger', 'executeBy', 'By', 0, 0, 0, 0, 0, 0, 0, 0, 0, 2, '2011-12-16 15:16:50'),
	(15466, 'iFinancial', 'invoiceLedger', 'executeTime', 'Time', 0, 0, 0, 0, 0, 0, 0, 0, 0, 2, '2011-12-16 15:16:50'),
	(15467, 'iFinancial', 'invoiceType', 'invoiceTypeId', 'invoiceType', 0, 0, 0, 0, 0, 0, 0, 0, 0, 2, '2011-12-16 15:16:50'),
	(15468, 'iFinancial', 'invoiceType', 'invoiceCategoryId', 'invoiceCategory', 0, 0, 0, 0, 0, 0, 0, 0, 0, 2, '2011-12-16 15:16:50'),
	(15469, 'iFinancial', 'invoiceType', 'invoiceTypeSequence', 'Sequence', 0, 0, 0, 0, 0, 0, 0, 0, 0, 2, '2011-12-16 15:16:50'),
	(15470, 'iFinancial', 'invoiceType', 'invoiceTypeCode', 'Code', 0, 0, 0, 0, 0, 0, 0, 0, 0, 2, '2011-12-16 15:16:50'),
	(15471, 'iFinancial', 'invoiceType', 'invoiceTypeDesc', 'Desc', 0, 0, 0, 0, 0, 0, 0, 0, 0, 2, '2011-12-16 15:16:50'),
	(15472, 'iFinancial', 'invoiceType', 'invoiceTypeCreditLimit', 'Credit Limit', 0, 0, 0, 0, 0, 0, 0, 0, 0, 2, '2011-12-16 15:16:50'),
	(15473, 'iFinancial', 'invoiceType', 'invoiceTypeInterestRate', 'Interest Rate', 0, 0, 0, 0, 0, 0, 0, 0, 0, 2, '2011-12-16 15:16:50'),
	(15474, 'iFinancial', 'invoiceType', 'invoiceTypeMinimumDeposit', 'Minimum Deposit', 0, 0, 0, 0, 0, 0, 0, 0, 0, 2, '2011-12-16 15:16:50'),
	(15475, 'iFinancial', 'invoiceType', 'generalLedgerChartOfAccountDimensionId', 'generalLedgerChartOfAccountDimension', 0, 0, 0, 0, 0, 0, 0, 0, 0, 2, '2011-12-16 15:16:50'),
	(15476, 'iFinancial', 'invoiceType', 'lateInterestId', 'lateInterest', 0, 0, 0, 0, 0, 0, 0, 0, 0, 2, '2011-12-16 15:16:50'),
	(15477, 'iFinancial', 'invoiceType', 'isDefault', 'Default', 0, 0, 0, 0, 0, 0, 0, 0, 0, 2, '2011-12-16 15:16:50'),
	(15478, 'iFinancial', 'invoiceType', 'isNew', 'New', 0, 0, 0, 0, 0, 0, 0, 0, 0, 2, '2011-12-16 15:16:50'),
	(15479, 'iFinancial', 'invoiceType', 'isDraft', 'Draft', 0, 0, 0, 0, 0, 0, 0, 0, 0, 2, '2011-12-16 15:16:50'),
	(15480, 'iFinancial', 'invoiceType', 'isUpdate', 'Update', 0, 0, 0, 0, 0, 0, 0, 0, 0, 2, '2011-12-16 15:16:50'),
	(15481, 'iFinancial', 'invoiceType', 'isDelete', 'Delete', 0, 0, 0, 0, 0, 0, 0, 0, 0, 2, '2011-12-16 15:16:50'),
	(15482, 'iFinancial', 'invoiceType', 'isActive', 'Active', 0, 0, 0, 0, 0, 0, 0, 0, 0, 2, '2011-12-16 15:16:50'),
	(15483, 'iFinancial', 'invoiceType', 'isApproved', 'Approved', 0, 0, 0, 0, 0, 0, 0, 0, 0, 2, '2011-12-16 15:16:50'),
	(15484, 'iFinancial', 'invoiceType', 'isReview', 'Review', 0, 0, 0, 0, 0, 0, 0, 0, 0, 2, '2011-12-16 15:16:50'),
	(15485, 'iFinancial', 'invoiceType', 'isPost', 'Post', 0, 0, 0, 0, 0, 0, 0, 0, 0, 2, '2011-12-16 15:16:50'),
	(15486, 'iFinancial', 'invoiceType', 'executeBy', 'By', 0, 0, 0, 0, 0, 0, 0, 0, 0, 2, '2011-12-16 15:16:50'),
	(15487, 'iFinancial', 'invoiceType', 'executeTime', 'Time', 0, 0, 0, 0, 0, 0, 0, 0, 0, 2, '2011-12-16 15:16:50'),
	(15488, 'iFinancial', 'lateInterest', 'lateInterestId', 'lateInterest', 0, 0, 0, 0, 0, 0, 0, 0, 0, 2, '2011-12-16 15:16:50'),
	(15489, 'iFinancial', 'lateInterest', 'lateInterestSequence', 'Sequence', 0, 0, 0, 0, 0, 0, 0, 0, 0, 2, '2011-12-16 15:16:50'),
	(15490, 'iFinancial', 'lateInterest', 'lateInterestCode', 'Code', 0, 0, 0, 0, 0, 0, 0, 0, 0, 2, '2011-12-16 15:16:50'),
	(15491, 'iFinancial', 'lateInterest', 'lateInterestDesc', 'Desc', 0, 0, 0, 0, 0, 0, 0, 0, 0, 2, '2011-12-16 15:16:50'),
	(15492, 'iFinancial', 'lateInterest', 'lateInterestWarningDay', 'Warning Day', 0, 0, 0, 0, 0, 0, 0, 0, 0, 2, '2011-12-16 15:16:50'),
	(15493, 'iFinancial', 'lateInterest', 'lateInterestGraceDay', 'Grace Day', 0, 0, 0, 0, 0, 0, 0, 0, 0, 2, '2011-12-16 15:16:50'),
	(15494, 'iFinancial', 'lateInterest', 'lateInterestChargeTypeId', 'lateInterestChargeType', 0, 0, 0, 0, 0, 0, 0, 0, 0, 2, '2011-12-16 15:16:50'),
	(15495, 'iFinancial', 'lateInterest', 'isDefault', 'Default', 0, 0, 0, 0, 0, 0, 0, 0, 0, 2, '2011-12-16 15:16:50'),
	(15496, 'iFinancial', 'lateInterest', 'isNew', 'New', 0, 0, 0, 0, 0, 0, 0, 0, 0, 2, '2011-12-16 15:16:50'),
	(15497, 'iFinancial', 'lateInterest', 'isDraft', 'Draft', 0, 0, 0, 0, 0, 0, 0, 0, 0, 2, '2011-12-16 15:16:50'),
	(15498, 'iFinancial', 'lateInterest', 'isUpdate', 'Update', 0, 0, 0, 0, 0, 0, 0, 0, 0, 2, '2011-12-16 15:16:50'),
	(15499, 'iFinancial', 'lateInterest', 'isDelete', 'Delete', 0, 0, 0, 0, 0, 0, 0, 0, 0, 2, '2011-12-16 15:16:50'),
	(15500, 'iFinancial', 'lateInterest', 'isActive', 'Active', 0, 0, 0, 0, 0, 0, 0, 0, 0, 2, '2011-12-16 15:16:50'),
	(15501, 'iFinancial', 'lateInterest', 'isApproved', 'Approved', 0, 0, 0, 0, 0, 0, 0, 0, 0, 2, '2011-12-16 15:16:50'),
	(15502, 'iFinancial', 'lateInterest', 'isReview', 'Review', 0, 0, 0, 0, 0, 0, 0, 0, 0, 2, '2011-12-16 15:16:50'),
	(15503, 'iFinancial', 'lateInterest', 'isPost', 'Post', 0, 0, 0, 0, 0, 0, 0, 0, 0, 2, '2011-12-16 15:16:50'),
	(15504, 'iFinancial', 'lateInterest', 'executeBy', 'By', 0, 0, 0, 0, 0, 0, 0, 0, 0, 2, '2011-12-16 15:16:50'),
	(15505, 'iFinancial', 'lateInterest', 'executeTime', 'Time', 0, 0, 0, 0, 0, 0, 0, 0, 0, 2, '2011-12-16 15:16:50'),
	(15506, 'iFinancial', 'lateInterestDetail', 'lateInterestDetailId', 'lateInterestDetail', 0, 0, 0, 0, 0, 0, 0, 0, 0, 2, '2011-12-16 15:16:50'),
	(15507, 'iFinancial', 'lateInterestDetail', 'lateInterestId', 'lateInterest', 0, 0, 0, 0, 0, 0, 0, 0, 0, 2, '2011-12-16 15:16:50'),
	(15508, 'iFinancial', 'lateInterestDetail', 'lateInterestDetailPeriod', 'Period', 0, 0, 0, 0, 0, 0, 0, 0, 0, 2, '2011-12-16 15:16:50'),
	(15509, 'iFinancial', 'lateInterestDetail', 'LateInterestDetailAmount', 'Late Interest Detail   Amount', 0, 0, 0, 0, 0, 0, 0, 0, 0, 2, '2011-12-16 15:16:50'),
	(15510, 'iFinancial', 'lateInterestDetail', 'isDefault', 'Default', 0, 0, 0, 0, 0, 0, 0, 0, 0, 2, '2011-12-16 15:16:50'),
	(15511, 'iFinancial', 'lateInterestDetail', 'isNew', 'New', 0, 0, 0, 0, 0, 0, 0, 0, 0, 2, '2011-12-16 15:16:50'),
	(15512, 'iFinancial', 'lateInterestDetail', 'isDraft', 'Draft', 0, 0, 0, 0, 0, 0, 0, 0, 0, 2, '2011-12-16 15:16:50'),
	(15513, 'iFinancial', 'lateInterestDetail', 'isUpdate', 'Update', 0, 0, 0, 0, 0, 0, 0, 0, 0, 2, '2011-12-16 15:16:50'),
	(15514, 'iFinancial', 'lateInterestDetail', 'isDelete', 'Delete', 0, 0, 0, 0, 0, 0, 0, 0, 0, 2, '2011-12-16 15:16:50'),
	(15515, 'iFinancial', 'lateInterestDetail', 'isActive', 'Active', 0, 0, 0, 0, 0, 0, 0, 0, 0, 2, '2011-12-16 15:16:50'),
	(15516, 'iFinancial', 'lateInterestDetail', 'isApproved', 'Approved', 0, 0, 0, 0, 0, 0, 0, 0, 0, 2, '2011-12-16 15:16:50'),
	(15517, 'iFinancial', 'lateInterestDetail', 'isReview', 'Review', 0, 0, 0, 0, 0, 0, 0, 0, 0, 2, '2011-12-16 15:16:50'),
	(15518, 'iFinancial', 'lateInterestDetail', 'isPost', 'Post', 0, 0, 0, 0, 0, 0, 0, 0, 0, 2, '2011-12-16 15:16:50'),
	(15519, 'iFinancial', 'lateInterestDetail', 'executeBy', 'By', 0, 0, 0, 0, 0, 0, 0, 0, 0, 2, '2011-12-16 15:16:50'),
	(15520, 'iFinancial', 'lateInterestDetail', 'executeTime', 'Time', 0, 0, 0, 0, 0, 0, 0, 0, 0, 2, '2011-12-16 15:16:50'),
	(15521, 'iFinancial', 'lateInterestType', 'lateInterestTypeId', 'lateInterestType', 0, 0, 0, 0, 0, 0, 0, 0, 0, 2, '2011-12-16 15:16:50'),
	(15522, 'iFinancial', 'lateInterestType', 'lateInterestTypeSequence', 'Sequence', 0, 0, 0, 0, 0, 0, 0, 0, 0, 2, '2011-12-16 15:16:50'),
	(15523, 'iFinancial', 'lateInterestType', 'lateInterestTypeCode', 'Code', 0, 0, 0, 0, 0, 0, 0, 0, 0, 2, '2011-12-16 15:16:50'),
	(15524, 'iFinancial', 'lateInterestType', 'lateInterestTypeDesc', 'Desc', 0, 0, 0, 0, 0, 0, 0, 0, 0, 2, '2011-12-16 15:16:50'),
	(15525, 'iFinancial', 'lateInterestType', 'isDefault', 'Default', 0, 0, 0, 0, 0, 0, 0, 0, 0, 2, '2011-12-16 15:16:50'),
	(15526, 'iFinancial', 'lateInterestType', 'isNew', 'New', 0, 0, 0, 0, 0, 0, 0, 0, 0, 2, '2011-12-16 15:16:50'),
	(15527, 'iFinancial', 'lateInterestType', 'isDraft', 'Draft', 0, 0, 0, 0, 0, 0, 0, 0, 0, 2, '2011-12-16 15:16:50'),
	(15528, 'iFinancial', 'lateInterestType', 'isUpdate', 'Update', 0, 0, 0, 0, 0, 0, 0, 0, 0, 2, '2011-12-16 15:16:50'),
	(15529, 'iFinancial', 'lateInterestType', 'isDelete', 'Delete', 0, 0, 0, 0, 0, 0, 0, 0, 0, 2, '2011-12-16 15:16:50'),
	(15530, 'iFinancial', 'lateInterestType', 'isActive', 'Active', 0, 0, 0, 0, 0, 0, 0, 0, 0, 2, '2011-12-16 15:16:50'),
	(15531, 'iFinancial', 'lateInterestType', 'isApproved', 'Approved', 0, 0, 0, 0, 0, 0, 0, 0, 0, 2, '2011-12-16 15:16:50'),
	(15532, 'iFinancial', 'lateInterestType', 'isReview', 'Review', 0, 0, 0, 0, 0, 0, 0, 0, 0, 2, '2011-12-16 15:16:50'),
	(15533, 'iFinancial', 'lateInterestType', 'isPost', 'Post', 0, 0, 0, 0, 0, 0, 0, 0, 0, 2, '2011-12-16 15:16:50'),
	(15534, 'iFinancial', 'lateInterestType', 'executeBy', 'By', 0, 0, 0, 0, 0, 0, 0, 0, 0, 2, '2011-12-16 15:16:50'),
	(15535, 'iFinancial', 'lateInterestType', 'executeTime', 'Time', 0, 0, 0, 0, 0, 0, 0, 0, 0, 2, '2011-12-16 15:16:50'),
	(15536, 'iFinancial', 'refundLedger', 'refundLedgerId', 'refundLedger', 0, 0, 0, 0, 0, 0, 0, 0, 0, 2, '2011-12-16 15:16:50'),
	(15537, 'iFinancial', 'refundLedger', 'documentNo', 'Document No', 0, 0, 0, 0, 0, 0, 0, 0, 0, 2, '2011-12-16 15:16:50'),
	(15538, 'iFinancial', 'refundLedger', 'referenceNo', 'Reference No', 0, 0, 0, 0, 0, 0, 0, 0, 0, 2, '2011-12-16 15:16:50'),
	(15539, 'iFinancial', 'refundLedger', 'refundLedgerTitle', 'Title', 0, 0, 0, 0, 0, 0, 0, 0, 0, 2, '2011-12-16 15:16:50'),
	(15540, 'iFinancial', 'refundLedger', 'refundLedgerDesc', 'Desc', 0, 0, 0, 0, 0, 0, 0, 0, 0, 2, '2011-12-16 15:16:50'),
	(15541, 'iFinancial', 'refundLedger', 'refundLedgerDate', 'Date', 0, 0, 0, 0, 0, 0, 0, 0, 0, 2, '2011-12-16 15:16:50'),
	(15542, 'iFinancial', 'refundLedger', 'refundLedgerAmount', 'Amount', 0, 0, 0, 0, 0, 0, 0, 0, 0, 2, '2011-12-16 15:16:50'),
	(15543, 'iFinancial', 'refundLedger', 'businessPartnerId', 'businessPartner', 0, 0, 0, 0, 0, 0, 0, 0, 0, 2, '2011-12-16 15:16:50'),
	(15544, 'iFinancial', 'refundLedger', 'invoiceCategoryId', 'invoiceCategory', 0, 0, 0, 0, 0, 0, 0, 0, 0, 2, '2011-12-16 15:16:50'),
	(15545, 'iFinancial', 'refundLedger', 'invoiceTypeId', 'invoiceType', 0, 0, 0, 0, 0, 0, 0, 0, 0, 2, '2011-12-16 15:16:50'),
	(15546, 'iFinancial', 'refundLedger', 'invoiceLedgerId', 'invoiceLedger', 0, 0, 0, 0, 0, 0, 0, 0, 0, 2, '2011-12-16 15:16:50'),
	(15547, 'iFinancial', 'refundLedger', 'isDefault', 'Default', 0, 0, 0, 0, 0, 0, 0, 0, 0, 2, '2011-12-16 15:16:50'),
	(15548, 'iFinancial', 'refundLedger', 'isNew', 'New', 0, 0, 0, 0, 0, 0, 0, 0, 0, 2, '2011-12-16 15:16:50'),
	(15549, 'iFinancial', 'refundLedger', 'isDraft', 'Draft', 0, 0, 0, 0, 0, 0, 0, 0, 0, 2, '2011-12-16 15:16:50'),
	(15550, 'iFinancial', 'refundLedger', 'isUpdate', 'Update', 0, 0, 0, 0, 0, 0, 0, 0, 0, 2, '2011-12-16 15:16:50'),
	(15551, 'iFinancial', 'refundLedger', 'isDelete', 'Delete', 0, 0, 0, 0, 0, 0, 0, 0, 0, 2, '2011-12-16 15:16:50'),
	(15552, 'iFinancial', 'refundLedger', 'isActive', 'Active', 0, 0, 0, 0, 0, 0, 0, 0, 0, 2, '2011-12-16 15:16:50'),
	(15553, 'iFinancial', 'refundLedger', 'isApproved', 'Approved', 0, 0, 0, 0, 0, 0, 0, 0, 0, 2, '2011-12-16 15:16:50'),
	(15554, 'iFinancial', 'refundLedger', 'isReview', 'Review', 0, 0, 0, 0, 0, 0, 0, 0, 0, 2, '2011-12-16 15:16:50'),
	(15555, 'iFinancial', 'refundLedger', 'isPost', 'Post', 0, 0, 0, 0, 0, 0, 0, 0, 0, 2, '2011-12-16 15:16:50'),
	(15556, 'iFinancial', 'refundLedger', 'isReconciled', 'Is Reconciled', 0, 0, 0, 0, 0, 0, 0, 0, 0, 2, '2011-12-16 15:16:50'),
	(15557, 'iFinancial', 'refundLedger', 'executeBy', 'By', 0, 0, 0, 0, 0, 0, 0, 0, 0, 2, '2011-12-16 15:16:50'),
	(15558, 'iFinancial', 'refundLedger', 'executeTime', 'Time', 0, 0, 0, 0, 0, 0, 0, 0, 0, 2, '2011-12-16 15:16:50'),
	(15559, 'iFinancial', 'refundLedgerDetail', 'refundLedgerDetailId', 'refundLedgerDetail', 0, 0, 0, 0, 0, 0, 0, 0, 0, 2, '2011-12-16 15:16:50'),
	(15560, 'iFinancial', 'refundLedgerDetail', 'refundLedgerId', 'refundLedger', 0, 0, 0, 0, 0, 0, 0, 0, 0, 2, '2011-12-16 15:16:50'),
	(15561, 'iFinancial', 'refundLedgerDetail', 'generalLedgerChartOfAccountId', 'generalLedgerChartOfAccount', 0, 0, 0, 0, 0, 0, 0, 0, 0, 2, '2011-12-16 15:16:50'),
	(15562, 'iFinancial', 'refundLedgerDetail', 'countryId', 'country', 0, 0, 0, 0, 0, 0, 0, 0, 0, 2, '2011-12-16 15:16:50'),
	(15563, 'iFinancial', 'refundLedgerDetail', 'transactionMode', 'Transaction Mode', 0, 0, 0, 0, 0, 0, 0, 0, 0, 2, '2011-12-16 15:16:50'),
	(15564, 'iFinancial', 'refundLedgerDetail', 'refundLedgerDetailAmount', 'Amount', 0, 0, 0, 0, 0, 0, 0, 0, 0, 2, '2011-12-16 15:16:50'),
	(15565, 'iFinancial', 'refundLedgerDetail', 'isDefault', 'Default', 0, 0, 0, 0, 0, 0, 0, 0, 0, 2, '2011-12-16 15:16:50'),
	(15566, 'iFinancial', 'refundLedgerDetail', 'isNew', 'New', 0, 0, 0, 0, 0, 0, 0, 0, 0, 2, '2011-12-16 15:16:50'),
	(15567, 'iFinancial', 'refundLedgerDetail', 'isDraft', 'Draft', 0, 0, 0, 0, 0, 0, 0, 0, 0, 2, '2011-12-16 15:16:50'),
	(15568, 'iFinancial', 'refundLedgerDetail', 'isUpdate', 'Update', 0, 0, 0, 0, 0, 0, 0, 0, 0, 2, '2011-12-16 15:16:50'),
	(15569, 'iFinancial', 'refundLedgerDetail', 'isDelete', 'Delete', 0, 0, 0, 0, 0, 0, 0, 0, 0, 2, '2011-12-16 15:16:50'),
	(15570, 'iFinancial', 'refundLedgerDetail', 'isActive', 'Active', 0, 0, 0, 0, 0, 0, 0, 0, 0, 2, '2011-12-16 15:16:50'),
	(15571, 'iFinancial', 'refundLedgerDetail', 'isApproved', 'Approved', 0, 0, 0, 0, 0, 0, 0, 0, 0, 2, '2011-12-16 15:16:50'),
	(15572, 'iFinancial', 'refundLedgerDetail', 'isReview', 'Review', 0, 0, 0, 0, 0, 0, 0, 0, 0, 2, '2011-12-16 15:16:50'),
	(15573, 'iFinancial', 'refundLedgerDetail', 'isPost', 'Post', 0, 0, 0, 0, 0, 0, 0, 0, 0, 2, '2011-12-16 15:16:50'),
	(15574, 'iFinancial', 'refundLedgerDetail', 'executeBy', 'By', 0, 0, 0, 0, 0, 0, 0, 0, 0, 2, '2011-12-16 15:16:50'),
	(15575, 'iFinancial', 'refundLedgerDetail', 'executeTime', 'Time', 0, 0, 0, 0, 0, 0, 0, 0, 0, 2, '2011-12-16 15:16:50'),
	(15576, 'iFinancial', 'refundType', 'refundTypeId', 'refundType', 0, 0, 0, 0, 0, 0, 0, 0, 0, 2, '2011-12-16 15:16:50'),
	(15577, 'iFinancial', 'refundType', 'refundTypeSequence', 'Sequence', 0, 0, 0, 0, 0, 0, 0, 0, 0, 2, '2011-12-16 15:16:50'),
	(15578, 'iFinancial', 'refundType', 'refundTypeCode', 'Code', 0, 0, 0, 0, 0, 0, 0, 0, 0, 2, '2011-12-16 15:16:50'),
	(15579, 'iFinancial', 'refundType', 'refundTypeDesc', 'Desc', 0, 0, 0, 0, 0, 0, 0, 0, 0, 2, '2011-12-16 15:16:50'),
	(15580, 'iFinancial', 'refundType', 'isDefault', 'Default', 0, 0, 0, 0, 0, 0, 0, 0, 0, 2, '2011-12-16 15:16:50'),
	(15581, 'iFinancial', 'refundType', 'isNew', 'New', 0, 0, 0, 0, 0, 0, 0, 0, 0, 2, '2011-12-16 15:16:50'),
	(15582, 'iFinancial', 'refundType', 'isDraft', 'Draft', 0, 0, 0, 0, 0, 0, 0, 0, 0, 2, '2011-12-16 15:16:50'),
	(15583, 'iFinancial', 'refundType', 'isUpdate', 'Update', 0, 0, 0, 0, 0, 0, 0, 0, 0, 2, '2011-12-16 15:16:50'),
	(15584, 'iFinancial', 'refundType', 'isDelete', 'Delete', 0, 0, 0, 0, 0, 0, 0, 0, 0, 2, '2011-12-16 15:16:50'),
	(15585, 'iFinancial', 'refundType', 'isActive', 'Active', 0, 0, 0, 0, 0, 0, 0, 0, 0, 2, '2011-12-16 15:16:50'),
	(15586, 'iFinancial', 'refundType', 'isApproved', 'Approved', 0, 0, 0, 0, 0, 0, 0, 0, 0, 2, '2011-12-16 15:16:50'),
	(15587, 'iFinancial', 'refundType', 'isReview', 'Review', 0, 0, 0, 0, 0, 0, 0, 0, 0, 2, '2011-12-16 15:16:50'),
	(15588, 'iFinancial', 'refundType', 'isPost', 'Post', 0, 0, 0, 0, 0, 0, 0, 0, 0, 2, '2011-12-16 15:16:50'),
	(15589, 'iFinancial', 'refundType', 'executeBy', 'By', 0, 0, 0, 0, 0, 0, 0, 0, 0, 2, '2011-12-16 15:16:50'),
	(15590, 'iFinancial', 'refundType', 'executeTime', 'Time', 0, 0, 0, 0, 0, 0, 0, 0, 0, 2, '2011-12-16 15:16:50'),
	(15591, 'iFinancial', 'transactionDetailLedger', 'transactionDetailLedgerId', 'transactionDetailLedger', 0, 0, 0, 0, 0, 0, 0, 0, 0, 2, '2011-12-16 15:16:50'),
	(15592, 'iFinancial', 'transactionDetailLedger', 'transactionLedgerId', 'transactionLedger', 0, 0, 0, 0, 0, 0, 0, 0, 0, 2, '2011-12-16 15:16:50'),
	(15593, 'iFinancial', 'transactionDetailLedger', 'generalLedgerChartOfAccountNo', 'General Ledger Chart Of Account   No', 0, 0, 0, 0, 0, 0, 0, 0, 0, 2, '2011-12-16 15:16:50'),
	(15594, 'iFinancial', 'transactionDetailLedger', 'countryId', 'country', 0, 0, 0, 0, 0, 0, 0, 0, 0, 2, '2011-12-16 15:16:50'),
	(15595, 'iFinancial', 'transactionDetailLedger', 'transactionMode', 'Transaction Mode', 0, 0, 0, 0, 0, 0, 0, 0, 0, 2, '2011-12-16 15:16:50'),
	(15596, 'iFinancial', 'transactionDetailLedger', 'transactionDetailAmount', 'Transaction Amount', 0, 0, 0, 0, 0, 0, 0, 0, 0, 2, '2011-12-16 15:16:50'),
	(15597, 'iFinancial', 'transactionDetailLedger', 'isDefault', 'Default', 0, 0, 0, 0, 0, 0, 0, 0, 0, 2, '2011-12-16 15:16:50'),
	(15598, 'iFinancial', 'transactionDetailLedger', 'isNew', 'New', 0, 0, 0, 0, 0, 0, 0, 0, 0, 2, '2011-12-16 15:16:50'),
	(15599, 'iFinancial', 'transactionDetailLedger', 'isDraft', 'Draft', 0, 0, 0, 0, 0, 0, 0, 0, 0, 2, '2011-12-16 15:16:50'),
	(15600, 'iFinancial', 'transactionDetailLedger', 'isUpdate', 'Update', 0, 0, 0, 0, 0, 0, 0, 0, 0, 2, '2011-12-16 15:16:50'),
	(15601, 'iFinancial', 'transactionDetailLedger', 'isDelete', 'Delete', 0, 0, 0, 0, 0, 0, 0, 0, 0, 2, '2011-12-16 15:16:50'),
	(15602, 'iFinancial', 'transactionDetailLedger', 'isActive', 'Active', 0, 0, 0, 0, 0, 0, 0, 0, 0, 2, '2011-12-16 15:16:50'),
	(15603, 'iFinancial', 'transactionDetailLedger', 'isApproved', 'Approved', 0, 0, 0, 0, 0, 0, 0, 0, 0, 2, '2011-12-16 15:16:50'),
	(15604, 'iFinancial', 'transactionDetailLedger', 'isReview', 'Review', 0, 0, 0, 0, 0, 0, 0, 0, 0, 2, '2011-12-16 15:16:50'),
	(15605, 'iFinancial', 'transactionDetailLedger', 'isPost', 'Post', 0, 0, 0, 0, 0, 0, 0, 0, 0, 2, '2011-12-16 15:16:50'),
	(15606, 'iFinancial', 'transactionDetailLedger', 'executeBy', 'By', 0, 0, 0, 0, 0, 0, 0, 0, 0, 2, '2011-12-16 15:16:50'),
	(15607, 'iFinancial', 'transactionDetailLedger', 'executeTime', 'Time', 0, 0, 0, 0, 0, 0, 0, 0, 0, 2, '2011-12-16 15:16:50'),
	(15608, 'iFinancial', 'transactionLedger', 'transactionLedgerId', 'transactionLedger', 0, 0, 0, 0, 0, 0, 0, 0, 0, 2, '2011-12-16 15:16:50'),
	(15609, 'iFinancial', 'transactionLedger', 'documentNo', 'Document No', 0, 0, 0, 0, 0, 0, 0, 0, 0, 2, '2011-12-16 15:16:50'),
	(15610, 'iFinancial', 'transactionLedger', 'referenceNo', 'Reference No', 0, 0, 0, 0, 0, 0, 0, 0, 0, 2, '2011-12-16 15:16:50'),
	(15611, 'iFinancial', 'transactionLedger', 'transactionLedgerTitle', 'Title', 0, 0, 0, 0, 0, 0, 0, 0, 0, 2, '2011-12-16 15:16:50'),
	(15612, 'iFinancial', 'transactionLedger', 'transactionLedgerDesc', 'Desc', 0, 0, 0, 0, 0, 0, 0, 0, 0, 2, '2011-12-16 15:16:50'),
	(15613, 'iFinancial', 'transactionLedger', 'transactionLedgerAmount', 'Amount', 0, 0, 0, 0, 0, 0, 0, 0, 0, 2, '2011-12-16 15:16:50'),
	(15614, 'iFinancial', 'transactionLedger', 'transactionLedgerDate', 'Date', 0, 0, 0, 0, 0, 0, 0, 0, 0, 2, '2011-12-16 15:16:50'),
	(15615, 'iFinancial', 'transactionLedger', 'businessPartnerId', 'businessPartner', 0, 0, 0, 0, 0, 0, 0, 0, 0, 2, '2011-12-16 15:16:50'),
	(15616, 'iFinancial', 'transactionLedger', 'reconciled', 'Reconciled', 0, 0, 0, 0, 0, 0, 0, 0, 0, 2, '2011-12-16 15:16:50'),
	(15617, 'iFinancial', 'transactionLedger', 'isDefault', 'Default', 0, 0, 0, 0, 0, 0, 0, 0, 0, 2, '2011-12-16 15:16:50'),
	(15618, 'iFinancial', 'transactionLedger', 'isNew', 'New', 0, 0, 0, 0, 0, 0, 0, 0, 0, 2, '2011-12-16 15:16:50'),
	(15619, 'iFinancial', 'transactionLedger', 'isDraft', 'Draft', 0, 0, 0, 0, 0, 0, 0, 0, 0, 2, '2011-12-16 15:16:50'),
	(15620, 'iFinancial', 'transactionLedger', 'isUpdate', 'Update', 0, 0, 0, 0, 0, 0, 0, 0, 0, 2, '2011-12-16 15:16:50'),
	(15621, 'iFinancial', 'transactionLedger', 'isDelete', 'Delete', 0, 0, 0, 0, 0, 0, 0, 0, 0, 2, '2011-12-16 15:16:50'),
	(15622, 'iFinancial', 'transactionLedger', 'isActive', 'Active', 0, 0, 0, 0, 0, 0, 0, 0, 0, 2, '2011-12-16 15:16:51'),
	(15623, 'iFinancial', 'transactionLedger', 'isApproved', 'Approved', 0, 0, 0, 0, 0, 0, 0, 0, 0, 2, '2011-12-16 15:16:51'),
	(15624, 'iFinancial', 'transactionLedger', 'isReview', 'Review', 0, 0, 0, 0, 0, 0, 0, 0, 0, 2, '2011-12-16 15:16:51'),
	(15625, 'iFinancial', 'transactionLedger', 'isPost', 'Post', 0, 0, 0, 0, 0, 0, 0, 0, 0, 2, '2011-12-16 15:16:51'),
	(15626, 'iFinancial', 'transactionLedger', 'executeBy', 'By', 0, 0, 0, 0, 0, 0, 0, 0, 0, 2, '2011-12-16 15:16:51'),
	(15627, 'iFinancial', 'transactionLedger', 'executeTime', 'Time', 0, 0, 0, 0, 0, 0, 0, 0, 0, 2, '2011-12-16 15:16:51'),
	(15628, 'iFinancial', 'voucherDetailLedger', 'voucherLedgerDetailId', 'voucherLedgerDetail', 0, 0, 0, 0, 0, 0, 0, 0, 0, 2, '2011-12-16 15:16:51'),
	(15629, 'iFinancial', 'voucherDetailLedger', 'voucherLedgerId', 'voucherLedger', 0, 0, 0, 0, 0, 0, 0, 0, 0, 2, '2011-12-16 15:16:51'),
	(15630, 'iFinancial', 'voucherDetailLedger', 'generalLedgerChartAccountId', 'generalLedgerChartAccount', 0, 0, 0, 0, 0, 0, 0, 0, 0, 2, '2011-12-16 15:16:51'),
	(15631, 'iFinancial', 'voucherDetailLedger', 'countryId', 'country', 0, 0, 0, 0, 0, 0, 0, 0, 0, 2, '2011-12-16 15:16:51'),
	(15632, 'iFinancial', 'voucherDetailLedger', 'transactionMode', 'Transaction Mode', 0, 0, 0, 0, 0, 0, 0, 0, 0, 2, '2011-12-16 15:16:51'),
	(15633, 'iFinancial', 'voucherDetailLedger', 'voucherLedgerDetailAmount', 'Voucher Ledger Detail   Amount', 0, 0, 0, 0, 0, 0, 0, 0, 0, 2, '2011-12-16 15:16:51'),
	(15634, 'iFinancial', 'voucherDetailLedger', 'isDefault', 'Default', 0, 0, 0, 0, 0, 0, 0, 0, 0, 2, '2011-12-16 15:16:51'),
	(15635, 'iFinancial', 'voucherDetailLedger', 'isNew', 'New', 0, 0, 0, 0, 0, 0, 0, 0, 0, 2, '2011-12-16 15:16:51'),
	(15636, 'iFinancial', 'voucherDetailLedger', 'isDraft', 'Draft', 0, 0, 0, 0, 0, 0, 0, 0, 0, 2, '2011-12-16 15:16:51'),
	(15637, 'iFinancial', 'voucherDetailLedger', 'isUpdate', 'Update', 0, 0, 0, 0, 0, 0, 0, 0, 0, 2, '2011-12-16 15:16:51'),
	(15638, 'iFinancial', 'voucherDetailLedger', 'isDelete', 'Delete', 0, 0, 0, 0, 0, 0, 0, 0, 0, 2, '2011-12-16 15:16:51'),
	(15639, 'iFinancial', 'voucherDetailLedger', 'isActive', 'Active', 0, 0, 0, 0, 0, 0, 0, 0, 0, 2, '2011-12-16 15:16:51'),
	(15640, 'iFinancial', 'voucherDetailLedger', 'isApproved', 'Approved', 0, 0, 0, 0, 0, 0, 0, 0, 0, 2, '2011-12-16 15:16:51'),
	(15641, 'iFinancial', 'voucherDetailLedger', 'isReview', 'Review', 0, 0, 0, 0, 0, 0, 0, 0, 0, 2, '2011-12-16 15:16:51'),
	(15642, 'iFinancial', 'voucherDetailLedger', 'isPost', 'Post', 0, 0, 0, 0, 0, 0, 0, 0, 0, 2, '2011-12-16 15:16:51'),
	(15643, 'iFinancial', 'voucherDetailLedger', 'executeBy', 'By', 0, 0, 0, 0, 0, 0, 0, 0, 0, 2, '2011-12-16 15:16:51'),
	(15644, 'iFinancial', 'voucherDetailLedger', 'executeTime', 'Time', 0, 0, 0, 0, 0, 0, 0, 0, 0, 2, '2011-12-16 15:16:51'),
	(15645, 'iFinancial', 'voucherLedger', 'voucherLedgerId', 'voucherLedger', 0, 0, 0, 0, 0, 0, 0, 0, 0, 2, '2011-12-16 15:16:51'),
	(15646, 'iFinancial', 'voucherLedger', 'documentNo', 'Document No', 0, 0, 0, 0, 0, 0, 0, 0, 0, 2, '2011-12-16 15:16:51'),
	(15647, 'iFinancial', 'voucherLedger', 'referenceNo', 'Reference No', 0, 0, 0, 0, 0, 0, 0, 0, 0, 2, '2011-12-16 15:16:51'),
	(15648, 'iFinancial', 'voucherLedger', 'voucherLedgerTitle', 'Title', 0, 0, 0, 0, 0, 0, 0, 0, 0, 2, '2011-12-16 15:16:51'),
	(15649, 'iFinancial', 'voucherLedger', 'voucherLedgerDesc', 'Desc', 0, 0, 0, 0, 0, 0, 0, 0, 0, 2, '2011-12-16 15:16:51'),
	(15650, 'iFinancial', 'voucherLedger', 'voucherLedgerDate', 'Date', 0, 0, 0, 0, 0, 0, 0, 0, 0, 2, '2011-12-16 15:16:51'),
	(15651, 'iFinancial', 'voucherLedger', 'voucherLedgerAmount', 'Amount', 0, 0, 0, 0, 0, 0, 0, 0, 0, 2, '2011-12-16 15:16:51'),
	(15652, 'iFinancial', 'voucherLedger', 'businessPartnerId', 'businessPartner', 0, 0, 0, 0, 0, 0, 0, 0, 0, 2, '2011-12-16 15:16:51'),
	(15653, 'iFinancial', 'voucherLedger', 'voucherCategoryId', 'voucherCategory', 0, 0, 0, 0, 0, 0, 0, 0, 0, 2, '2011-12-16 15:16:51'),
	(15654, 'iFinancial', 'voucherLedger', 'voucherTypeId', 'voucherType', 0, 0, 0, 0, 0, 0, 0, 0, 0, 2, '2011-12-16 15:16:51'),
	(15655, 'iFinancial', 'voucherLedger', 'invoiceId', 'invoice', 0, 0, 0, 0, 0, 0, 0, 0, 0, 2, '2011-12-16 15:16:51'),
	(15656, 'iFinancial', 'voucherLedger', 'isDefault', 'Default', 0, 0, 0, 0, 0, 0, 0, 0, 0, 2, '2011-12-16 15:16:51'),
	(15657, 'iFinancial', 'voucherLedger', 'isNew', 'New', 0, 0, 0, 0, 0, 0, 0, 0, 0, 2, '2011-12-16 15:16:51'),
	(15658, 'iFinancial', 'voucherLedger', 'isDraft', 'Draft', 0, 0, 0, 0, 0, 0, 0, 0, 0, 2, '2011-12-16 15:16:51'),
	(15659, 'iFinancial', 'voucherLedger', 'isUpdate', 'Update', 0, 0, 0, 0, 0, 0, 0, 0, 0, 2, '2011-12-16 15:16:51'),
	(15660, 'iFinancial', 'voucherLedger', 'isDelete', 'Delete', 0, 0, 0, 0, 0, 0, 0, 0, 0, 2, '2011-12-16 15:16:51'),
	(15661, 'iFinancial', 'voucherLedger', 'isActive', 'Active', 0, 0, 0, 0, 0, 0, 0, 0, 0, 2, '2011-12-16 15:16:51'),
	(15662, 'iFinancial', 'voucherLedger', 'isApproved', 'Approved', 0, 0, 0, 0, 0, 0, 0, 0, 0, 2, '2011-12-16 15:16:51'),
	(15663, 'iFinancial', 'voucherLedger', 'isReview', 'Review', 0, 0, 0, 0, 0, 0, 0, 0, 0, 2, '2011-12-16 15:16:51'),
	(15664, 'iFinancial', 'voucherLedger', 'isPost', 'Post', 0, 0, 0, 0, 0, 0, 0, 0, 0, 2, '2011-12-16 15:16:51'),
	(15665, 'iFinancial', 'voucherLedger', 'isReconciled', 'Is Reconciled', 0, 0, 0, 0, 0, 0, 0, 0, 0, 2, '2011-12-16 15:16:51'),
	(15666, 'iFinancial', 'voucherLedger', 'executeBy', 'By', 0, 0, 0, 0, 0, 0, 0, 0, 0, 2, '2011-12-16 15:16:51'),
	(15667, 'iFinancial', 'voucherLedger', 'executeTime', 'Time', 0, 0, 0, 0, 0, 0, 0, 0, 0, 2, '2011-12-16 15:16:51'),
	(15668, 'iFinancial', 'voucherType', 'voucherTypeId', 'voucherType', 0, 0, 0, 0, 0, 0, 0, 0, 0, 2, '2011-12-16 15:16:51'),
	(15669, 'iFinancial', 'voucherType', 'voucherTypeSequence', 'Sequence', 0, 0, 0, 0, 0, 0, 0, 0, 0, 2, '2011-12-16 15:16:51'),
	(15670, 'iFinancial', 'voucherType', 'voucherTypeCode', 'Code', 0, 0, 0, 0, 0, 0, 0, 0, 0, 2, '2011-12-16 15:16:51'),
	(15671, 'iFinancial', 'voucherType', 'voucherTypeDesc', 'Desc', 0, 0, 0, 0, 0, 0, 0, 0, 0, 2, '2011-12-16 15:16:51'),
	(15672, 'iFinancial', 'voucherType', 'isDefault', 'Default', 0, 0, 0, 0, 0, 0, 0, 0, 0, 2, '2011-12-16 15:16:51'),
	(15673, 'iFinancial', 'voucherType', 'isNew', 'New', 0, 0, 0, 0, 0, 0, 0, 0, 0, 2, '2011-12-16 15:16:51'),
	(15674, 'iFinancial', 'voucherType', 'isDraft', 'Draft', 0, 0, 0, 0, 0, 0, 0, 0, 0, 2, '2011-12-16 15:16:51'),
	(15675, 'iFinancial', 'voucherType', 'isUpdate', 'Update', 0, 0, 0, 0, 0, 0, 0, 0, 0, 2, '2011-12-16 15:16:51'),
	(15676, 'iFinancial', 'voucherType', 'isDelete', 'Delete', 0, 0, 0, 0, 0, 0, 0, 0, 0, 2, '2011-12-16 15:16:51'),
	(15677, 'iFinancial', 'voucherType', 'isActive', 'Active', 0, 0, 0, 0, 0, 0, 0, 0, 0, 2, '2011-12-16 15:16:51'),
	(15678, 'iFinancial', 'voucherType', 'isApproved', 'Approved', 0, 0, 0, 0, 0, 0, 0, 0, 0, 2, '2011-12-16 15:16:51'),
	(15679, 'iFinancial', 'voucherType', 'isReview', 'Review', 0, 0, 0, 0, 0, 0, 0, 0, 0, 2, '2011-12-16 15:16:51'),
	(15680, 'iFinancial', 'voucherType', 'isPost', 'Post', 0, 0, 0, 0, 0, 0, 0, 0, 0, 2, '2011-12-16 15:16:51'),
	(15681, 'iFinancial', 'voucherType', 'executeBy', 'By', 0, 0, 0, 0, 0, 0, 0, 0, 0, 2, '2011-12-16 15:16:51'),
	(15682, 'iFinancial', 'voucherType', 'executeTime', 'Time', 0, 0, 0, 0, 0, 0, 0, 0, 0, 2, '2011-12-16 15:16:51');
/*!40000 ALTER TABLE `tablemapping` ENABLE KEYS */;


# Dumping structure for table icore.tablemappingForeignKey
DROP TABLE IF EXISTS `tablemappingForeignKey`;
CREATE TABLE IF NOT EXISTS `tablemappingForeignKey` (
  `tableMappingForeignKeyId` int(11) NOT NULL AUTO_INCREMENT COMMENT 'Mapping|',
  `databaseName` varchar(128) COLLATE utf8_unicode_ci NOT NULL,
  `tableMappingForeignKeyName` varchar(64) COLLATE utf8_unicode_ci NOT NULL COMMENT 'Table|',
  `tableMappingForeignKeyEnglish` varchar(128) COLLATE utf8_unicode_ci NOT NULL COMMENT 'English|',
  `isDefault` tinyint(1) NOT NULL,
  `isNew` tinyint(1) NOT NULL,
  `isDraft` tinyint(1) NOT NULL,
  `isUpdate` tinyint(1) NOT NULL,
  `isDelete` tinyint(1) NOT NULL,
  `isActive` tinyint(1) NOT NULL,
  `isApproved` tinyint(1) NOT NULL,
  `isReview` tinyint(1) NOT NULL,
  `isPost` tinyint(1) NOT NULL,
  `executeBy` int(11) NOT NULL,
  `executeTime` datetime NOT NULL,
  PRIMARY KEY (`tableMappingForeignKeyId`)
) ENGINE=InnoDB AUTO_INCREMENT=55 DEFAULT CHARSET=utf8 COLLATE=utf8_unicode_ci;

# Dumping data for table icore.tablemappingForeignKey: ~54 rows (approximately)
/*!40000 ALTER TABLE `tablemappingForeignKey` DISABLE KEYS */;
INSERT INTO `tablemappingForeignKey` (`tableMappingForeignKeyId`, `databaseName`, `tableMappingForeignKeyName`, `tableMappingForeignKeyEnglish`, `isDefault`, `isNew`, `isDraft`, `isUpdate`, `isDelete`, `isActive`, `isApproved`, `isReview`, `isPost`, `executeBy`, `executeTime`) VALUES
	(1, 'iFinancial', 'adjustment', 'adjustment', 0, 0, 0, 0, 0, 0, 0, 0, 0, 2, '2011-12-12 13:35:52'),
	(2, 'iFinancial', 'adjustmentDetail', 'Adjustment Detail', 0, 0, 0, 0, 0, 0, 0, 0, 0, 2, '2011-12-12 13:35:52'),
	(3, 'iFinancial', 'bankBalance', 'Bank Balance', 0, 0, 0, 0, 0, 0, 0, 0, 0, 2, '2011-12-12 13:35:52'),
	(4, 'iFinancial', 'businessPartner', 'Business Partner', 0, 0, 0, 0, 0, 0, 0, 0, 0, 2, '2011-12-12 13:35:52'),
	(5, 'iFinancial', 'businessPartnerCategory', 'Category', 0, 0, 0, 0, 0, 0, 0, 0, 0, 2, '2011-12-12 13:35:52'),
	(6, 'iFinancial', 'businessPartnerContact', 'Contact', 0, 0, 0, 0, 0, 0, 0, 0, 0, 2, '2011-12-12 13:35:52'),
	(7, 'iFinancial', 'country', 'country', 0, 0, 0, 0, 0, 0, 0, 0, 0, 2, '2011-12-12 13:35:52'),
	(8, 'iFinancial', 'documentNoAssign', 'Assign', 0, 0, 0, 0, 0, 0, 0, 0, 0, 2, '2011-12-12 13:35:52'),
	(9, 'iFinancial', 'documentNoCode', 'Code', 0, 0, 0, 0, 0, 0, 0, 0, 0, 2, '2011-12-12 13:35:52'),
	(10, 'iFinancial', 'documentNoSequence', 'Sequence', 0, 0, 0, 0, 0, 0, 0, 0, 0, 2, '2011-12-12 13:35:52'),
	(11, 'iFinancial', 'financialDuration', 'Duration', 0, 0, 0, 0, 0, 0, 0, 0, 0, 2, '2011-12-12 13:35:52'),
	(12, 'iFinancial', 'generalLedger', 'Ledger', 0, 0, 0, 0, 0, 0, 0, 0, 0, 2, '2011-12-12 13:35:52'),
	(13, 'iFinancial', 'generalLedgerBudget', 'Budget', 0, 0, 0, 0, 0, 0, 0, 0, 0, 2, '2011-12-12 13:35:52'),
	(14, 'iFinancial', 'generalLedgerBudgetType', 'Type', 0, 0, 0, 0, 0, 0, 0, 0, 0, 2, '2011-12-12 13:35:52'),
	(15, 'iFinancial', 'generalLedgerChartOfAccount', 'Account', 0, 0, 0, 0, 0, 0, 0, 0, 0, 2, '2011-12-12 13:35:52'),
	(16, 'iFinancial', 'generalLedgerChartOfAccountAccess', 'Access', 0, 0, 0, 0, 0, 0, 0, 0, 0, 2, '2011-12-12 13:35:52'),
	(17, 'iFinancial', 'generalLedgerChartOfAccountDimension', 'Dimension', 0, 0, 0, 0, 0, 0, 0, 0, 0, 2, '2011-12-12 13:35:52'),
	(18, 'iFinancial', 'generalLedgerChartOfAccountReportType', 'Type', 0, 0, 0, 0, 0, 0, 0, 0, 0, 2, '2011-12-12 13:35:52'),
	(19, 'iFinancial', 'generalLedgerChartOfAccountSegment', 'Segment', 0, 0, 0, 0, 0, 0, 0, 0, 0, 2, '2011-12-12 13:35:52'),
	(20, 'iFinancial', 'generalLedgerChartOfAccountSegmentType', 'Type', 0, 0, 0, 0, 0, 0, 0, 0, 0, 2, '2011-12-12 13:35:52'),
	(21, 'iFinancial', 'generalLedgerChartOfAccountType', 'Type', 0, 0, 0, 0, 0, 0, 0, 0, 0, 2, '2011-12-12 13:35:52'),
	(22, 'iFinancial', 'generalLedgerForecast', 'Forecast', 0, 0, 0, 0, 0, 0, 0, 0, 0, 2, '2011-12-12 13:35:52'),
	(23, 'iFinancial', 'generalLedgerJournal', 'Journal', 0, 0, 0, 0, 0, 0, 0, 0, 0, 2, '2011-12-12 13:35:52'),
	(24, 'iFinancial', 'generalLedgerJournalDetail', 'Detail', 0, 0, 0, 0, 0, 0, 0, 0, 0, 2, '2011-12-12 13:35:52'),
	(25, 'iFinancial', 'generalLedgerJournalType', 'Type', 0, 0, 0, 0, 0, 0, 0, 0, 0, 2, '2011-12-12 13:35:52'),
	(26, 'iFinancial', 'invoiceDetailLedger', 'Ledger', 0, 0, 0, 0, 0, 0, 0, 0, 0, 2, '2011-12-12 13:35:52'),
	(27, 'iFinancial', 'invoiceLedger', 'Ledger', 0, 0, 0, 0, 0, 0, 0, 0, 0, 2, '2011-12-12 13:35:52'),
	(28, 'iFinancial', 'invoiceProject', 'Project', 0, 0, 0, 0, 0, 0, 0, 0, 0, 2, '2011-12-12 13:35:52'),
	(29, 'iFinancial', 'refund', 'Refund', 0, 0, 0, 0, 0, 0, 0, 0, 0, 2, '2011-12-12 13:35:52'),
	(30, 'iFinancial', 'refundDetail', 'Detail', 0, 0, 0, 0, 0, 0, 0, 0, 0, 2, '2011-12-12 13:35:52'),
	(31, 'iFinancial', 'template', 'template', 0, 0, 0, 0, 0, 0, 0, 0, 0, 2, '2011-12-12 13:35:52'),
	(32, 'iFinancial', 'transactionDetailLedger', 'Ledger', 0, 0, 0, 0, 0, 0, 0, 0, 0, 2, '2011-12-12 13:35:52'),
	(33, 'iFinancial', 'transactionLedger', 'Ledger', 0, 0, 0, 0, 0, 0, 0, 0, 0, 2, '2011-12-12 13:35:52'),
	(34, 'iFinancial', 'adjustmentLedger', 'Ledger', 0, 0, 0, 0, 0, 0, 0, 0, 0, 2, '2011-12-16 05:48:49'),
	(35, 'iFinancial', 'adjustmentLedgerDetail', 'Details', 0, 0, 0, 0, 0, 0, 0, 0, 0, 2, '2011-12-16 05:48:49'),
	(36, 'iFinancial', 'businessPartnerAccounts', 'Accounts', 0, 0, 0, 0, 0, 0, 0, 0, 0, 2, '2011-12-16 05:48:49'),
	(37, 'iFinancial', 'depositDetailLedger', 'Ledger', 0, 0, 0, 0, 0, 0, 0, 0, 0, 2, '2011-12-16 05:48:49'),
	(38, 'iFinancial', 'depositLedger', 'Ledger', 0, 0, 0, 0, 0, 0, 0, 0, 0, 2, '2011-12-16 05:48:49'),
	(39, 'iFinancial', 'depositType', 'Type', 0, 0, 0, 0, 0, 0, 0, 0, 0, 2, '2011-12-16 05:48:49'),
	(40, 'iFinancial', 'dividen', 'Dividen', 0, 0, 0, 0, 0, 0, 0, 0, 0, 2, '2011-12-16 05:48:49'),
	(41, 'iFinancial', 'generalLedgerChartOfAccountCategory', 'Category', 0, 0, 0, 0, 0, 0, 0, 0, 0, 2, '2011-12-16 05:48:49'),
	(42, 'iFinancial', 'generalLedgerForecastType', 'Type', 0, 0, 0, 0, 0, 0, 0, 0, 0, 2, '2011-12-16 05:48:49'),
	(43, 'iFinancial', 'invoiceCategory', 'Category', 0, 0, 0, 0, 0, 0, 0, 0, 0, 2, '2011-12-16 05:48:49'),
	(44, 'iFinancial', 'invoiceType', 'Type', 0, 0, 0, 0, 0, 0, 0, 0, 0, 2, '2011-12-16 05:48:49'),
	(45, 'iFinancial', 'lateInterest', 'Late Interest', 0, 0, 0, 0, 0, 0, 0, 0, 0, 2, '2011-12-16 05:48:49'),
	(46, 'iFinancial', 'lateInterestDetail', 'Detail', 0, 0, 0, 0, 0, 0, 0, 0, 0, 2, '2011-12-16 05:48:49'),
	(47, 'iFinancial', 'lateInterestType', 'Type', 0, 0, 0, 0, 0, 0, 0, 0, 0, 2, '2011-12-16 05:48:49'),
	(48, 'iFinancial', 'voucherDetailLedger', 'Detail', 0, 0, 0, 0, 0, 0, 0, 0, 0, 2, '2011-12-16 05:48:49'),
	(49, 'iFinancial', 'voucherLedger', 'Ledger', 0, 0, 0, 0, 0, 0, 0, 0, 0, 2, '2011-12-16 05:48:49'),
	(50, 'iFinancial', 'voucherType', 'Type', 0, 0, 0, 0, 0, 0, 0, 0, 0, 2, '2011-12-16 08:35:50'),
	(51, 'iFinancial', 'adjustmentType', 'Type', 0, 0, 0, 0, 0, 0, 0, 0, 0, 2, '2011-12-16 14:32:45'),
	(52, 'iFinancial', 'refundLedger', 'Ledger', 0, 0, 0, 0, 0, 0, 0, 0, 0, 2, '2011-12-16 15:16:42'),
	(53, 'iFinancial', 'refundLedgerDetail', 'Details', 0, 0, 0, 0, 0, 0, 0, 0, 0, 2, '2011-12-16 15:16:42'),
	(54, 'iFinancial', 'refundType', 'Type', 0, 0, 0, 0, 0, 0, 0, 0, 0, 2, '2011-12-16 15:16:42');
/*!40000 ALTER TABLE `tablemappingForeignKey` ENABLE KEYS */;


# Dumping structure for table icore.tablemappingForeignKeyTranslate
DROP TABLE IF EXISTS `tablemappingForeignKeyTranslate`;
CREATE TABLE IF NOT EXISTS `tablemappingForeignKeyTranslate` (
  `tableMappingForeignKeyTranslateId` int(11) NOT NULL AUTO_INCREMENT COMMENT 'Mapping|',
  `tableMappingForeignKeyId` int(11) NOT NULL,
  `tableMappingForeignKeyNative` varchar(256) COLLATE utf8_unicode_ci NOT NULL COMMENT 'Native|',
  `languageId` int(11) NOT NULL COMMENT 'Language|',
  `isDefault` tinyint(4) NOT NULL,
  `isNew` tinyint(4) NOT NULL,
  `isDraft` tinyint(4) NOT NULL,
  `isUpdate` tinyint(4) NOT NULL,
  `isDelete` tinyint(4) NOT NULL,
  `isActive` tinyint(4) NOT NULL,
  `isApproved` tinyint(4) NOT NULL,
  `isReview` tinyint(4) NOT NULL,
  `isPost` tinyint(4) NOT NULL,
  `executeBy` int(11) NOT NULL,
  `executeTime` datetime NOT NULL,
  PRIMARY KEY (`tableMappingForeignKeyTranslateId`)
) ENGINE=InnoDB AUTO_INCREMENT=87 DEFAULT CHARSET=utf8 COLLATE=utf8_unicode_ci;

# Dumping data for table icore.tablemappingForeignKeyTranslate: ~86 rows (approximately)
/*!40000 ALTER TABLE `tablemappingForeignKeyTranslate` DISABLE KEYS */;
INSERT INTO `tablemappingForeignKeyTranslate` (`tableMappingForeignKeyTranslateId`, `tableMappingForeignKeyId`, `tableMappingForeignKeyNative`, `languageId`, `isDefault`, `isNew`, `isDraft`, `isUpdate`, `isDelete`, `isActive`, `isApproved`, `isReview`, `isPost`, `executeBy`, `executeTime`) VALUES
	(1, 1, 'adjustment', 21, 0, 0, 0, 0, 0, 0, 0, 0, 0, 2, '2011-12-12 13:56:05'),
	(2, 2, 'Adjustment Detail', 21, 0, 0, 0, 0, 0, 0, 0, 0, 0, 2, '2011-12-12 13:56:05'),
	(3, 3, 'Bank Balance', 21, 0, 0, 0, 0, 0, 0, 0, 0, 0, 2, '2011-12-12 13:56:05'),
	(4, 4, 'Business Partner', 21, 0, 0, 0, 0, 0, 0, 0, 0, 0, 2, '2011-12-12 13:56:05'),
	(5, 5, 'Category', 21, 0, 0, 0, 0, 0, 0, 0, 0, 0, 2, '2011-12-12 13:56:05'),
	(6, 6, 'Contact', 21, 0, 0, 0, 0, 0, 0, 0, 0, 0, 2, '2011-12-12 13:56:05'),
	(7, 7, 'country', 21, 0, 0, 0, 0, 0, 0, 0, 0, 0, 2, '2011-12-12 13:56:05'),
	(8, 8, 'Assign', 21, 0, 0, 0, 0, 0, 0, 0, 0, 0, 2, '2011-12-12 13:56:05'),
	(9, 9, 'Code', 21, 0, 0, 0, 0, 0, 0, 0, 0, 0, 2, '2011-12-12 13:56:05'),
	(10, 10, 'Sequence', 21, 0, 0, 0, 0, 0, 0, 0, 0, 0, 2, '2011-12-12 13:56:05'),
	(11, 11, 'Duration', 21, 0, 0, 0, 0, 0, 0, 0, 0, 0, 2, '2011-12-12 13:56:05'),
	(12, 12, 'Ledger', 21, 0, 0, 0, 0, 0, 0, 0, 0, 0, 2, '2011-12-12 13:56:05'),
	(13, 13, 'Budget', 21, 0, 0, 0, 0, 0, 0, 0, 0, 0, 2, '2011-12-12 13:56:05'),
	(14, 14, 'Type', 21, 0, 0, 0, 0, 0, 0, 0, 0, 0, 2, '2011-12-12 13:56:05'),
	(15, 15, 'Account', 21, 0, 0, 0, 0, 0, 0, 0, 0, 0, 2, '2011-12-12 13:56:05'),
	(16, 16, 'Access', 21, 0, 0, 0, 0, 0, 0, 0, 0, 0, 2, '2011-12-12 13:56:05'),
	(17, 17, 'Dimension', 21, 0, 0, 0, 0, 0, 0, 0, 0, 0, 2, '2011-12-12 13:56:05'),
	(18, 18, 'Type', 21, 0, 0, 0, 0, 0, 0, 0, 0, 0, 2, '2011-12-12 13:56:05'),
	(19, 19, 'Segment', 21, 0, 0, 0, 0, 0, 0, 0, 0, 0, 2, '2011-12-12 13:56:05'),
	(20, 20, 'Type', 21, 0, 0, 0, 0, 0, 0, 0, 0, 0, 2, '2011-12-12 13:56:05'),
	(21, 21, 'Type', 21, 0, 0, 0, 0, 0, 0, 0, 0, 0, 2, '2011-12-12 13:56:05'),
	(22, 22, 'Forecast', 21, 0, 0, 0, 0, 0, 0, 0, 0, 0, 2, '2011-12-12 13:56:05'),
	(23, 23, 'Journal', 21, 0, 0, 0, 0, 0, 0, 0, 0, 0, 2, '2011-12-12 13:56:05'),
	(24, 24, 'Detail', 21, 0, 0, 0, 0, 0, 0, 0, 0, 0, 2, '2011-12-12 13:56:05'),
	(25, 25, 'Type', 21, 0, 0, 0, 0, 0, 0, 0, 0, 0, 2, '2011-12-12 13:56:05'),
	(26, 26, 'Ledger', 21, 0, 0, 0, 0, 0, 0, 0, 0, 0, 2, '2011-12-12 13:56:05'),
	(27, 27, 'Ledger', 21, 0, 0, 0, 0, 0, 0, 0, 0, 0, 2, '2011-12-12 13:56:05'),
	(28, 28, 'Project', 21, 0, 0, 0, 0, 0, 0, 0, 0, 0, 2, '2011-12-12 13:56:05'),
	(29, 29, 'Refund', 21, 0, 0, 0, 0, 0, 0, 0, 0, 0, 2, '2011-12-12 13:56:05'),
	(30, 30, 'Detail', 21, 0, 0, 0, 0, 0, 0, 0, 0, 0, 2, '2011-12-12 13:56:05'),
	(31, 31, 'template', 21, 0, 0, 0, 0, 0, 0, 0, 0, 0, 2, '2011-12-12 13:56:05'),
	(32, 32, 'Ledger', 21, 0, 0, 0, 0, 0, 0, 0, 0, 0, 2, '2011-12-12 13:56:05'),
	(33, 33, 'Ledger', 21, 0, 0, 0, 0, 0, 0, 0, 0, 0, 2, '2011-12-12 13:56:05'),
	(34, 0, '', 21, 0, 0, 0, 0, 0, 0, 0, 0, 0, 2, '2011-12-16 05:44:20'),
	(35, 0, '', 21, 0, 0, 0, 0, 0, 0, 0, 0, 0, 2, '2011-12-16 05:44:20'),
	(36, 0, '', 21, 0, 0, 0, 0, 0, 0, 0, 0, 0, 2, '2011-12-16 05:44:20'),
	(37, 0, '', 21, 0, 0, 0, 0, 0, 0, 0, 0, 0, 2, '2011-12-16 05:44:20'),
	(38, 0, '', 21, 0, 0, 0, 0, 0, 0, 0, 0, 0, 2, '2011-12-16 05:44:20'),
	(39, 0, '', 21, 0, 0, 0, 0, 0, 0, 0, 0, 0, 2, '2011-12-16 05:44:20'),
	(40, 0, '', 21, 0, 0, 0, 0, 0, 0, 0, 0, 0, 2, '2011-12-16 05:44:20'),
	(41, 0, '', 21, 0, 0, 0, 0, 0, 0, 0, 0, 0, 2, '2011-12-16 05:44:20'),
	(42, 0, '', 21, 0, 0, 0, 0, 0, 0, 0, 0, 0, 2, '2011-12-16 05:44:20'),
	(43, 0, '', 21, 0, 0, 0, 0, 0, 0, 0, 0, 0, 2, '2011-12-16 05:44:20'),
	(44, 0, '', 21, 0, 0, 0, 0, 0, 0, 0, 0, 0, 2, '2011-12-16 05:44:20'),
	(45, 0, '', 21, 0, 0, 0, 0, 0, 0, 0, 0, 0, 2, '2011-12-16 05:44:20'),
	(46, 0, '', 21, 0, 0, 0, 0, 0, 0, 0, 0, 0, 2, '2011-12-16 05:44:20'),
	(47, 0, '', 21, 0, 0, 0, 0, 0, 0, 0, 0, 0, 2, '2011-12-16 05:44:20'),
	(48, 0, '', 21, 0, 0, 0, 0, 0, 0, 0, 0, 0, 2, '2011-12-16 05:44:20'),
	(49, 0, '', 21, 0, 0, 0, 0, 0, 0, 0, 0, 0, 2, '2011-12-16 05:44:20'),
	(50, 0, '', 21, 0, 0, 0, 0, 0, 0, 0, 0, 0, 2, '2011-12-16 05:48:18'),
	(51, 0, '', 21, 0, 0, 0, 0, 0, 0, 0, 0, 0, 2, '2011-12-16 05:48:18'),
	(52, 0, '', 21, 0, 0, 0, 0, 0, 0, 0, 0, 0, 2, '2011-12-16 05:48:18'),
	(53, 0, '', 21, 0, 0, 0, 0, 0, 0, 0, 0, 0, 2, '2011-12-16 05:48:18'),
	(54, 0, '', 21, 0, 0, 0, 0, 0, 0, 0, 0, 0, 2, '2011-12-16 05:48:18'),
	(55, 0, '', 21, 0, 0, 0, 0, 0, 0, 0, 0, 0, 2, '2011-12-16 05:48:18'),
	(56, 0, '', 21, 0, 0, 0, 0, 0, 0, 0, 0, 0, 2, '2011-12-16 05:48:18'),
	(57, 0, '', 21, 0, 0, 0, 0, 0, 0, 0, 0, 0, 2, '2011-12-16 05:48:18'),
	(58, 0, '', 21, 0, 0, 0, 0, 0, 0, 0, 0, 0, 2, '2011-12-16 05:48:18'),
	(59, 0, '', 21, 0, 0, 0, 0, 0, 0, 0, 0, 0, 2, '2011-12-16 05:48:18'),
	(60, 0, '', 21, 0, 0, 0, 0, 0, 0, 0, 0, 0, 2, '2011-12-16 05:48:18'),
	(61, 0, '', 21, 0, 0, 0, 0, 0, 0, 0, 0, 0, 2, '2011-12-16 05:48:18'),
	(62, 0, '', 21, 0, 0, 0, 0, 0, 0, 0, 0, 0, 2, '2011-12-16 05:48:18'),
	(63, 0, '', 21, 0, 0, 0, 0, 0, 0, 0, 0, 0, 2, '2011-12-16 05:48:18'),
	(64, 0, '', 21, 0, 0, 0, 0, 0, 0, 0, 0, 0, 2, '2011-12-16 05:48:18'),
	(65, 0, '', 21, 0, 0, 0, 0, 0, 0, 0, 0, 0, 2, '2011-12-16 05:48:18'),
	(66, 34, 'Ledger', 21, 0, 0, 0, 0, 0, 0, 0, 0, 0, 2, '2011-12-16 05:48:49'),
	(67, 35, 'Details', 21, 0, 0, 0, 0, 0, 0, 0, 0, 0, 2, '2011-12-16 05:48:49'),
	(68, 36, 'Accounts', 21, 0, 0, 0, 0, 0, 0, 0, 0, 0, 2, '2011-12-16 05:48:49'),
	(69, 37, 'Ledger', 21, 0, 0, 0, 0, 0, 0, 0, 0, 0, 2, '2011-12-16 05:48:49'),
	(70, 38, 'Ledger', 21, 0, 0, 0, 0, 0, 0, 0, 0, 0, 2, '2011-12-16 05:48:49'),
	(71, 39, 'Type', 21, 0, 0, 0, 0, 0, 0, 0, 0, 0, 2, '2011-12-16 05:48:49'),
	(72, 40, 'Dividen', 21, 0, 0, 0, 0, 0, 0, 0, 0, 0, 2, '2011-12-16 05:48:49'),
	(73, 41, 'Category', 21, 0, 0, 0, 0, 0, 0, 0, 0, 0, 2, '2011-12-16 05:48:49'),
	(74, 42, 'Type', 21, 0, 0, 0, 0, 0, 0, 0, 0, 0, 2, '2011-12-16 05:48:49'),
	(75, 43, 'Category', 21, 0, 0, 0, 0, 0, 0, 0, 0, 0, 2, '2011-12-16 05:48:49'),
	(76, 44, 'Type', 21, 0, 0, 0, 0, 0, 0, 0, 0, 0, 2, '2011-12-16 05:48:49'),
	(77, 45, 'Late Interest', 21, 0, 0, 0, 0, 0, 0, 0, 0, 0, 2, '2011-12-16 05:48:49'),
	(78, 46, 'Detail', 21, 0, 0, 0, 0, 0, 0, 0, 0, 0, 2, '2011-12-16 05:48:49'),
	(79, 47, 'Type', 21, 0, 0, 0, 0, 0, 0, 0, 0, 0, 2, '2011-12-16 05:48:49'),
	(80, 48, 'Detail', 21, 0, 0, 0, 0, 0, 0, 0, 0, 0, 2, '2011-12-16 05:48:49'),
	(81, 49, 'Ledger', 21, 0, 0, 0, 0, 0, 0, 0, 0, 0, 2, '2011-12-16 05:48:49'),
	(82, 50, 'Type', 21, 0, 0, 0, 0, 0, 0, 0, 0, 0, 2, '2011-12-16 08:35:50'),
	(83, 51, 'Detail', 21, 0, 0, 0, 0, 0, 0, 0, 0, 0, 2, '2011-12-16 14:32:45'),
	(84, 52, 'Ledger', 21, 0, 0, 0, 0, 0, 0, 0, 0, 0, 2, '2011-12-16 15:16:42'),
	(85, 53, 'Details', 21, 0, 0, 0, 0, 0, 0, 0, 0, 0, 2, '2011-12-16 15:16:42'),
	(86, 54, 'Type', 21, 0, 0, 0, 0, 0, 0, 0, 0, 0, 2, '2011-12-16 15:16:42');
/*!40000 ALTER TABLE `tablemappingForeignKeyTranslate` ENABLE KEYS */;


# Dumping structure for table icore.tablemappingtranslate
DROP TABLE IF EXISTS `tablemappingtranslate`;
CREATE TABLE IF NOT EXISTS `tablemappingtranslate` (
  `tableMappingTranslateId` int(11) NOT NULL AUTO_INCREMENT COMMENT 'Mapping|',
  `tableMappingId` int(11) NOT NULL,
  `tableMappingNative` varchar(256) COLLATE utf8_unicode_ci NOT NULL COMMENT 'Native|',
  `languageId` int(11) NOT NULL COMMENT 'Language|',
  `isDefault` tinyint(4) NOT NULL,
  `isNew` tinyint(4) NOT NULL,
  `isDraft` tinyint(4) NOT NULL,
  `isUpdate` tinyint(4) NOT NULL,
  `isDelete` tinyint(4) NOT NULL,
  `isActive` tinyint(4) NOT NULL,
  `isApproved` tinyint(4) NOT NULL,
  `isReview` tinyint(4) NOT NULL,
  `isPost` tinyint(4) NOT NULL,
  `executeBy` int(11) NOT NULL,
  `executeTime` datetime NOT NULL,
  PRIMARY KEY (`tableMappingTranslateId`),
  KEY `tableMappingId` (`tableMappingId`),
  CONSTRAINT `tablemappingtranslate_ibfk_1` FOREIGN KEY (`tableMappingId`) REFERENCES `tablemapping` (`tableMappingId`) ON DELETE CASCADE ON UPDATE CASCADE
) ENGINE=InnoDB AUTO_INCREMENT=15683 DEFAULT CHARSET=utf8 COLLATE=utf8_unicode_ci;

# Dumping data for table icore.tablemappingtranslate: ~1,096 rows (approximately)
/*!40000 ALTER TABLE `tablemappingtranslate` DISABLE KEYS */;
INSERT INTO `tablemappingtranslate` (`tableMappingTranslateId`, `tableMappingId`, `tableMappingNative`, `languageId`, `isDefault`, `isNew`, `isDraft`, `isUpdate`, `isDelete`, `isActive`, `isApproved`, `isReview`, `isPost`, `executeBy`, `executeTime`) VALUES
	(1, 1, 'log', 21, 0, 0, 0, 0, 0, 0, 0, 0, 0, 2, '2011-12-01 09:22:48'),
	(2, 2, 'leaf', 21, 0, 0, 0, 0, 0, 0, 0, 0, 0, 2, '2011-12-01 09:22:48'),
	(3, 3, 'Operation', 21, 0, 0, 0, 0, 0, 0, 0, 0, 0, 2, '2011-12-01 09:22:48'),
	(4, 4, 'Sql', 21, 0, 0, 0, 0, 0, 0, 0, 0, 0, 2, '2011-12-01 09:22:48'),
	(5, 5, 'Date', 21, 0, 0, 0, 0, 0, 0, 0, 0, 0, 2, '2011-12-01 09:22:48'),
	(6, 6, 'staff', 21, 0, 0, 0, 0, 0, 0, 0, 0, 0, 2, '2011-12-01 09:22:48'),
	(7, 7, 'Access', 21, 0, 0, 0, 0, 0, 0, 0, 0, 0, 2, '2011-12-01 09:22:49'),
	(8, 8, 'Error', 21, 0, 0, 0, 0, 0, 0, 0, 0, 0, 2, '2011-12-01 09:22:49'),
	(9, 9, 'logAdvance', 21, 0, 0, 0, 0, 0, 0, 0, 0, 0, 2, '2011-12-01 09:22:49'),
	(10, 10, 'Log Text', 21, 0, 0, 0, 0, 0, 0, 0, 0, 0, 2, '2011-12-01 09:22:49'),
	(11, 11, 'Log Type', 21, 0, 0, 0, 0, 0, 0, 0, 0, 0, 2, '2011-12-01 09:22:49'),
	(12, 12, 'Log Comparision', 21, 0, 0, 0, 0, 0, 0, 0, 0, 0, 2, '2011-12-01 09:22:49'),
	(13, 13, 'Ref Name', 21, 0, 0, 0, 0, 0, 0, 0, 0, 0, 2, '2011-12-01 09:22:49'),
	(14, 14, 'leaf', 21, 0, 0, 0, 0, 0, 0, 0, 0, 0, 2, '2011-12-01 09:22:49'),
	(15, 15, 'By', 21, 0, 0, 0, 0, 0, 0, 0, 0, 0, 2, '2011-12-01 09:22:49'),
	(16, 16, 'Time', 21, 0, 0, 0, 0, 0, 0, 0, 0, 0, 2, '2011-12-01 09:22:49'),
	(17, 17, 'application', 21, 0, 0, 0, 0, 0, 0, 0, 0, 0, 2, '2011-12-01 09:22:55'),
	(18, 18, 'icon', 21, 0, 0, 0, 0, 0, 0, 0, 0, 0, 2, '2011-12-01 09:22:55'),
	(19, 19, 'Sequence', 21, 0, 0, 0, 0, 0, 0, 0, 0, 0, 2, '2011-12-01 09:22:55'),
	(20, 20, 'Code', 21, 0, 0, 0, 0, 0, 0, 0, 0, 0, 2, '2011-12-01 09:22:55'),
	(21, 21, 'English', 21, 0, 0, 0, 0, 0, 0, 0, 0, 0, 2, '2011-12-01 09:22:55'),
	(22, 22, 'Filename', 21, 0, 0, 0, 0, 0, 0, 0, 0, 0, 2, '2011-12-01 09:22:55'),
	(23, 23, 'Default', 21, 0, 0, 0, 0, 0, 0, 0, 0, 0, 2, '2011-12-01 09:22:55'),
	(24, 24, 'New', 21, 0, 0, 0, 0, 0, 0, 0, 0, 0, 2, '2011-12-01 09:22:55'),
	(25, 25, 'Draft', 21, 0, 0, 0, 0, 0, 0, 0, 0, 0, 2, '2011-12-01 09:22:55'),
	(26, 26, 'Update', 21, 0, 0, 0, 0, 0, 0, 0, 0, 0, 2, '2011-12-01 09:22:55'),
	(27, 27, 'Delete', 21, 0, 0, 0, 0, 0, 0, 0, 0, 0, 2, '2011-12-01 09:22:55'),
	(28, 28, 'Active', 21, 0, 0, 0, 0, 0, 0, 0, 0, 0, 2, '2011-12-01 09:22:55'),
	(29, 29, 'Approved', 21, 0, 0, 0, 0, 0, 0, 0, 0, 0, 2, '2011-12-01 09:22:55'),
	(30, 30, 'Review', 21, 0, 0, 0, 0, 0, 0, 0, 0, 0, 2, '2011-12-01 09:22:55'),
	(31, 31, 'Post', 21, 0, 0, 0, 0, 0, 0, 0, 0, 0, 2, '2011-12-01 09:22:55'),
	(32, 32, 'By', 21, 0, 0, 0, 0, 0, 0, 0, 0, 0, 2, '2011-12-01 09:22:55'),
	(33, 33, 'Time', 21, 0, 0, 0, 0, 0, 0, 0, 0, 0, 2, '2011-12-01 09:22:55'),
	(34, 34, 'applicationAccess', 21, 0, 0, 0, 0, 0, 0, 0, 0, 0, 2, '2011-12-01 09:22:55'),
	(35, 35, 'application', 21, 0, 0, 0, 0, 0, 0, 0, 0, 0, 2, '2011-12-01 09:22:55'),
	(36, 36, 'team', 21, 0, 0, 0, 0, 0, 0, 0, 0, 0, 2, '2011-12-01 09:22:55'),
	(37, 37, 'Application Value', 21, 0, 0, 0, 0, 0, 0, 0, 0, 0, 2, '2011-12-01 09:22:55'),
	(38, 38, 'applicationTranslate', 21, 0, 0, 0, 0, 0, 0, 0, 0, 0, 2, '2011-12-01 09:22:55'),
	(39, 39, 'application', 21, 0, 0, 0, 0, 0, 0, 0, 0, 0, 2, '2011-12-01 09:22:55'),
	(40, 40, 'language', 21, 0, 0, 0, 0, 0, 0, 0, 0, 0, 2, '2011-12-01 09:22:55'),
	(41, 41, 'Application Native', 21, 0, 0, 0, 0, 0, 0, 0, 0, 0, 2, '2011-12-01 09:22:55'),
	(42, 42, 'Default', 21, 0, 0, 0, 0, 0, 0, 0, 0, 0, 2, '2011-12-01 09:22:55'),
	(43, 43, 'New', 21, 0, 0, 0, 0, 0, 0, 0, 0, 0, 2, '2011-12-01 09:22:55'),
	(44, 44, 'Draft', 21, 0, 0, 0, 0, 0, 0, 0, 0, 0, 2, '2011-12-01 09:22:55'),
	(45, 45, 'Update', 21, 0, 0, 0, 0, 0, 0, 0, 0, 0, 2, '2011-12-01 09:22:55'),
	(46, 46, 'Delete', 21, 0, 0, 0, 0, 0, 0, 0, 0, 0, 2, '2011-12-01 09:22:55'),
	(47, 47, 'Active', 21, 0, 0, 0, 0, 0, 0, 0, 0, 0, 2, '2011-12-01 09:22:55'),
	(48, 48, 'Approved', 21, 0, 0, 0, 0, 0, 0, 0, 0, 0, 2, '2011-12-01 09:22:55'),
	(49, 49, 'Review', 21, 0, 0, 0, 0, 0, 0, 0, 0, 0, 2, '2011-12-01 09:22:55'),
	(50, 50, 'Ispost', 21, 0, 0, 0, 0, 0, 0, 0, 0, 0, 2, '2011-12-01 09:22:55'),
	(51, 51, 'By', 21, 0, 0, 0, 0, 0, 0, 0, 0, 0, 2, '2011-12-01 09:22:55'),
	(52, 52, 'Time', 21, 0, 0, 0, 0, 0, 0, 0, 0, 0, 2, '2011-12-01 09:22:55'),
	(53, 53, 'defaultLabel', 21, 0, 0, 0, 0, 0, 0, 0, 0, 0, 2, '2011-12-01 09:22:55'),
	(54, 54, 'Default Label', 21, 0, 0, 0, 0, 0, 0, 0, 0, 0, 2, '2011-12-01 09:22:55'),
	(55, 55, 'Default English', 21, 0, 0, 0, 0, 0, 0, 0, 0, 0, 2, '2011-12-01 09:22:55'),
	(56, 56, 'Default', 21, 0, 0, 0, 0, 0, 0, 0, 0, 0, 2, '2011-12-01 09:22:55'),
	(57, 57, 'New', 21, 0, 0, 0, 0, 0, 0, 0, 0, 0, 2, '2011-12-01 09:22:55'),
	(58, 58, 'Draft', 21, 0, 0, 0, 0, 0, 0, 0, 0, 0, 2, '2011-12-01 09:22:55'),
	(59, 59, 'Update', 21, 0, 0, 0, 0, 0, 0, 0, 0, 0, 2, '2011-12-01 09:22:55'),
	(60, 60, 'Delete', 21, 0, 0, 0, 0, 0, 0, 0, 0, 0, 2, '2011-12-01 09:22:55'),
	(61, 61, 'Active', 21, 0, 0, 0, 0, 0, 0, 0, 0, 0, 2, '2011-12-01 09:22:55'),
	(62, 62, 'Approved', 21, 0, 0, 0, 0, 0, 0, 0, 0, 0, 2, '2011-12-01 09:22:55'),
	(63, 63, 'Review', 21, 0, 0, 0, 0, 0, 0, 0, 0, 0, 2, '2011-12-01 09:22:55'),
	(64, 64, 'Post', 21, 0, 0, 0, 0, 0, 0, 0, 0, 0, 2, '2011-12-01 09:22:55'),
	(65, 65, 'By', 21, 0, 0, 0, 0, 0, 0, 0, 0, 0, 2, '2011-12-01 09:22:55'),
	(66, 66, 'Time', 21, 0, 0, 0, 0, 0, 0, 0, 0, 0, 2, '2011-12-01 09:22:55'),
	(67, 67, 'language', 21, 0, 0, 0, 0, 0, 0, 0, 0, 0, 2, '2011-12-01 09:22:55'),
	(68, 68, 'defaultLabelTranslate', 21, 0, 0, 0, 0, 0, 0, 0, 0, 0, 2, '2011-12-01 09:22:55'),
	(69, 69, 'Default Native', 21, 0, 0, 0, 0, 0, 0, 0, 0, 0, 2, '2011-12-01 09:22:55'),
	(70, 70, 'defaultLabel', 21, 0, 0, 0, 0, 0, 0, 0, 0, 0, 2, '2011-12-01 09:22:55'),
	(71, 71, 'document', 21, 0, 0, 0, 0, 0, 0, 0, 0, 0, 2, '2011-12-01 09:22:55'),
	(72, 72, 'documentCategory', 21, 0, 0, 0, 0, 0, 0, 0, 0, 0, 2, '2011-12-01 09:22:55'),
	(73, 73, 'leaf', 21, 0, 0, 0, 0, 0, 0, 0, 0, 0, 2, '2011-12-01 09:22:55'),
	(74, 74, 'Code', 21, 0, 0, 0, 0, 0, 0, 0, 0, 0, 2, '2011-12-01 09:22:55'),
	(75, 75, 'Document Sequence', 21, 0, 0, 0, 0, 0, 0, 0, 0, 0, 2, '2011-12-01 09:22:55'),
	(76, 76, 'Note', 21, 0, 0, 0, 0, 0, 0, 0, 0, 0, 2, '2011-12-01 09:22:55'),
	(77, 77, 'Title', 21, 0, 0, 0, 0, 0, 0, 0, 0, 0, 2, '2011-12-01 09:22:55'),
	(78, 78, 'Desc', 21, 0, 0, 0, 0, 0, 0, 0, 0, 0, 2, '2011-12-01 09:22:55'),
	(79, 79, 'Path', 21, 0, 0, 0, 0, 0, 0, 0, 0, 0, 2, '2011-12-01 09:22:55'),
	(80, 80, 'Original Filename', 21, 0, 0, 0, 0, 0, 0, 0, 0, 0, 2, '2011-12-01 09:22:55'),
	(81, 81, 'Download Filename', 21, 0, 0, 0, 0, 0, 0, 0, 0, 0, 2, '2011-12-01 09:22:55'),
	(82, 82, 'Extension', 21, 0, 0, 0, 0, 0, 0, 0, 0, 0, 2, '2011-12-01 09:22:55'),
	(83, 83, 'Version', 21, 0, 0, 0, 0, 0, 0, 0, 0, 0, 2, '2011-12-01 09:22:55'),
	(84, 84, 'Default', 21, 0, 0, 0, 0, 0, 0, 0, 0, 0, 2, '2011-12-01 09:22:55'),
	(85, 85, 'New', 21, 0, 0, 0, 0, 0, 0, 0, 0, 0, 2, '2011-12-01 09:22:55'),
	(86, 86, 'Draft', 21, 0, 0, 0, 0, 0, 0, 0, 0, 0, 2, '2011-12-01 09:22:55'),
	(87, 87, 'Update', 21, 0, 0, 0, 0, 0, 0, 0, 0, 0, 2, '2011-12-01 09:22:55'),
	(88, 88, 'Delete', 21, 0, 0, 0, 0, 0, 0, 0, 0, 0, 2, '2011-12-01 09:22:55'),
	(89, 89, 'Active', 21, 0, 0, 0, 0, 0, 0, 0, 0, 0, 2, '2011-12-01 09:22:55'),
	(90, 90, 'Approved', 21, 0, 0, 0, 0, 0, 0, 0, 0, 0, 2, '2011-12-01 09:22:55'),
	(91, 91, 'Review', 21, 0, 0, 0, 0, 0, 0, 0, 0, 0, 2, '2011-12-01 09:22:55'),
	(92, 92, 'Post', 21, 0, 0, 0, 0, 0, 0, 0, 0, 0, 2, '2011-12-01 09:22:55'),
	(93, 93, 'By', 21, 0, 0, 0, 0, 0, 0, 0, 0, 0, 2, '2011-12-01 09:22:55'),
	(94, 94, 'Time', 21, 0, 0, 0, 0, 0, 0, 0, 0, 0, 2, '2011-12-01 09:22:55'),
	(95, 95, 'documentCategory', 21, 0, 0, 0, 0, 0, 0, 0, 0, 0, 2, '2011-12-01 09:22:55'),
	(96, 96, 'Document Title', 21, 0, 0, 0, 0, 0, 0, 0, 0, 0, 2, '2011-12-01 09:22:55'),
	(97, 97, 'Document Desc', 21, 0, 0, 0, 0, 0, 0, 0, 0, 0, 2, '2011-12-01 09:22:55'),
	(98, 98, 'Document Sequence', 21, 0, 0, 0, 0, 0, 0, 0, 0, 0, 2, '2011-12-01 09:22:55'),
	(99, 99, 'Document Code', 21, 0, 0, 0, 0, 0, 0, 0, 0, 0, 2, '2011-12-01 09:22:55'),
	(100, 100, 'Document English', 21, 0, 0, 0, 0, 0, 0, 0, 0, 0, 2, '2011-12-01 09:22:55'),
	(101, 101, 'Default', 21, 0, 0, 0, 0, 0, 0, 0, 0, 0, 2, '2011-12-01 09:22:55'),
	(102, 102, 'New', 21, 0, 0, 0, 0, 0, 0, 0, 0, 0, 2, '2011-12-01 09:22:55'),
	(103, 103, 'Draft', 21, 0, 0, 0, 0, 0, 0, 0, 0, 0, 2, '2011-12-01 09:22:55'),
	(104, 104, 'Is Update', 21, 0, 0, 0, 0, 0, 0, 0, 0, 0, 2, '2011-12-01 09:22:55'),
	(105, 105, 'Delete', 21, 0, 0, 0, 0, 0, 0, 0, 0, 0, 2, '2011-12-01 09:22:55'),
	(106, 106, 'Active', 21, 0, 0, 0, 0, 0, 0, 0, 0, 0, 2, '2011-12-01 09:22:55'),
	(107, 107, 'Approved', 21, 0, 0, 0, 0, 0, 0, 0, 0, 0, 2, '2011-12-01 09:22:55'),
	(108, 108, 'Review', 21, 0, 0, 0, 0, 0, 0, 0, 0, 0, 2, '2011-12-01 09:22:55'),
	(109, 109, 'Post', 21, 0, 0, 0, 0, 0, 0, 0, 0, 0, 2, '2011-12-01 09:22:55'),
	(110, 110, 'By', 21, 0, 0, 0, 0, 0, 0, 0, 0, 0, 2, '2011-12-01 09:22:55'),
	(111, 111, 'Time', 21, 0, 0, 0, 0, 0, 0, 0, 0, 0, 2, '2011-12-01 09:22:55'),
	(112, 112, 'extLabel', 21, 0, 0, 0, 0, 0, 0, 0, 0, 0, 2, '2011-12-01 09:22:55'),
	(113, 113, 'Ext Labe L   English', 21, 0, 0, 0, 0, 0, 0, 0, 0, 0, 2, '2011-12-01 09:22:55'),
	(114, 114, 'Default', 21, 0, 0, 0, 0, 0, 0, 0, 0, 0, 2, '2011-12-01 09:22:55'),
	(115, 115, 'New', 21, 0, 0, 0, 0, 0, 0, 0, 0, 0, 2, '2011-12-01 09:22:55'),
	(116, 116, 'Draft', 21, 0, 0, 0, 0, 0, 0, 0, 0, 0, 2, '2011-12-01 09:22:55'),
	(117, 117, 'Update', 21, 0, 0, 0, 0, 0, 0, 0, 0, 0, 2, '2011-12-01 09:22:55'),
	(118, 118, 'Delete', 21, 0, 0, 0, 0, 0, 0, 0, 0, 0, 2, '2011-12-01 09:22:55'),
	(119, 119, 'Active', 21, 0, 0, 0, 0, 0, 0, 0, 0, 0, 2, '2011-12-01 09:22:55'),
	(120, 120, 'Approved', 21, 0, 0, 0, 0, 0, 0, 0, 0, 0, 2, '2011-12-01 09:22:55'),
	(121, 121, 'Review', 21, 0, 0, 0, 0, 0, 0, 0, 0, 0, 2, '2011-12-01 09:22:55'),
	(122, 122, 'Post', 21, 0, 0, 0, 0, 0, 0, 0, 0, 0, 2, '2011-12-01 09:22:55'),
	(123, 123, 'By', 21, 0, 0, 0, 0, 0, 0, 0, 0, 0, 2, '2011-12-01 09:22:55'),
	(124, 124, 'Time', 21, 0, 0, 0, 0, 0, 0, 0, 0, 0, 2, '2011-12-01 09:22:55'),
	(125, 125, 'extLabelTranslate', 21, 0, 0, 0, 0, 0, 0, 0, 0, 0, 2, '2011-12-01 09:22:55'),
	(126, 126, 'extLabel', 21, 0, 0, 0, 0, 0, 0, 0, 0, 0, 2, '2011-12-01 09:22:55'),
	(127, 127, 'language', 21, 0, 0, 0, 0, 0, 0, 0, 0, 0, 2, '2011-12-01 09:22:55'),
	(128, 128, 'Ext Native', 21, 0, 0, 0, 0, 0, 0, 0, 0, 0, 2, '2011-12-01 09:22:55'),
	(129, 129, 'folder', 21, 0, 0, 0, 0, 0, 0, 0, 0, 0, 2, '2011-12-01 09:22:55'),
	(130, 130, 'application', 21, 0, 0, 0, 0, 0, 0, 0, 0, 0, 2, '2011-12-01 09:22:55'),
	(131, 131, 'module', 21, 0, 0, 0, 0, 0, 0, 0, 0, 0, 2, '2011-12-01 09:22:55'),
	(132, 132, 'icon', 21, 0, 0, 0, 0, 0, 0, 0, 0, 0, 2, '2011-12-01 09:22:55'),
	(133, 133, 'Sequence', 21, 0, 0, 0, 0, 0, 0, 0, 0, 0, 2, '2011-12-01 09:22:55'),
	(134, 134, 'Code', 21, 0, 0, 0, 0, 0, 0, 0, 0, 0, 2, '2011-12-01 09:22:55'),
	(135, 135, 'Path', 21, 0, 0, 0, 0, 0, 0, 0, 0, 0, 2, '2011-12-01 09:22:55'),
	(136, 136, 'English', 21, 0, 0, 0, 0, 0, 0, 0, 0, 0, 2, '2011-12-01 09:22:55'),
	(137, 137, 'Default', 21, 0, 0, 0, 0, 0, 0, 0, 0, 0, 2, '2011-12-01 09:22:55'),
	(138, 138, 'New', 21, 0, 0, 0, 0, 0, 0, 0, 0, 0, 2, '2011-12-01 09:22:55'),
	(139, 139, 'Draft', 21, 0, 0, 0, 0, 0, 0, 0, 0, 0, 2, '2011-12-01 09:22:55'),
	(140, 140, 'Update', 21, 0, 0, 0, 0, 0, 0, 0, 0, 0, 2, '2011-12-01 09:22:55'),
	(141, 141, 'Delete', 21, 0, 0, 0, 0, 0, 0, 0, 0, 0, 2, '2011-12-01 09:22:55'),
	(142, 142, 'Active', 21, 0, 0, 0, 0, 0, 0, 0, 0, 0, 2, '2011-12-01 09:22:55'),
	(143, 143, 'Approved', 21, 0, 0, 0, 0, 0, 0, 0, 0, 0, 2, '2011-12-01 09:22:55'),
	(144, 144, 'Review', 21, 0, 0, 0, 0, 0, 0, 0, 0, 0, 2, '2011-12-01 09:22:55'),
	(145, 145, 'Post', 21, 0, 0, 0, 0, 0, 0, 0, 0, 0, 2, '2011-12-01 09:22:55'),
	(146, 146, 'By', 21, 0, 0, 0, 0, 0, 0, 0, 0, 0, 2, '2011-12-01 09:22:55'),
	(147, 147, 'Time', 21, 0, 0, 0, 0, 0, 0, 0, 0, 0, 2, '2011-12-01 09:22:55'),
	(148, 148, 'folderAccess', 21, 0, 0, 0, 0, 0, 0, 0, 0, 0, 2, '2011-12-01 09:22:55'),
	(149, 149, 'team', 21, 0, 0, 0, 0, 0, 0, 0, 0, 0, 2, '2011-12-01 09:22:55'),
	(150, 150, 'folder', 21, 0, 0, 0, 0, 0, 0, 0, 0, 0, 2, '2011-12-01 09:22:55'),
	(151, 151, 'Folder Value', 21, 0, 0, 0, 0, 0, 0, 0, 0, 0, 2, '2011-12-01 09:22:55'),
	(152, 152, 'folderTranslate', 21, 0, 0, 0, 0, 0, 0, 0, 0, 0, 2, '2011-12-01 09:22:55'),
	(153, 153, 'folder', 21, 0, 0, 0, 0, 0, 0, 0, 0, 0, 2, '2011-12-01 09:22:55'),
	(154, 154, 'language', 21, 0, 0, 0, 0, 0, 0, 0, 0, 0, 2, '2011-12-01 09:22:55'),
	(155, 155, 'Folder Native', 21, 0, 0, 0, 0, 0, 0, 0, 0, 0, 2, '2011-12-01 09:22:55'),
	(156, 156, 'Default', 21, 0, 0, 0, 0, 0, 0, 0, 0, 0, 2, '2011-12-01 09:22:55'),
	(157, 157, 'New', 21, 0, 0, 0, 0, 0, 0, 0, 0, 0, 2, '2011-12-01 09:22:55'),
	(158, 158, 'Draft', 21, 0, 0, 0, 0, 0, 0, 0, 0, 0, 2, '2011-12-01 09:22:55'),
	(159, 159, 'Update', 21, 0, 0, 0, 0, 0, 0, 0, 0, 0, 2, '2011-12-01 09:22:55'),
	(160, 160, 'Delete', 21, 0, 0, 0, 0, 0, 0, 0, 0, 0, 2, '2011-12-01 09:22:55'),
	(161, 161, 'Active', 21, 0, 0, 0, 0, 0, 0, 0, 0, 0, 2, '2011-12-01 09:22:55'),
	(162, 162, 'Approved', 21, 0, 0, 0, 0, 0, 0, 0, 0, 0, 2, '2011-12-01 09:22:55'),
	(163, 163, 'Review', 21, 0, 0, 0, 0, 0, 0, 0, 0, 0, 2, '2011-12-01 09:22:55'),
	(164, 164, 'Post', 21, 0, 0, 0, 0, 0, 0, 0, 0, 0, 2, '2011-12-01 09:22:55'),
	(165, 165, 'By', 21, 0, 0, 0, 0, 0, 0, 0, 0, 0, 2, '2011-12-01 09:22:55'),
	(166, 166, 'Time', 21, 0, 0, 0, 0, 0, 0, 0, 0, 0, 2, '2011-12-01 09:22:55'),
	(167, 167, 'icon', 21, 0, 0, 0, 0, 0, 0, 0, 0, 0, 2, '2011-12-01 09:22:55'),
	(168, 168, 'Name', 21, 0, 0, 0, 0, 0, 0, 0, 0, 0, 2, '2011-12-01 09:22:55'),
	(169, 169, 'Size', 21, 0, 0, 0, 0, 0, 0, 0, 0, 0, 2, '2011-12-01 09:22:55'),
	(170, 170, 'Default', 21, 0, 0, 0, 0, 0, 0, 0, 0, 0, 2, '2011-12-01 09:22:55'),
	(171, 171, 'Active', 21, 0, 0, 0, 0, 0, 0, 0, 0, 0, 2, '2011-12-01 09:22:55'),
	(172, 172, 'language', 21, 0, 0, 0, 0, 0, 0, 0, 0, 0, 2, '2011-12-01 09:22:55'),
	(173, 173, 'Desc', 21, 0, 0, 0, 0, 0, 0, 0, 0, 0, 2, '2011-12-01 09:22:55'),
	(174, 174, 'Code', 21, 0, 0, 0, 0, 0, 0, 0, 0, 0, 2, '2011-12-01 09:22:55'),
	(175, 175, 'Is Google', 21, 0, 0, 0, 0, 0, 0, 0, 0, 0, 2, '2011-12-01 09:22:55'),
	(176, 176, 'Is Bing', 21, 0, 0, 0, 0, 0, 0, 0, 0, 0, 2, '2011-12-01 09:22:55'),
	(177, 177, 'Is Lite', 21, 0, 0, 0, 0, 0, 0, 0, 0, 0, 2, '2011-12-01 09:22:55'),
	(178, 178, 'Is Services', 21, 0, 0, 0, 0, 0, 0, 0, 0, 0, 2, '2011-12-01 09:22:55'),
	(179, 179, 'Default', 21, 0, 0, 0, 0, 0, 0, 0, 0, 0, 2, '2011-12-01 09:22:55'),
	(180, 180, 'New', 21, 0, 0, 0, 0, 0, 0, 0, 0, 0, 2, '2011-12-01 09:22:55'),
	(181, 181, 'Draft', 21, 0, 0, 0, 0, 0, 0, 0, 0, 0, 2, '2011-12-01 09:22:55'),
	(182, 182, 'Update', 21, 0, 0, 0, 0, 0, 0, 0, 0, 0, 2, '2011-12-01 09:22:55'),
	(183, 183, 'Delete', 21, 0, 0, 0, 0, 0, 0, 0, 0, 0, 2, '2011-12-01 09:22:55'),
	(184, 184, 'Active', 21, 0, 0, 0, 0, 0, 0, 0, 0, 0, 2, '2011-12-01 09:22:55'),
	(185, 185, 'Approved', 21, 0, 0, 0, 0, 0, 0, 0, 0, 0, 2, '2011-12-01 09:22:55'),
	(186, 186, 'Review', 21, 0, 0, 0, 0, 0, 0, 0, 0, 0, 2, '2011-12-01 09:22:55'),
	(187, 187, 'Post', 21, 0, 0, 0, 0, 0, 0, 0, 0, 0, 2, '2011-12-01 09:22:55'),
	(188, 188, 'By', 21, 0, 0, 0, 0, 0, 0, 0, 0, 0, 2, '2011-12-01 09:22:55'),
	(189, 189, 'Time', 21, 0, 0, 0, 0, 0, 0, 0, 0, 0, 2, '2011-12-01 09:22:55'),
	(190, 190, 'leaf', 21, 0, 0, 0, 0, 0, 0, 0, 0, 0, 2, '2011-12-01 09:22:55'),
	(191, 191, 'application', 21, 0, 0, 0, 0, 0, 0, 0, 0, 0, 2, '2011-12-01 09:22:55'),
	(192, 192, 'module', 21, 0, 0, 0, 0, 0, 0, 0, 0, 0, 2, '2011-12-01 09:22:55'),
	(193, 193, 'folder', 21, 0, 0, 0, 0, 0, 0, 0, 0, 0, 2, '2011-12-01 09:22:55'),
	(194, 194, 'icon', 21, 0, 0, 0, 0, 0, 0, 0, 0, 0, 2, '2011-12-01 09:22:55'),
	(195, 195, 'Sequence', 21, 0, 0, 0, 0, 0, 0, 0, 0, 0, 2, '2011-12-01 09:22:55'),
	(196, 196, 'Code', 21, 0, 0, 0, 0, 0, 0, 0, 0, 0, 2, '2011-12-01 09:22:55'),
	(197, 197, 'Filename', 21, 0, 0, 0, 0, 0, 0, 0, 0, 0, 2, '2011-12-01 09:22:55'),
	(198, 198, 'English', 21, 0, 0, 0, 0, 0, 0, 0, 0, 0, 2, '2011-12-01 09:22:55'),
	(199, 199, 'Default', 21, 0, 0, 0, 0, 0, 0, 0, 0, 0, 2, '2011-12-01 09:22:55'),
	(200, 200, 'New', 21, 0, 0, 0, 0, 0, 0, 0, 0, 0, 2, '2011-12-01 09:22:55'),
	(201, 201, 'Draft', 21, 0, 0, 0, 0, 0, 0, 0, 0, 0, 2, '2011-12-01 09:22:55'),
	(202, 202, 'Update', 21, 0, 0, 0, 0, 0, 0, 0, 0, 0, 2, '2011-12-01 09:22:55'),
	(203, 203, 'Delete', 21, 0, 0, 0, 0, 0, 0, 0, 0, 0, 2, '2011-12-01 09:22:55'),
	(204, 204, 'Active', 21, 0, 0, 0, 0, 0, 0, 0, 0, 0, 2, '2011-12-01 09:22:55'),
	(205, 205, 'Approved', 21, 0, 0, 0, 0, 0, 0, 0, 0, 0, 2, '2011-12-01 09:22:55'),
	(206, 206, 'Review', 21, 0, 0, 0, 0, 0, 0, 0, 0, 0, 2, '2011-12-01 09:22:55'),
	(207, 207, 'Post', 21, 0, 0, 0, 0, 0, 0, 0, 0, 0, 2, '2011-12-01 09:22:55'),
	(208, 208, 'By', 21, 0, 0, 0, 0, 0, 0, 0, 0, 0, 2, '2011-12-01 09:22:55'),
	(209, 209, 'Time', 21, 0, 0, 0, 0, 0, 0, 0, 0, 0, 2, '2011-12-01 09:22:55'),
	(210, 210, 'leafAccess', 21, 0, 0, 0, 0, 0, 0, 0, 0, 0, 2, '2011-12-01 09:22:55'),
	(211, 211, 'leaf', 21, 0, 0, 0, 0, 0, 0, 0, 0, 0, 2, '2011-12-01 09:22:55'),
	(212, 212, 'staff', 21, 0, 0, 0, 0, 0, 0, 0, 0, 0, 2, '2011-12-01 09:22:55'),
	(213, 213, 'Leaf Access Draft   Value', 21, 0, 0, 0, 0, 0, 0, 0, 0, 0, 2, '2011-12-01 09:22:55'),
	(214, 214, 'Leaf Access Create   Value', 21, 0, 0, 0, 0, 0, 0, 0, 0, 0, 2, '2011-12-01 09:22:55'),
	(215, 215, 'Leaf Access Read   Value', 21, 0, 0, 0, 0, 0, 0, 0, 0, 0, 2, '2011-12-01 09:22:55'),
	(216, 216, 'Leaf Access Update   Value', 21, 0, 0, 0, 0, 0, 0, 0, 0, 0, 2, '2011-12-01 09:22:55'),
	(217, 217, 'Leaf Access Delete   Value', 21, 0, 0, 0, 0, 0, 0, 0, 0, 0, 2, '2011-12-01 09:22:55'),
	(218, 218, 'Leaf Access Review   Value', 21, 0, 0, 0, 0, 0, 0, 0, 0, 0, 2, '2011-12-01 09:22:55'),
	(219, 219, 'Leaf Access Approved   Value', 21, 0, 0, 0, 0, 0, 0, 0, 0, 0, 2, '2011-12-01 09:22:55'),
	(220, 220, 'Leaf Access Post   Value', 21, 0, 0, 0, 0, 0, 0, 0, 0, 0, 2, '2011-12-01 09:22:55'),
	(221, 221, 'Leaf Access Print   Value', 21, 0, 0, 0, 0, 0, 0, 0, 0, 0, 2, '2011-12-01 09:22:55'),
	(222, 222, 'leafTranslate', 21, 0, 0, 0, 0, 0, 0, 0, 0, 0, 2, '2011-12-01 09:22:55'),
	(223, 223, 'leaf', 21, 0, 0, 0, 0, 0, 0, 0, 0, 0, 2, '2011-12-01 09:22:55'),
	(224, 224, 'language', 21, 0, 0, 0, 0, 0, 0, 0, 0, 0, 2, '2011-12-01 09:22:55'),
	(225, 225, 'Leaf Native', 21, 0, 0, 0, 0, 0, 0, 0, 0, 0, 2, '2011-12-01 09:22:55'),
	(226, 226, 'Default', 21, 0, 0, 0, 0, 0, 0, 0, 0, 0, 2, '2011-12-01 09:22:55'),
	(227, 227, 'New', 21, 0, 0, 0, 0, 0, 0, 0, 0, 0, 2, '2011-12-01 09:22:55'),
	(228, 228, 'Draft', 21, 0, 0, 0, 0, 0, 0, 0, 0, 0, 2, '2011-12-01 09:22:55'),
	(229, 229, 'Update', 21, 0, 0, 0, 0, 0, 0, 0, 0, 0, 2, '2011-12-01 09:22:55'),
	(230, 230, 'Delete', 21, 0, 0, 0, 0, 0, 0, 0, 0, 0, 2, '2011-12-01 09:22:55'),
	(231, 231, 'Active', 21, 0, 0, 0, 0, 0, 0, 0, 0, 0, 2, '2011-12-01 09:22:55'),
	(232, 232, 'Approved', 21, 0, 0, 0, 0, 0, 0, 0, 0, 0, 2, '2011-12-01 09:22:55'),
	(233, 233, 'Review', 21, 0, 0, 0, 0, 0, 0, 0, 0, 0, 2, '2011-12-01 09:22:55'),
	(234, 234, 'Post', 21, 0, 0, 0, 0, 0, 0, 0, 0, 0, 2, '2011-12-01 09:22:55'),
	(235, 235, 'By', 21, 0, 0, 0, 0, 0, 0, 0, 0, 0, 2, '2011-12-01 09:22:55'),
	(236, 236, 'Time', 21, 0, 0, 0, 0, 0, 0, 0, 0, 0, 2, '2011-12-01 09:22:55'),
	(237, 237, 'leafUser', 21, 0, 0, 0, 0, 0, 0, 0, 0, 0, 2, '2011-12-01 09:22:55'),
	(238, 238, 'leaf', 21, 0, 0, 0, 0, 0, 0, 0, 0, 0, 2, '2011-12-01 09:22:55'),
	(239, 239, 'Leaf Sequence', 21, 0, 0, 0, 0, 0, 0, 0, 0, 0, 2, '2011-12-01 09:22:55'),
	(240, 240, 'staff', 21, 0, 0, 0, 0, 0, 0, 0, 0, 0, 2, '2011-12-01 09:22:55'),
	(241, 241, 'module', 21, 0, 0, 0, 0, 0, 0, 0, 0, 0, 2, '2011-12-01 09:22:55'),
	(242, 242, 'application', 21, 0, 0, 0, 0, 0, 0, 0, 0, 0, 2, '2011-12-01 09:22:55'),
	(243, 243, 'icon', 21, 0, 0, 0, 0, 0, 0, 0, 0, 0, 2, '2011-12-01 09:22:55'),
	(244, 244, 'Sequence', 21, 0, 0, 0, 0, 0, 0, 0, 0, 0, 2, '2011-12-01 09:22:55'),
	(245, 245, 'Code', 21, 0, 0, 0, 0, 0, 0, 0, 0, 0, 2, '2011-12-01 09:22:55'),
	(246, 246, 'English', 21, 0, 0, 0, 0, 0, 0, 0, 0, 0, 2, '2011-12-01 09:22:55'),
	(247, 247, 'Default', 21, 0, 0, 0, 0, 0, 0, 0, 0, 0, 2, '2011-12-01 09:22:55'),
	(248, 248, 'New', 21, 0, 0, 0, 0, 0, 0, 0, 0, 0, 2, '2011-12-01 09:22:55'),
	(249, 249, 'Draft', 21, 0, 0, 0, 0, 0, 0, 0, 0, 0, 2, '2011-12-01 09:22:55'),
	(250, 250, 'Update', 21, 0, 0, 0, 0, 0, 0, 0, 0, 0, 2, '2011-12-01 09:22:55'),
	(251, 251, 'Delete', 21, 0, 0, 0, 0, 0, 0, 0, 0, 0, 2, '2011-12-01 09:22:55'),
	(252, 252, 'Active', 21, 0, 0, 0, 0, 0, 0, 0, 0, 0, 2, '2011-12-01 09:22:55'),
	(253, 253, 'Approved', 21, 0, 0, 0, 0, 0, 0, 0, 0, 0, 2, '2011-12-01 09:22:55'),
	(254, 254, 'Review', 21, 0, 0, 0, 0, 0, 0, 0, 0, 0, 2, '2011-12-01 09:22:55'),
	(255, 255, 'Post', 21, 0, 0, 0, 0, 0, 0, 0, 0, 0, 2, '2011-12-01 09:22:55'),
	(256, 256, 'By', 21, 0, 0, 0, 0, 0, 0, 0, 0, 0, 2, '2011-12-01 09:22:55'),
	(257, 257, 'Time', 21, 0, 0, 0, 0, 0, 0, 0, 0, 0, 2, '2011-12-01 09:22:55'),
	(258, 258, 'moduleAccess', 21, 0, 0, 0, 0, 0, 0, 0, 0, 0, 2, '2011-12-01 09:22:55'),
	(259, 259, 'module', 21, 0, 0, 0, 0, 0, 0, 0, 0, 0, 2, '2011-12-01 09:22:55'),
	(260, 260, 'team', 21, 0, 0, 0, 0, 0, 0, 0, 0, 0, 2, '2011-12-01 09:22:55'),
	(261, 261, 'Module Value', 21, 0, 0, 0, 0, 0, 0, 0, 0, 0, 2, '2011-12-01 09:22:56'),
	(262, 262, 'moduleTranslate', 21, 0, 0, 0, 0, 0, 0, 0, 0, 0, 2, '2011-12-01 09:22:56'),
	(263, 263, 'module', 21, 0, 0, 0, 0, 0, 0, 0, 0, 0, 2, '2011-12-01 09:22:56'),
	(264, 264, 'language', 21, 0, 0, 0, 0, 0, 0, 0, 0, 0, 2, '2011-12-01 09:22:56'),
	(265, 265, 'Module Native', 21, 0, 0, 0, 0, 0, 0, 0, 0, 0, 2, '2011-12-01 09:22:56'),
	(266, 266, 'Default', 21, 0, 0, 0, 0, 0, 0, 0, 0, 0, 2, '2011-12-01 09:22:56'),
	(267, 267, 'New', 21, 0, 0, 0, 0, 0, 0, 0, 0, 0, 2, '2011-12-01 09:22:56'),
	(268, 268, 'Draft', 21, 0, 0, 0, 0, 0, 0, 0, 0, 0, 2, '2011-12-01 09:22:56'),
	(269, 269, 'Update', 21, 0, 0, 0, 0, 0, 0, 0, 0, 0, 2, '2011-12-01 09:22:56'),
	(270, 270, 'Delete', 21, 0, 0, 0, 0, 0, 0, 0, 0, 0, 2, '2011-12-01 09:22:56'),
	(271, 271, 'Active', 21, 0, 0, 0, 0, 0, 0, 0, 0, 0, 2, '2011-12-01 09:22:56'),
	(272, 272, 'Approved', 21, 0, 0, 0, 0, 0, 0, 0, 0, 0, 2, '2011-12-01 09:22:56'),
	(273, 273, 'Review', 21, 0, 0, 0, 0, 0, 0, 0, 0, 0, 2, '2011-12-01 09:22:56'),
	(274, 274, 'Ispost', 21, 0, 0, 0, 0, 0, 0, 0, 0, 0, 2, '2011-12-01 09:22:56'),
	(275, 275, 'By', 21, 0, 0, 0, 0, 0, 0, 0, 0, 0, 2, '2011-12-01 09:22:56'),
	(276, 276, 'Time', 21, 0, 0, 0, 0, 0, 0, 0, 0, 0, 2, '2011-12-01 09:22:56'),
	(277, 277, 'religion', 21, 0, 0, 0, 0, 0, 0, 0, 0, 0, 2, '2011-12-01 09:22:56'),
	(278, 278, 'Religion Desc', 21, 0, 0, 0, 0, 0, 0, 0, 0, 0, 2, '2011-12-01 09:22:56'),
	(279, 279, 'Default', 21, 0, 0, 0, 0, 0, 0, 0, 0, 0, 2, '2011-12-01 09:22:56'),
	(280, 280, 'New', 21, 0, 0, 0, 0, 0, 0, 0, 0, 0, 2, '2011-12-01 09:22:56'),
	(281, 281, 'Draft', 21, 0, 0, 0, 0, 0, 0, 0, 0, 0, 2, '2011-12-01 09:22:56'),
	(282, 282, 'Update', 21, 0, 0, 0, 0, 0, 0, 0, 0, 0, 2, '2011-12-01 09:22:56'),
	(283, 283, 'Delete', 21, 0, 0, 0, 0, 0, 0, 0, 0, 0, 2, '2011-12-01 09:22:56'),
	(284, 284, 'Active', 21, 0, 0, 0, 0, 0, 0, 0, 0, 0, 2, '2011-12-01 09:22:56'),
	(285, 285, 'Approved', 21, 0, 0, 0, 0, 0, 0, 0, 0, 0, 2, '2011-12-01 09:22:56'),
	(286, 286, 'Review', 21, 0, 0, 0, 0, 0, 0, 0, 0, 0, 2, '2011-12-01 09:22:56'),
	(287, 287, 'Post', 21, 0, 0, 0, 0, 0, 0, 0, 0, 0, 2, '2011-12-01 09:22:56'),
	(288, 288, 'By', 21, 0, 0, 0, 0, 0, 0, 0, 0, 0, 2, '2011-12-01 09:22:56'),
	(289, 289, 'Time', 21, 0, 0, 0, 0, 0, 0, 0, 0, 0, 2, '2011-12-01 09:22:56'),
	(290, 290, 'religionDetail', 21, 0, 0, 0, 0, 0, 0, 0, 0, 0, 2, '2011-12-01 09:22:56'),
	(291, 291, 'religion', 21, 0, 0, 0, 0, 0, 0, 0, 0, 0, 2, '2011-12-01 09:22:56'),
	(292, 292, 'Religion Title', 21, 0, 0, 0, 0, 0, 0, 0, 0, 0, 2, '2011-12-01 09:22:56'),
	(293, 293, 'Religion Desc', 21, 0, 0, 0, 0, 0, 0, 0, 0, 0, 2, '2011-12-01 09:22:56'),
	(294, 294, 'Default', 21, 0, 0, 0, 0, 0, 0, 0, 0, 0, 2, '2011-12-01 09:22:56'),
	(295, 295, 'New', 21, 0, 0, 0, 0, 0, 0, 0, 0, 0, 2, '2011-12-01 09:22:56'),
	(296, 296, 'Draft', 21, 0, 0, 0, 0, 0, 0, 0, 0, 0, 2, '2011-12-01 09:22:56'),
	(297, 297, 'Update', 21, 0, 0, 0, 0, 0, 0, 0, 0, 0, 2, '2011-12-01 09:22:56'),
	(298, 298, 'Delete', 21, 0, 0, 0, 0, 0, 0, 0, 0, 0, 2, '2011-12-01 09:22:56'),
	(299, 299, 'Active', 21, 0, 0, 0, 0, 0, 0, 0, 0, 0, 2, '2011-12-01 09:22:56'),
	(300, 300, 'Approved', 21, 0, 0, 0, 0, 0, 0, 0, 0, 0, 2, '2011-12-01 09:22:56'),
	(301, 301, 'Review', 21, 0, 0, 0, 0, 0, 0, 0, 0, 0, 2, '2011-12-01 09:22:56'),
	(302, 302, 'Post', 21, 0, 0, 0, 0, 0, 0, 0, 0, 0, 2, '2011-12-01 09:22:56'),
	(303, 303, 'By', 21, 0, 0, 0, 0, 0, 0, 0, 0, 0, 2, '2011-12-01 09:22:56'),
	(304, 304, 'Time', 21, 0, 0, 0, 0, 0, 0, 0, 0, 0, 2, '2011-12-01 09:22:56'),
	(305, 305, 'staff', 21, 0, 0, 0, 0, 0, 0, 0, 0, 0, 2, '2011-12-01 09:22:56'),
	(306, 306, 'team', 21, 0, 0, 0, 0, 0, 0, 0, 0, 0, 2, '2011-12-01 09:22:56'),
	(307, 307, 'department', 21, 0, 0, 0, 0, 0, 0, 0, 0, 0, 2, '2011-12-01 09:22:56'),
	(308, 308, 'language', 21, 0, 0, 0, 0, 0, 0, 0, 0, 0, 2, '2011-12-01 09:22:56'),
	(309, 309, 'Password', 21, 0, 0, 0, 0, 0, 0, 0, 0, 0, 2, '2011-12-01 09:22:56'),
	(310, 310, 'Name', 21, 0, 0, 0, 0, 0, 0, 0, 0, 0, 2, '2011-12-01 09:22:56'),
	(311, 311, 'No', 21, 0, 0, 0, 0, 0, 0, 0, 0, 0, 2, '2011-12-01 09:22:56'),
	(312, 312, 'Ic', 21, 0, 0, 0, 0, 0, 0, 0, 0, 0, 2, '2011-12-01 09:22:56'),
	(313, 313, 'Default', 21, 0, 0, 0, 0, 0, 0, 0, 0, 0, 2, '2011-12-01 09:22:56'),
	(314, 314, 'New', 21, 0, 0, 0, 0, 0, 0, 0, 0, 0, 2, '2011-12-01 09:22:56'),
	(315, 315, 'Draft', 21, 0, 0, 0, 0, 0, 0, 0, 0, 0, 2, '2011-12-01 09:22:56'),
	(316, 316, 'Update', 21, 0, 0, 0, 0, 0, 0, 0, 0, 0, 2, '2011-12-01 09:22:56'),
	(317, 317, 'Delete', 21, 0, 0, 0, 0, 0, 0, 0, 0, 0, 2, '2011-12-01 09:22:56'),
	(318, 318, 'Active', 21, 0, 0, 0, 0, 0, 0, 0, 0, 0, 2, '2011-12-01 09:22:56'),
	(319, 319, 'Approved', 21, 0, 0, 0, 0, 0, 0, 0, 0, 0, 2, '2011-12-01 09:22:56'),
	(320, 320, 'Review', 21, 0, 0, 0, 0, 0, 0, 0, 0, 0, 2, '2011-12-01 09:22:56'),
	(321, 321, 'Post', 21, 0, 0, 0, 0, 0, 0, 0, 0, 0, 2, '2011-12-01 09:22:56'),
	(322, 322, 'By', 21, 0, 0, 0, 0, 0, 0, 0, 0, 0, 2, '2011-12-01 09:22:56'),
	(323, 323, 'Time', 21, 0, 0, 0, 0, 0, 0, 0, 0, 0, 2, '2011-12-01 09:22:56'),
	(324, 324, 'staffWebAccess', 21, 0, 0, 0, 0, 0, 0, 0, 0, 0, 2, '2011-12-01 09:22:56'),
	(325, 325, 'staff', 21, 0, 0, 0, 0, 0, 0, 0, 0, 0, 2, '2011-12-01 09:22:56'),
	(326, 326, 'Staff Web Access Log   In', 21, 0, 0, 0, 0, 0, 0, 0, 0, 0, 2, '2011-12-01 09:22:56'),
	(327, 327, 'Staff Web Access Log   Out', 21, 0, 0, 0, 0, 0, 0, 0, 0, 0, 2, '2011-12-01 09:22:56'),
	(328, 328, 'Php Session', 21, 0, 0, 0, 0, 0, 0, 0, 0, 0, 2, '2011-12-01 09:22:56'),
	(329, 329, 'systemString', 21, 0, 0, 0, 0, 0, 0, 0, 0, 0, 2, '2011-12-01 09:22:56'),
	(330, 330, 'System Code', 21, 0, 0, 0, 0, 0, 0, 0, 0, 0, 2, '2011-12-01 09:22:56'),
	(331, 331, 'System English', 21, 0, 0, 0, 0, 0, 0, 0, 0, 0, 2, '2011-12-01 09:22:56'),
	(332, 332, 'Default', 21, 0, 0, 0, 0, 0, 0, 0, 0, 0, 2, '2011-12-01 09:22:56'),
	(333, 333, 'New', 21, 0, 0, 0, 0, 0, 0, 0, 0, 0, 2, '2011-12-01 09:22:56'),
	(334, 334, 'Draft', 21, 0, 0, 0, 0, 0, 0, 0, 0, 0, 2, '2011-12-01 09:22:56'),
	(335, 335, 'Update', 21, 0, 0, 0, 0, 0, 0, 0, 0, 0, 2, '2011-12-01 09:22:56'),
	(336, 336, 'Delete', 21, 0, 0, 0, 0, 0, 0, 0, 0, 0, 2, '2011-12-01 09:22:56'),
	(337, 337, 'Active', 21, 0, 0, 0, 0, 0, 0, 0, 0, 0, 2, '2011-12-01 09:22:56'),
	(338, 338, 'Approved', 21, 0, 0, 0, 0, 0, 0, 0, 0, 0, 2, '2011-12-01 09:22:56'),
	(339, 339, 'Review', 21, 0, 0, 0, 0, 0, 0, 0, 0, 0, 2, '2011-12-01 09:22:56'),
	(340, 340, 'Post', 21, 0, 0, 0, 0, 0, 0, 0, 0, 0, 2, '2011-12-01 09:22:56'),
	(341, 341, 'By', 21, 0, 0, 0, 0, 0, 0, 0, 0, 0, 2, '2011-12-01 09:22:56'),
	(342, 342, 'Time', 21, 0, 0, 0, 0, 0, 0, 0, 0, 0, 2, '2011-12-01 09:22:56'),
	(343, 343, 'systemStringTranslate', 21, 0, 0, 0, 0, 0, 0, 0, 0, 0, 2, '2011-12-01 09:22:56'),
	(344, 344, 'systemString', 21, 0, 0, 0, 0, 0, 0, 0, 0, 0, 2, '2011-12-01 09:22:56'),
	(345, 345, 'System Code', 21, 0, 0, 0, 0, 0, 0, 0, 0, 0, 2, '2011-12-01 09:22:56'),
	(346, 346, 'language', 21, 0, 0, 0, 0, 0, 0, 0, 0, 0, 2, '2011-12-01 09:22:56'),
	(347, 347, 'System Native', 21, 0, 0, 0, 0, 0, 0, 0, 0, 0, 2, '2011-12-01 09:22:56'),
	(348, 348, 'Default', 21, 0, 0, 0, 0, 0, 0, 0, 0, 0, 2, '2011-12-01 09:22:56'),
	(349, 349, 'New', 21, 0, 0, 0, 0, 0, 0, 0, 0, 0, 2, '2011-12-01 09:22:56'),
	(350, 350, 'Draft', 21, 0, 0, 0, 0, 0, 0, 0, 0, 0, 2, '2011-12-01 09:22:56'),
	(351, 351, 'Update', 21, 0, 0, 0, 0, 0, 0, 0, 0, 0, 2, '2011-12-01 09:22:56'),
	(352, 352, 'Delete', 21, 0, 0, 0, 0, 0, 0, 0, 0, 0, 2, '2011-12-01 09:22:56'),
	(353, 353, 'Active', 21, 0, 0, 0, 0, 0, 0, 0, 0, 0, 2, '2011-12-01 09:22:56'),
	(354, 354, 'Approved', 21, 0, 0, 0, 0, 0, 0, 0, 0, 0, 2, '2011-12-01 09:22:56'),
	(355, 355, 'Review', 21, 0, 0, 0, 0, 0, 0, 0, 0, 0, 2, '2011-12-01 09:22:56'),
	(356, 356, 'Post', 21, 0, 0, 0, 0, 0, 0, 0, 0, 0, 2, '2011-12-01 09:22:56'),
	(357, 357, 'By', 21, 0, 0, 0, 0, 0, 0, 0, 0, 0, 2, '2011-12-01 09:22:56'),
	(358, 358, 'Time', 21, 0, 0, 0, 0, 0, 0, 0, 0, 0, 2, '2011-12-01 09:22:56'),
	(359, 359, 'tableMapping', 21, 0, 0, 0, 0, 0, 0, 0, 0, 0, 2, '2011-12-01 09:22:56'),
	(360, 360, 'Database', 21, 0, 0, 0, 0, 0, 0, 0, 0, 0, 2, '2011-12-01 09:22:56'),
	(361, 361, 'Table Name', 21, 0, 0, 0, 0, 0, 0, 0, 0, 0, 2, '2011-12-01 09:22:56'),
	(362, 362, 'Table Mapping Column   Name', 21, 0, 0, 0, 0, 0, 0, 0, 0, 0, 2, '2011-12-01 09:22:56'),
	(363, 363, 'Table English', 21, 0, 0, 0, 0, 0, 0, 0, 0, 0, 2, '2011-12-01 09:22:56'),
	(364, 364, 'Default', 21, 0, 0, 0, 0, 0, 0, 0, 0, 0, 2, '2011-12-01 09:22:56'),
	(365, 365, 'New', 21, 0, 0, 0, 0, 0, 0, 0, 0, 0, 2, '2011-12-01 09:22:56'),
	(366, 366, 'Draft', 21, 0, 0, 0, 0, 0, 0, 0, 0, 0, 2, '2011-12-01 09:22:56'),
	(367, 367, 'Update', 21, 0, 0, 0, 0, 0, 0, 0, 0, 0, 2, '2011-12-01 09:22:56'),
	(368, 368, 'Delete', 21, 0, 0, 0, 0, 0, 0, 0, 0, 0, 2, '2011-12-01 09:22:56'),
	(369, 369, 'Active', 21, 0, 0, 0, 0, 0, 0, 0, 0, 0, 2, '2011-12-01 09:22:56'),
	(370, 370, 'Approved', 21, 0, 0, 0, 0, 0, 0, 0, 0, 0, 2, '2011-12-01 09:22:56'),
	(371, 371, 'Review', 21, 0, 0, 0, 0, 0, 0, 0, 0, 0, 2, '2011-12-01 09:22:56'),
	(372, 372, 'Post', 21, 0, 0, 0, 0, 0, 0, 0, 0, 0, 2, '2011-12-01 09:22:56'),
	(373, 373, 'By', 21, 0, 0, 0, 0, 0, 0, 0, 0, 0, 2, '2011-12-01 09:22:56'),
	(374, 374, 'Time', 21, 0, 0, 0, 0, 0, 0, 0, 0, 0, 2, '2011-12-01 09:22:56'),
	(375, 375, 'tableMappingTranslate', 21, 0, 0, 0, 0, 0, 0, 0, 0, 0, 2, '2011-12-01 09:22:56'),
	(376, 376, 'tableMapping', 21, 0, 0, 0, 0, 0, 0, 0, 0, 0, 2, '2011-12-01 09:22:56'),
	(377, 377, 'Table Native', 21, 0, 0, 0, 0, 0, 0, 0, 0, 0, 2, '2011-12-01 09:22:56'),
	(378, 378, 'language', 21, 0, 0, 0, 0, 0, 0, 0, 0, 0, 2, '2011-12-01 09:22:56'),
	(379, 379, 'Default', 21, 0, 0, 0, 0, 0, 0, 0, 0, 0, 2, '2011-12-01 09:22:56'),
	(380, 380, 'New', 21, 0, 0, 0, 0, 0, 0, 0, 0, 0, 2, '2011-12-01 09:22:56'),
	(381, 381, 'Draft', 21, 0, 0, 0, 0, 0, 0, 0, 0, 0, 2, '2011-12-01 09:22:56'),
	(382, 382, 'Update', 21, 0, 0, 0, 0, 0, 0, 0, 0, 0, 2, '2011-12-01 09:22:56'),
	(383, 383, 'Delete', 21, 0, 0, 0, 0, 0, 0, 0, 0, 0, 2, '2011-12-01 09:22:56'),
	(384, 384, 'Active', 21, 0, 0, 0, 0, 0, 0, 0, 0, 0, 2, '2011-12-01 09:22:56'),
	(385, 385, 'Approved', 21, 0, 0, 0, 0, 0, 0, 0, 0, 0, 2, '2011-12-01 09:22:56'),
	(386, 386, 'Review', 21, 0, 0, 0, 0, 0, 0, 0, 0, 0, 2, '2011-12-01 09:22:56'),
	(387, 387, 'Post', 21, 0, 0, 0, 0, 0, 0, 0, 0, 0, 2, '2011-12-01 09:22:56'),
	(388, 388, 'By', 21, 0, 0, 0, 0, 0, 0, 0, 0, 0, 2, '2011-12-01 09:22:56'),
	(389, 389, 'Time', 21, 0, 0, 0, 0, 0, 0, 0, 0, 0, 2, '2011-12-01 09:22:56'),
	(390, 390, 'template', 21, 0, 0, 0, 0, 0, 0, 0, 0, 0, 2, '2011-12-01 09:22:56'),
	(391, 391, 'Default', 21, 0, 0, 0, 0, 0, 0, 0, 0, 0, 2, '2011-12-01 09:22:56'),
	(392, 392, 'New', 21, 0, 0, 0, 0, 0, 0, 0, 0, 0, 2, '2011-12-01 09:22:56'),
	(393, 393, 'Draft', 21, 0, 0, 0, 0, 0, 0, 0, 0, 0, 2, '2011-12-01 09:22:56'),
	(394, 394, 'Update', 21, 0, 0, 0, 0, 0, 0, 0, 0, 0, 2, '2011-12-01 09:22:56'),
	(395, 395, 'Delete', 21, 0, 0, 0, 0, 0, 0, 0, 0, 0, 2, '2011-12-01 09:22:56'),
	(396, 396, 'Active', 21, 0, 0, 0, 0, 0, 0, 0, 0, 0, 2, '2011-12-01 09:22:56'),
	(397, 397, 'Approved', 21, 0, 0, 0, 0, 0, 0, 0, 0, 0, 2, '2011-12-01 09:22:56'),
	(398, 398, 'Review', 21, 0, 0, 0, 0, 0, 0, 0, 0, 0, 2, '2011-12-01 09:22:56'),
	(399, 399, 'Post', 21, 0, 0, 0, 0, 0, 0, 0, 0, 0, 2, '2011-12-01 09:22:56'),
	(400, 400, 'By', 21, 0, 0, 0, 0, 0, 0, 0, 0, 0, 2, '2011-12-01 09:22:56'),
	(401, 401, 'Time', 21, 0, 0, 0, 0, 0, 0, 0, 0, 0, 2, '2011-12-01 09:22:56'),
	(402, 402, 'theme', 21, 0, 0, 0, 0, 0, 0, 0, 0, 0, 2, '2011-12-01 09:22:56'),
	(403, 403, 'Sequence', 21, 0, 0, 0, 0, 0, 0, 0, 0, 0, 2, '2011-12-01 09:22:56'),
	(404, 404, 'Code', 21, 0, 0, 0, 0, 0, 0, 0, 0, 0, 2, '2011-12-01 09:22:56'),
	(405, 405, 'Note', 21, 0, 0, 0, 0, 0, 0, 0, 0, 0, 2, '2011-12-01 09:22:56'),
	(406, 406, 'Path', 21, 0, 0, 0, 0, 0, 0, 0, 0, 0, 2, '2011-12-01 09:22:56'),
	(407, 407, 'Default', 21, 0, 0, 0, 0, 0, 0, 0, 0, 0, 2, '2011-12-01 09:22:56'),
	(408, 408, 'New', 21, 0, 0, 0, 0, 0, 0, 0, 0, 0, 2, '2011-12-01 09:22:56'),
	(409, 409, 'Draft', 21, 0, 0, 0, 0, 0, 0, 0, 0, 0, 2, '2011-12-01 09:22:56'),
	(410, 410, 'Update', 21, 0, 0, 0, 0, 0, 0, 0, 0, 0, 2, '2011-12-01 09:22:56'),
	(411, 411, 'Delete', 21, 0, 0, 0, 0, 0, 0, 0, 0, 0, 2, '2011-12-01 09:22:56'),
	(412, 412, 'Active', 21, 0, 0, 0, 0, 0, 0, 0, 0, 0, 2, '2011-12-01 09:22:56'),
	(413, 413, 'Approved', 21, 0, 0, 0, 0, 0, 0, 0, 0, 0, 2, '2011-12-01 09:22:56'),
	(414, 414, 'Review', 21, 0, 0, 0, 0, 0, 0, 0, 0, 0, 2, '2011-12-01 09:22:56'),
	(415, 415, 'Post', 21, 0, 0, 0, 0, 0, 0, 0, 0, 0, 2, '2011-12-01 09:22:56'),
	(416, 416, 'By', 21, 0, 0, 0, 0, 0, 0, 0, 0, 0, 2, '2011-12-01 09:22:56'),
	(417, 417, 'Time', 21, 0, 0, 0, 0, 0, 0, 0, 0, 0, 2, '2011-12-01 09:22:56'),
	(418, 418, 'todo', 21, 0, 0, 0, 0, 0, 0, 0, 0, 0, 2, '2011-12-01 09:22:56'),
	(419, 419, 'Title', 21, 0, 0, 0, 0, 0, 0, 0, 0, 0, 2, '2011-12-01 09:22:56'),
	(420, 420, 'Desc', 21, 0, 0, 0, 0, 0, 0, 0, 0, 0, 2, '2011-12-01 09:22:56'),
	(421, 421, 'staff', 21, 0, 0, 0, 0, 0, 0, 0, 0, 0, 2, '2011-12-01 09:22:56'),
	(422, 422, 'Default', 21, 0, 0, 0, 0, 0, 0, 0, 0, 0, 2, '2011-12-01 09:22:56'),
	(423, 423, 'New', 21, 0, 0, 0, 0, 0, 0, 0, 0, 0, 2, '2011-12-01 09:22:56'),
	(424, 424, 'Draft', 21, 0, 0, 0, 0, 0, 0, 0, 0, 0, 2, '2011-12-01 09:22:56'),
	(425, 425, 'Update', 21, 0, 0, 0, 0, 0, 0, 0, 0, 0, 2, '2011-12-01 09:22:56'),
	(426, 426, 'Delete', 21, 0, 0, 0, 0, 0, 0, 0, 0, 0, 2, '2011-12-01 09:22:56'),
	(427, 427, 'Active', 21, 0, 0, 0, 0, 0, 0, 0, 0, 0, 2, '2011-12-01 09:22:56'),
	(428, 428, 'Approved', 21, 0, 0, 0, 0, 0, 0, 0, 0, 0, 2, '2011-12-01 09:22:56'),
	(429, 429, 'Review', 21, 0, 0, 0, 0, 0, 0, 0, 0, 0, 2, '2011-12-01 09:22:56'),
	(430, 430, 'Post', 21, 0, 0, 0, 0, 0, 0, 0, 0, 0, 2, '2011-12-01 09:22:56'),
	(431, 431, 'Is Done', 21, 0, 0, 0, 0, 0, 0, 0, 0, 0, 2, '2011-12-01 09:22:56'),
	(432, 432, 'By', 21, 0, 0, 0, 0, 0, 0, 0, 0, 0, 2, '2011-12-01 09:22:56'),
	(433, 433, 'Time', 21, 0, 0, 0, 0, 0, 0, 0, 0, 0, 2, '2011-12-01 09:22:56'),
	(14850, 14850, 'adjustmentLedger', 21, 0, 0, 0, 0, 0, 0, 0, 0, 0, 2, '2011-12-16 15:16:50'),
	(14851, 14851, 'Document No', 21, 0, 0, 0, 0, 0, 0, 0, 0, 0, 2, '2011-12-16 15:16:50'),
	(14852, 14852, 'Reference No', 21, 0, 0, 0, 0, 0, 0, 0, 0, 0, 2, '2011-12-16 15:16:50'),
	(14853, 14853, 'Ledger Title', 21, 0, 0, 0, 0, 0, 0, 0, 0, 0, 2, '2011-12-16 15:16:50'),
	(14854, 14854, 'Ledger Desc', 21, 0, 0, 0, 0, 0, 0, 0, 0, 0, 2, '2011-12-16 15:16:50'),
	(14855, 14855, 'Ledger Date', 21, 0, 0, 0, 0, 0, 0, 0, 0, 0, 2, '2011-12-16 15:16:50'),
	(14856, 14856, 'Ledger Amount', 21, 0, 0, 0, 0, 0, 0, 0, 0, 0, 2, '2011-12-16 15:16:50'),
	(14857, 14857, 'businessPartner', 21, 0, 0, 0, 0, 0, 0, 0, 0, 0, 2, '2011-12-16 15:16:50'),
	(14858, 14858, 'invoiceCategory', 21, 0, 0, 0, 0, 0, 0, 0, 0, 0, 2, '2011-12-16 15:16:50'),
	(14859, 14859, 'invoiceType', 21, 0, 0, 0, 0, 0, 0, 0, 0, 0, 2, '2011-12-16 15:16:50'),
	(14860, 14860, 'invoice', 21, 0, 0, 0, 0, 0, 0, 0, 0, 0, 2, '2011-12-16 15:16:50'),
	(14861, 14861, 'Default', 21, 0, 0, 0, 0, 0, 0, 0, 0, 0, 2, '2011-12-16 15:16:50'),
	(14862, 14862, 'New', 21, 0, 0, 0, 0, 0, 0, 0, 0, 0, 2, '2011-12-16 15:16:50'),
	(14863, 14863, 'Draft', 21, 0, 0, 0, 0, 0, 0, 0, 0, 0, 2, '2011-12-16 15:16:50'),
	(14864, 14864, 'Update', 21, 0, 0, 0, 0, 0, 0, 0, 0, 0, 2, '2011-12-16 15:16:50'),
	(14865, 14865, 'Delete', 21, 0, 0, 0, 0, 0, 0, 0, 0, 0, 2, '2011-12-16 15:16:50'),
	(14866, 14866, 'Active', 21, 0, 0, 0, 0, 0, 0, 0, 0, 0, 2, '2011-12-16 15:16:50'),
	(14867, 14867, 'Approved', 21, 0, 0, 0, 0, 0, 0, 0, 0, 0, 2, '2011-12-16 15:16:50'),
	(14868, 14868, 'Review', 21, 0, 0, 0, 0, 0, 0, 0, 0, 0, 2, '2011-12-16 15:16:50'),
	(14869, 14869, 'Post', 21, 0, 0, 0, 0, 0, 0, 0, 0, 0, 2, '2011-12-16 15:16:50'),
	(14870, 14870, 'By', 21, 0, 0, 0, 0, 0, 0, 0, 0, 0, 2, '2011-12-16 15:16:50'),
	(14871, 14871, 'Time', 21, 0, 0, 0, 0, 0, 0, 0, 0, 0, 2, '2011-12-16 15:16:50'),
	(14872, 14872, 'adjustmentLedger', 21, 0, 0, 0, 0, 0, 0, 0, 0, 0, 2, '2011-12-16 15:16:50'),
	(14873, 14873, 'AdjustmentType', 21, 0, 0, 0, 0, 0, 0, 0, 0, 0, 2, '2011-12-16 15:16:50'),
	(14874, 14874, 'Document No', 21, 0, 0, 0, 0, 0, 0, 0, 0, 0, 2, '2011-12-16 15:16:50'),
	(14875, 14875, 'Reference No', 21, 0, 0, 0, 0, 0, 0, 0, 0, 0, 2, '2011-12-16 15:16:50'),
	(14876, 14876, 'Title', 21, 0, 0, 0, 0, 0, 0, 0, 0, 0, 2, '2011-12-16 15:16:50'),
	(14877, 14877, 'Desc', 21, 0, 0, 0, 0, 0, 0, 0, 0, 0, 2, '2011-12-16 15:16:50'),
	(14878, 14878, 'Date', 21, 0, 0, 0, 0, 0, 0, 0, 0, 0, 2, '2011-12-16 15:16:50'),
	(14879, 14879, 'Amount', 21, 0, 0, 0, 0, 0, 0, 0, 0, 0, 2, '2011-12-16 15:16:50'),
	(14880, 14880, 'businessPartner', 21, 0, 0, 0, 0, 0, 0, 0, 0, 0, 2, '2011-12-16 15:16:50'),
	(14881, 14881, 'invoiceCategory', 21, 0, 0, 0, 0, 0, 0, 0, 0, 0, 2, '2011-12-16 15:16:50'),
	(14882, 14882, 'invoiceType', 21, 0, 0, 0, 0, 0, 0, 0, 0, 0, 2, '2011-12-16 15:16:50'),
	(14883, 14883, 'invoiceLedger', 21, 0, 0, 0, 0, 0, 0, 0, 0, 0, 2, '2011-12-16 15:16:50'),
	(14884, 14884, 'Default', 21, 0, 0, 0, 0, 0, 0, 0, 0, 0, 2, '2011-12-16 15:16:50'),
	(14885, 14885, 'New', 21, 0, 0, 0, 0, 0, 0, 0, 0, 0, 2, '2011-12-16 15:16:50'),
	(14886, 14886, 'Draft', 21, 0, 0, 0, 0, 0, 0, 0, 0, 0, 2, '2011-12-16 15:16:50'),
	(14887, 14887, 'Update', 21, 0, 0, 0, 0, 0, 0, 0, 0, 0, 2, '2011-12-16 15:16:50'),
	(14888, 14888, 'Delete', 21, 0, 0, 0, 0, 0, 0, 0, 0, 0, 2, '2011-12-16 15:16:50'),
	(14889, 14889, 'Active', 21, 0, 0, 0, 0, 0, 0, 0, 0, 0, 2, '2011-12-16 15:16:50'),
	(14890, 14890, 'Approved', 21, 0, 0, 0, 0, 0, 0, 0, 0, 0, 2, '2011-12-16 15:16:50'),
	(14891, 14891, 'Review', 21, 0, 0, 0, 0, 0, 0, 0, 0, 0, 2, '2011-12-16 15:16:50'),
	(14892, 14892, 'Post', 21, 0, 0, 0, 0, 0, 0, 0, 0, 0, 2, '2011-12-16 15:16:50'),
	(14893, 14893, 'By', 21, 0, 0, 0, 0, 0, 0, 0, 0, 0, 2, '2011-12-16 15:16:50'),
	(14894, 14894, 'Time', 21, 0, 0, 0, 0, 0, 0, 0, 0, 0, 2, '2011-12-16 15:16:50'),
	(14895, 14895, 'adjustmentLedgerDetail', 21, 0, 0, 0, 0, 0, 0, 0, 0, 0, 2, '2011-12-16 15:16:50'),
	(14896, 14896, 'adjustmentLedger', 21, 0, 0, 0, 0, 0, 0, 0, 0, 0, 2, '2011-12-16 15:16:50'),
	(14897, 14897, 'generalLedgerChartOfAccount', 21, 0, 0, 0, 0, 0, 0, 0, 0, 0, 2, '2011-12-16 15:16:50'),
	(14898, 14898, 'country', 21, 0, 0, 0, 0, 0, 0, 0, 0, 0, 2, '2011-12-16 15:16:50'),
	(14899, 14899, 'Transaction Mode', 21, 0, 0, 0, 0, 0, 0, 0, 0, 0, 2, '2011-12-16 15:16:50'),
	(14900, 14900, 'Amount', 21, 0, 0, 0, 0, 0, 0, 0, 0, 0, 2, '2011-12-16 15:16:50'),
	(14901, 14901, 'Default', 21, 0, 0, 0, 0, 0, 0, 0, 0, 0, 2, '2011-12-16 15:16:50'),
	(14902, 14902, 'New', 21, 0, 0, 0, 0, 0, 0, 0, 0, 0, 2, '2011-12-16 15:16:50'),
	(14903, 14903, 'Draft', 21, 0, 0, 0, 0, 0, 0, 0, 0, 0, 2, '2011-12-16 15:16:50'),
	(14904, 14904, 'Update', 21, 0, 0, 0, 0, 0, 0, 0, 0, 0, 2, '2011-12-16 15:16:50'),
	(14905, 14905, 'Delete', 21, 0, 0, 0, 0, 0, 0, 0, 0, 0, 2, '2011-12-16 15:16:50'),
	(14906, 14906, 'Active', 21, 0, 0, 0, 0, 0, 0, 0, 0, 0, 2, '2011-12-16 15:16:50'),
	(14907, 14907, 'Approved', 21, 0, 0, 0, 0, 0, 0, 0, 0, 0, 2, '2011-12-16 15:16:50'),
	(14908, 14908, 'Review', 21, 0, 0, 0, 0, 0, 0, 0, 0, 0, 2, '2011-12-16 15:16:50'),
	(14909, 14909, 'Post', 21, 0, 0, 0, 0, 0, 0, 0, 0, 0, 2, '2011-12-16 15:16:50'),
	(14910, 14910, 'By', 21, 0, 0, 0, 0, 0, 0, 0, 0, 0, 2, '2011-12-16 15:16:50'),
	(14911, 14911, 'Time', 21, 0, 0, 0, 0, 0, 0, 0, 0, 0, 2, '2011-12-16 15:16:50'),
	(14912, 14912, 'adjustmentType', 21, 0, 0, 0, 0, 0, 0, 0, 0, 0, 2, '2011-12-16 15:16:50'),
	(14913, 14913, 'Sequence', 21, 0, 0, 0, 0, 0, 0, 0, 0, 0, 2, '2011-12-16 15:16:50'),
	(14914, 14914, 'Code', 21, 0, 0, 0, 0, 0, 0, 0, 0, 0, 2, '2011-12-16 15:16:50'),
	(14915, 14915, 'Desc', 21, 0, 0, 0, 0, 0, 0, 0, 0, 0, 2, '2011-12-16 15:16:50'),
	(14916, 14916, 'Default', 21, 0, 0, 0, 0, 0, 0, 0, 0, 0, 2, '2011-12-16 15:16:50'),
	(14917, 14917, 'New', 21, 0, 0, 0, 0, 0, 0, 0, 0, 0, 2, '2011-12-16 15:16:50'),
	(14918, 14918, 'Draft', 21, 0, 0, 0, 0, 0, 0, 0, 0, 0, 2, '2011-12-16 15:16:50'),
	(14919, 14919, 'Update', 21, 0, 0, 0, 0, 0, 0, 0, 0, 0, 2, '2011-12-16 15:16:50'),
	(14920, 14920, 'Delete', 21, 0, 0, 0, 0, 0, 0, 0, 0, 0, 2, '2011-12-16 15:16:50'),
	(14921, 14921, 'Active', 21, 0, 0, 0, 0, 0, 0, 0, 0, 0, 2, '2011-12-16 15:16:50'),
	(14922, 14922, 'Approved', 21, 0, 0, 0, 0, 0, 0, 0, 0, 0, 2, '2011-12-16 15:16:50'),
	(14923, 14923, 'Review', 21, 0, 0, 0, 0, 0, 0, 0, 0, 0, 2, '2011-12-16 15:16:50'),
	(14924, 14924, 'Post', 21, 0, 0, 0, 0, 0, 0, 0, 0, 0, 2, '2011-12-16 15:16:50'),
	(14925, 14925, 'By', 21, 0, 0, 0, 0, 0, 0, 0, 0, 0, 2, '2011-12-16 15:16:50'),
	(14926, 14926, 'Time', 21, 0, 0, 0, 0, 0, 0, 0, 0, 0, 2, '2011-12-16 15:16:50'),
	(14927, 14927, 'bankBalance', 21, 0, 0, 0, 0, 0, 0, 0, 0, 0, 2, '2011-12-16 15:16:50'),
	(14928, 14928, 'Cash Amount', 21, 0, 0, 0, 0, 0, 0, 0, 0, 0, 2, '2011-12-16 15:16:50'),
	(14929, 14929, 'Cheque Amount', 21, 0, 0, 0, 0, 0, 0, 0, 0, 0, 2, '2011-12-16 15:16:50'),
	(14930, 14930, 'Month', 21, 0, 0, 0, 0, 0, 0, 0, 0, 0, 2, '2011-12-16 15:16:50'),
	(14931, 14931, 'Year', 21, 0, 0, 0, 0, 0, 0, 0, 0, 0, 2, '2011-12-16 15:16:50'),
	(14932, 14932, 'Default', 21, 0, 0, 0, 0, 0, 0, 0, 0, 0, 2, '2011-12-16 15:16:50'),
	(14933, 14933, 'New', 21, 0, 0, 0, 0, 0, 0, 0, 0, 0, 2, '2011-12-16 15:16:50'),
	(14934, 14934, 'Draft', 21, 0, 0, 0, 0, 0, 0, 0, 0, 0, 2, '2011-12-16 15:16:50'),
	(14935, 14935, 'Update', 21, 0, 0, 0, 0, 0, 0, 0, 0, 0, 2, '2011-12-16 15:16:50'),
	(14936, 14936, 'Delete', 21, 0, 0, 0, 0, 0, 0, 0, 0, 0, 2, '2011-12-16 15:16:50'),
	(14937, 14937, 'Active', 21, 0, 0, 0, 0, 0, 0, 0, 0, 0, 2, '2011-12-16 15:16:50'),
	(14938, 14938, 'Approved', 21, 0, 0, 0, 0, 0, 0, 0, 0, 0, 2, '2011-12-16 15:16:50'),
	(14939, 14939, 'Review', 21, 0, 0, 0, 0, 0, 0, 0, 0, 0, 2, '2011-12-16 15:16:50'),
	(14940, 14940, 'Post', 21, 0, 0, 0, 0, 0, 0, 0, 0, 0, 2, '2011-12-16 15:16:50'),
	(14941, 14941, 'By', 21, 0, 0, 0, 0, 0, 0, 0, 0, 0, 2, '2011-12-16 15:16:50'),
	(14942, 14942, 'Time', 21, 0, 0, 0, 0, 0, 0, 0, 0, 0, 2, '2011-12-16 15:16:50'),
	(14943, 14943, 'businessPartner', 21, 0, 0, 0, 0, 0, 0, 0, 0, 0, 2, '2011-12-16 15:16:50'),
	(14944, 14944, 'Company', 21, 0, 0, 0, 0, 0, 0, 0, 0, 0, 2, '2011-12-16 15:16:50'),
	(14945, 14945, 'Last Name', 21, 0, 0, 0, 0, 0, 0, 0, 0, 0, 2, '2011-12-16 15:16:50'),
	(14946, 14946, 'First Name', 21, 0, 0, 0, 0, 0, 0, 0, 0, 0, 2, '2011-12-16 15:16:50'),
	(14947, 14947, 'Email', 21, 0, 0, 0, 0, 0, 0, 0, 0, 0, 2, '2011-12-16 15:16:50'),
	(14948, 14948, 'Job Title', 21, 0, 0, 0, 0, 0, 0, 0, 0, 0, 2, '2011-12-16 15:16:50'),
	(14949, 14949, 'Business Phone', 21, 0, 0, 0, 0, 0, 0, 0, 0, 0, 2, '2011-12-16 15:16:50'),
	(14950, 14950, 'Home Phone', 21, 0, 0, 0, 0, 0, 0, 0, 0, 0, 2, '2011-12-16 15:16:50'),
	(14951, 14951, 'Mobile Phone', 21, 0, 0, 0, 0, 0, 0, 0, 0, 0, 2, '2011-12-16 15:16:50'),
	(14952, 14952, 'Fax Num', 21, 0, 0, 0, 0, 0, 0, 0, 0, 0, 2, '2011-12-16 15:16:50'),
	(14953, 14953, 'Address', 21, 0, 0, 0, 0, 0, 0, 0, 0, 0, 2, '2011-12-16 15:16:50'),
	(14954, 14954, 'City', 21, 0, 0, 0, 0, 0, 0, 0, 0, 0, 2, '2011-12-16 15:16:50'),
	(14955, 14955, 'State', 21, 0, 0, 0, 0, 0, 0, 0, 0, 0, 2, '2011-12-16 15:16:50'),
	(14956, 14956, 'Post Code', 21, 0, 0, 0, 0, 0, 0, 0, 0, 0, 2, '2011-12-16 15:16:50'),
	(14957, 14957, 'Country', 21, 0, 0, 0, 0, 0, 0, 0, 0, 0, 2, '2011-12-16 15:16:50'),
	(14958, 14958, 'Web Page', 21, 0, 0, 0, 0, 0, 0, 0, 0, 0, 2, '2011-12-16 15:16:50'),
	(14959, 14959, 'Notes', 21, 0, 0, 0, 0, 0, 0, 0, 0, 0, 2, '2011-12-16 15:16:50'),
	(14960, 14960, 'Attachments', 21, 0, 0, 0, 0, 0, 0, 0, 0, 0, 2, '2011-12-16 15:16:50'),
	(14961, 14961, 'Date', 21, 0, 0, 0, 0, 0, 0, 0, 0, 0, 2, '2011-12-16 15:16:50'),
	(14962, 14962, 'businessPartnerCategory', 21, 0, 0, 0, 0, 0, 0, 0, 0, 0, 2, '2011-12-16 15:16:50'),
	(14963, 14963, 'Default', 21, 0, 0, 0, 0, 0, 0, 0, 0, 0, 2, '2011-12-16 15:16:50'),
	(14964, 14964, 'New', 21, 0, 0, 0, 0, 0, 0, 0, 0, 0, 2, '2011-12-16 15:16:50'),
	(14965, 14965, 'Draft', 21, 0, 0, 0, 0, 0, 0, 0, 0, 0, 2, '2011-12-16 15:16:50'),
	(14966, 14966, 'Update', 21, 0, 0, 0, 0, 0, 0, 0, 0, 0, 2, '2011-12-16 15:16:50'),
	(14967, 14967, 'Delete', 21, 0, 0, 0, 0, 0, 0, 0, 0, 0, 2, '2011-12-16 15:16:50'),
	(14968, 14968, 'Active', 21, 0, 0, 0, 0, 0, 0, 0, 0, 0, 2, '2011-12-16 15:16:50'),
	(14969, 14969, 'Approved', 21, 0, 0, 0, 0, 0, 0, 0, 0, 0, 2, '2011-12-16 15:16:50'),
	(14970, 14970, 'Review', 21, 0, 0, 0, 0, 0, 0, 0, 0, 0, 2, '2011-12-16 15:16:50'),
	(14971, 14971, 'Post', 21, 0, 0, 0, 0, 0, 0, 0, 0, 0, 2, '2011-12-16 15:16:50'),
	(14972, 14972, 'By', 21, 0, 0, 0, 0, 0, 0, 0, 0, 0, 2, '2011-12-16 15:16:50'),
	(14973, 14973, 'Time', 21, 0, 0, 0, 0, 0, 0, 0, 0, 0, 2, '2011-12-16 15:16:50'),
	(14974, 14974, 'businessPartnerAccount', 21, 0, 0, 0, 0, 0, 0, 0, 0, 0, 2, '2011-12-16 15:16:50'),
	(14975, 14975, 'generalLedgerChartOfAccountDimension', 21, 0, 0, 0, 0, 0, 0, 0, 0, 0, 2, '2011-12-16 15:16:50'),
	(14976, 14976, 'generalLedgerChartOfAccount', 21, 0, 0, 0, 0, 0, 0, 0, 0, 0, 2, '2011-12-16 15:16:50'),
	(14977, 14977, 'Default', 21, 0, 0, 0, 0, 0, 0, 0, 0, 0, 2, '2011-12-16 15:16:50'),
	(14978, 14978, 'New', 21, 0, 0, 0, 0, 0, 0, 0, 0, 0, 2, '2011-12-16 15:16:50'),
	(14979, 14979, 'Draft', 21, 0, 0, 0, 0, 0, 0, 0, 0, 0, 2, '2011-12-16 15:16:50'),
	(14980, 14980, 'Update', 21, 0, 0, 0, 0, 0, 0, 0, 0, 0, 2, '2011-12-16 15:16:50'),
	(14981, 14981, 'Delete', 21, 0, 0, 0, 0, 0, 0, 0, 0, 0, 2, '2011-12-16 15:16:50'),
	(14982, 14982, 'Active', 21, 0, 0, 0, 0, 0, 0, 0, 0, 0, 2, '2011-12-16 15:16:50'),
	(14983, 14983, 'Approved', 21, 0, 0, 0, 0, 0, 0, 0, 0, 0, 2, '2011-12-16 15:16:50'),
	(14984, 14984, 'Review', 21, 0, 0, 0, 0, 0, 0, 0, 0, 0, 2, '2011-12-16 15:16:50'),
	(14985, 14985, 'Post', 21, 0, 0, 0, 0, 0, 0, 0, 0, 0, 2, '2011-12-16 15:16:50'),
	(14986, 14986, 'By', 21, 0, 0, 0, 0, 0, 0, 0, 0, 0, 2, '2011-12-16 15:16:50'),
	(14987, 14987, 'Time', 21, 0, 0, 0, 0, 0, 0, 0, 0, 0, 2, '2011-12-16 15:16:50'),
	(14988, 14988, 'businessPartnerCategory', 21, 0, 0, 0, 0, 0, 0, 0, 0, 0, 2, '2011-12-16 15:16:50'),
	(14989, 14989, 'Desc', 21, 0, 0, 0, 0, 0, 0, 0, 0, 0, 2, '2011-12-16 15:16:50'),
	(14990, 14990, 'Default', 21, 0, 0, 0, 0, 0, 0, 0, 0, 0, 2, '2011-12-16 15:16:50'),
	(14991, 14991, 'New', 21, 0, 0, 0, 0, 0, 0, 0, 0, 0, 2, '2011-12-16 15:16:50'),
	(14992, 14992, 'Draft', 21, 0, 0, 0, 0, 0, 0, 0, 0, 0, 2, '2011-12-16 15:16:50'),
	(14993, 14993, 'Update', 21, 0, 0, 0, 0, 0, 0, 0, 0, 0, 2, '2011-12-16 15:16:50'),
	(14994, 14994, 'Delete', 21, 0, 0, 0, 0, 0, 0, 0, 0, 0, 2, '2011-12-16 15:16:50'),
	(14995, 14995, 'Active', 21, 0, 0, 0, 0, 0, 0, 0, 0, 0, 2, '2011-12-16 15:16:50'),
	(14996, 14996, 'Approved', 21, 0, 0, 0, 0, 0, 0, 0, 0, 0, 2, '2011-12-16 15:16:50'),
	(14997, 14997, 'Review', 21, 0, 0, 0, 0, 0, 0, 0, 0, 0, 2, '2011-12-16 15:16:50'),
	(14998, 14998, 'Post', 21, 0, 0, 0, 0, 0, 0, 0, 0, 0, 2, '2011-12-16 15:16:50'),
	(14999, 14999, 'By', 21, 0, 0, 0, 0, 0, 0, 0, 0, 0, 2, '2011-12-16 15:16:50'),
	(15000, 15000, 'Time', 21, 0, 0, 0, 0, 0, 0, 0, 0, 0, 2, '2011-12-16 15:16:50'),
	(15001, 15001, 'businessPartnerContact', 21, 0, 0, 0, 0, 0, 0, 0, 0, 0, 2, '2011-12-16 15:16:50'),
	(15002, 15002, 'Name', 21, 0, 0, 0, 0, 0, 0, 0, 0, 0, 2, '2011-12-16 15:16:50'),
	(15003, 15003, 'Title', 21, 0, 0, 0, 0, 0, 0, 0, 0, 0, 2, '2011-12-16 15:16:50'),
	(15004, 15004, 'Phone', 21, 0, 0, 0, 0, 0, 0, 0, 0, 0, 2, '2011-12-16 15:16:50'),
	(15005, 15005, 'Email', 21, 0, 0, 0, 0, 0, 0, 0, 0, 0, 2, '2011-12-16 15:16:50'),
	(15006, 15006, 'Default', 21, 0, 0, 0, 0, 0, 0, 0, 0, 0, 2, '2011-12-16 15:16:50'),
	(15007, 15007, 'New', 21, 0, 0, 0, 0, 0, 0, 0, 0, 0, 2, '2011-12-16 15:16:50'),
	(15008, 15008, 'Draft', 21, 0, 0, 0, 0, 0, 0, 0, 0, 0, 2, '2011-12-16 15:16:50'),
	(15009, 15009, 'Update', 21, 0, 0, 0, 0, 0, 0, 0, 0, 0, 2, '2011-12-16 15:16:50'),
	(15010, 15010, 'Delete', 21, 0, 0, 0, 0, 0, 0, 0, 0, 0, 2, '2011-12-16 15:16:50'),
	(15011, 15011, 'Active', 21, 0, 0, 0, 0, 0, 0, 0, 0, 0, 2, '2011-12-16 15:16:50'),
	(15012, 15012, 'Approved', 21, 0, 0, 0, 0, 0, 0, 0, 0, 0, 2, '2011-12-16 15:16:50'),
	(15013, 15013, 'Review', 21, 0, 0, 0, 0, 0, 0, 0, 0, 0, 2, '2011-12-16 15:16:50'),
	(15014, 15014, 'Post', 21, 0, 0, 0, 0, 0, 0, 0, 0, 0, 2, '2011-12-16 15:16:50'),
	(15015, 15015, 'By', 21, 0, 0, 0, 0, 0, 0, 0, 0, 0, 2, '2011-12-16 15:16:50'),
	(15016, 15016, 'Time', 21, 0, 0, 0, 0, 0, 0, 0, 0, 0, 2, '2011-12-16 15:16:50'),
	(15017, 15017, 'country', 21, 0, 0, 0, 0, 0, 0, 0, 0, 0, 2, '2011-12-16 15:16:50'),
	(15018, 15018, 'Sequence', 21, 0, 0, 0, 0, 0, 0, 0, 0, 0, 2, '2011-12-16 15:16:50'),
	(15019, 15019, 'Code', 21, 0, 0, 0, 0, 0, 0, 0, 0, 0, 2, '2011-12-16 15:16:50'),
	(15020, 15020, 'Currency Code', 21, 0, 0, 0, 0, 0, 0, 0, 0, 0, 2, '2011-12-16 15:16:50'),
	(15021, 15021, 'Currency Desc', 21, 0, 0, 0, 0, 0, 0, 0, 0, 0, 2, '2011-12-16 15:16:50'),
	(15022, 15022, 'Desc', 21, 0, 0, 0, 0, 0, 0, 0, 0, 0, 2, '2011-12-16 15:16:50'),
	(15023, 15023, 'Default', 21, 0, 0, 0, 0, 0, 0, 0, 0, 0, 2, '2011-12-16 15:16:50'),
	(15024, 15024, 'New', 21, 0, 0, 0, 0, 0, 0, 0, 0, 0, 2, '2011-12-16 15:16:50'),
	(15025, 15025, 'Draft', 21, 0, 0, 0, 0, 0, 0, 0, 0, 0, 2, '2011-12-16 15:16:50'),
	(15026, 15026, 'Update', 21, 0, 0, 0, 0, 0, 0, 0, 0, 0, 2, '2011-12-16 15:16:50'),
	(15027, 15027, 'Delete', 21, 0, 0, 0, 0, 0, 0, 0, 0, 0, 2, '2011-12-16 15:16:50'),
	(15028, 15028, 'Active', 21, 0, 0, 0, 0, 0, 0, 0, 0, 0, 2, '2011-12-16 15:16:50'),
	(15029, 15029, 'Approved', 21, 0, 0, 0, 0, 0, 0, 0, 0, 0, 2, '2011-12-16 15:16:50'),
	(15030, 15030, 'Review', 21, 0, 0, 0, 0, 0, 0, 0, 0, 0, 2, '2011-12-16 15:16:50'),
	(15031, 15031, 'Post', 21, 0, 0, 0, 0, 0, 0, 0, 0, 0, 2, '2011-12-16 15:16:50'),
	(15032, 15032, 'By', 21, 0, 0, 0, 0, 0, 0, 0, 0, 0, 2, '2011-12-16 15:16:50'),
	(15033, 15033, 'Time', 21, 0, 0, 0, 0, 0, 0, 0, 0, 0, 2, '2011-12-16 15:16:50'),
	(15034, 15034, 'depositLedgerDetail', 21, 0, 0, 0, 0, 0, 0, 0, 0, 0, 2, '2011-12-16 15:16:50'),
	(15035, 15035, 'depositLedger', 21, 0, 0, 0, 0, 0, 0, 0, 0, 0, 2, '2011-12-16 15:16:50'),
	(15036, 15036, 'generalLedgerChartOfAccount', 21, 0, 0, 0, 0, 0, 0, 0, 0, 0, 2, '2011-12-16 15:16:50'),
	(15037, 15037, 'country', 21, 0, 0, 0, 0, 0, 0, 0, 0, 0, 2, '2011-12-16 15:16:50'),
	(15038, 15038, 'Transaction Mode', 21, 0, 0, 0, 0, 0, 0, 0, 0, 0, 2, '2011-12-16 15:16:50'),
	(15039, 15039, 'Deposit Ledger Detail   Amount', 21, 0, 0, 0, 0, 0, 0, 0, 0, 0, 2, '2011-12-16 15:16:50'),
	(15040, 15040, 'Default', 21, 0, 0, 0, 0, 0, 0, 0, 0, 0, 2, '2011-12-16 15:16:50'),
	(15041, 15041, 'New', 21, 0, 0, 0, 0, 0, 0, 0, 0, 0, 2, '2011-12-16 15:16:50'),
	(15042, 15042, 'Draft', 21, 0, 0, 0, 0, 0, 0, 0, 0, 0, 2, '2011-12-16 15:16:50'),
	(15043, 15043, 'Update', 21, 0, 0, 0, 0, 0, 0, 0, 0, 0, 2, '2011-12-16 15:16:50'),
	(15044, 15044, 'Delete', 21, 0, 0, 0, 0, 0, 0, 0, 0, 0, 2, '2011-12-16 15:16:50'),
	(15045, 15045, 'Active', 21, 0, 0, 0, 0, 0, 0, 0, 0, 0, 2, '2011-12-16 15:16:50'),
	(15046, 15046, 'Approved', 21, 0, 0, 0, 0, 0, 0, 0, 0, 0, 2, '2011-12-16 15:16:50'),
	(15047, 15047, 'Review', 21, 0, 0, 0, 0, 0, 0, 0, 0, 0, 2, '2011-12-16 15:16:50'),
	(15048, 15048, 'Post', 21, 0, 0, 0, 0, 0, 0, 0, 0, 0, 2, '2011-12-16 15:16:50'),
	(15049, 15049, 'By', 21, 0, 0, 0, 0, 0, 0, 0, 0, 0, 2, '2011-12-16 15:16:50'),
	(15050, 15050, 'Time', 21, 0, 0, 0, 0, 0, 0, 0, 0, 0, 2, '2011-12-16 15:16:50'),
	(15051, 15051, 'depositLedger', 21, 0, 0, 0, 0, 0, 0, 0, 0, 0, 2, '2011-12-16 15:16:50'),
	(15052, 15052, 'depositType', 21, 0, 0, 0, 0, 0, 0, 0, 0, 0, 2, '2011-12-16 15:16:50'),
	(15053, 15053, 'Document No', 21, 0, 0, 0, 0, 0, 0, 0, 0, 0, 2, '2011-12-16 15:16:50'),
	(15054, 15054, 'Reference No', 21, 0, 0, 0, 0, 0, 0, 0, 0, 0, 2, '2011-12-16 15:16:50'),
	(15055, 15055, 'Title', 21, 0, 0, 0, 0, 0, 0, 0, 0, 0, 2, '2011-12-16 15:16:50'),
	(15056, 15056, 'Desc', 21, 0, 0, 0, 0, 0, 0, 0, 0, 0, 2, '2011-12-16 15:16:50'),
	(15057, 15057, 'Amount', 21, 0, 0, 0, 0, 0, 0, 0, 0, 0, 2, '2011-12-16 15:16:50'),
	(15058, 15058, 'Date', 21, 0, 0, 0, 0, 0, 0, 0, 0, 0, 2, '2011-12-16 15:16:50'),
	(15059, 15059, 'businessPartner', 21, 0, 0, 0, 0, 0, 0, 0, 0, 0, 2, '2011-12-16 15:16:50'),
	(15060, 15060, 'Default', 21, 0, 0, 0, 0, 0, 0, 0, 0, 0, 2, '2011-12-16 15:16:50'),
	(15061, 15061, 'New', 21, 0, 0, 0, 0, 0, 0, 0, 0, 0, 2, '2011-12-16 15:16:50'),
	(15062, 15062, 'Draft', 21, 0, 0, 0, 0, 0, 0, 0, 0, 0, 2, '2011-12-16 15:16:50'),
	(15063, 15063, 'Update', 21, 0, 0, 0, 0, 0, 0, 0, 0, 0, 2, '2011-12-16 15:16:50'),
	(15064, 15064, 'Delete', 21, 0, 0, 0, 0, 0, 0, 0, 0, 0, 2, '2011-12-16 15:16:50'),
	(15065, 15065, 'Active', 21, 0, 0, 0, 0, 0, 0, 0, 0, 0, 2, '2011-12-16 15:16:50'),
	(15066, 15066, 'Approved', 21, 0, 0, 0, 0, 0, 0, 0, 0, 0, 2, '2011-12-16 15:16:50'),
	(15067, 15067, 'Review', 21, 0, 0, 0, 0, 0, 0, 0, 0, 0, 2, '2011-12-16 15:16:50'),
	(15068, 15068, 'Post', 21, 0, 0, 0, 0, 0, 0, 0, 0, 0, 2, '2011-12-16 15:16:50'),
	(15069, 15069, 'Is Reconciled', 21, 0, 0, 0, 0, 0, 0, 0, 0, 0, 2, '2011-12-16 15:16:50'),
	(15070, 15070, 'By', 21, 0, 0, 0, 0, 0, 0, 0, 0, 0, 2, '2011-12-16 15:16:50'),
	(15071, 15071, 'Time', 21, 0, 0, 0, 0, 0, 0, 0, 0, 0, 2, '2011-12-16 15:16:50'),
	(15072, 15072, 'depositType', 21, 0, 0, 0, 0, 0, 0, 0, 0, 0, 2, '2011-12-16 15:16:50'),
	(15073, 15073, 'Sequence', 21, 0, 0, 0, 0, 0, 0, 0, 0, 0, 2, '2011-12-16 15:16:50'),
	(15074, 15074, 'Code', 21, 0, 0, 0, 0, 0, 0, 0, 0, 0, 2, '2011-12-16 15:16:50'),
	(15075, 15075, 'Desc', 21, 0, 0, 0, 0, 0, 0, 0, 0, 0, 2, '2011-12-16 15:16:50'),
	(15076, 15076, 'Default', 21, 0, 0, 0, 0, 0, 0, 0, 0, 0, 2, '2011-12-16 15:16:50'),
	(15077, 15077, 'New', 21, 0, 0, 0, 0, 0, 0, 0, 0, 0, 2, '2011-12-16 15:16:50'),
	(15078, 15078, 'Draft', 21, 0, 0, 0, 0, 0, 0, 0, 0, 0, 2, '2011-12-16 15:16:50'),
	(15079, 15079, 'Update', 21, 0, 0, 0, 0, 0, 0, 0, 0, 0, 2, '2011-12-16 15:16:50'),
	(15080, 15080, 'Delete', 21, 0, 0, 0, 0, 0, 0, 0, 0, 0, 2, '2011-12-16 15:16:50'),
	(15081, 15081, 'Active', 21, 0, 0, 0, 0, 0, 0, 0, 0, 0, 2, '2011-12-16 15:16:50'),
	(15082, 15082, 'Approved', 21, 0, 0, 0, 0, 0, 0, 0, 0, 0, 2, '2011-12-16 15:16:50'),
	(15083, 15083, 'Review', 21, 0, 0, 0, 0, 0, 0, 0, 0, 0, 2, '2011-12-16 15:16:50'),
	(15084, 15084, 'Post', 21, 0, 0, 0, 0, 0, 0, 0, 0, 0, 2, '2011-12-16 15:16:50'),
	(15085, 15085, 'By', 21, 0, 0, 0, 0, 0, 0, 0, 0, 0, 2, '2011-12-16 15:16:50'),
	(15086, 15086, 'Time', 21, 0, 0, 0, 0, 0, 0, 0, 0, 0, 2, '2011-12-16 15:16:50'),
	(15087, 15087, 'dividen', 21, 0, 0, 0, 0, 0, 0, 0, 0, 0, 2, '2011-12-16 15:16:50'),
	(15088, 15088, 'generalLedgerChartOfAccountDimension', 21, 0, 0, 0, 0, 0, 0, 0, 0, 0, 2, '2011-12-16 15:16:50'),
	(15089, 15089, 'generalLedgerChartOfAccount', 21, 0, 0, 0, 0, 0, 0, 0, 0, 0, 2, '2011-12-16 15:16:50'),
	(15090, 15090, 'Rate', 21, 0, 0, 0, 0, 0, 0, 0, 0, 0, 2, '2011-12-16 15:16:50'),
	(15091, 15091, 'Start Transaction', 21, 0, 0, 0, 0, 0, 0, 0, 0, 0, 2, '2011-12-16 15:16:50'),
	(15092, 15092, 'End Transaction', 21, 0, 0, 0, 0, 0, 0, 0, 0, 0, 2, '2011-12-16 15:16:50'),
	(15093, 15093, 'Default', 21, 0, 0, 0, 0, 0, 0, 0, 0, 0, 2, '2011-12-16 15:16:50'),
	(15094, 15094, 'New', 21, 0, 0, 0, 0, 0, 0, 0, 0, 0, 2, '2011-12-16 15:16:50'),
	(15095, 15095, 'Draft', 21, 0, 0, 0, 0, 0, 0, 0, 0, 0, 2, '2011-12-16 15:16:50'),
	(15096, 15096, 'Update', 21, 0, 0, 0, 0, 0, 0, 0, 0, 0, 2, '2011-12-16 15:16:50'),
	(15097, 15097, 'Delete', 21, 0, 0, 0, 0, 0, 0, 0, 0, 0, 2, '2011-12-16 15:16:50'),
	(15098, 15098, 'Active', 21, 0, 0, 0, 0, 0, 0, 0, 0, 0, 2, '2011-12-16 15:16:50'),
	(15099, 15099, 'Approved', 21, 0, 0, 0, 0, 0, 0, 0, 0, 0, 2, '2011-12-16 15:16:50'),
	(15100, 15100, 'Review', 21, 0, 0, 0, 0, 0, 0, 0, 0, 0, 2, '2011-12-16 15:16:50'),
	(15101, 15101, 'Post', 21, 0, 0, 0, 0, 0, 0, 0, 0, 0, 2, '2011-12-16 15:16:50'),
	(15102, 15102, 'By', 21, 0, 0, 0, 0, 0, 0, 0, 0, 0, 2, '2011-12-16 15:16:50'),
	(15103, 15103, 'Time', 21, 0, 0, 0, 0, 0, 0, 0, 0, 0, 2, '2011-12-16 15:16:50'),
	(15104, 15104, 'financialDuration', 21, 0, 0, 0, 0, 0, 0, 0, 0, 0, 2, '2011-12-16 15:16:50'),
	(15105, 15105, 'Year', 21, 0, 0, 0, 0, 0, 0, 0, 0, 0, 2, '2011-12-16 15:16:50'),
	(15106, 15106, 'Year Close', 21, 0, 0, 0, 0, 0, 0, 0, 0, 0, 2, '2011-12-16 15:16:50'),
	(15107, 15107, 'Year First', 21, 0, 0, 0, 0, 0, 0, 0, 0, 0, 2, '2011-12-16 15:16:50'),
	(15108, 15108, 'Year Period First   Close', 21, 0, 0, 0, 0, 0, 0, 0, 0, 0, 2, '2011-12-16 15:16:50'),
	(15109, 15109, 'Year Second', 21, 0, 0, 0, 0, 0, 0, 0, 0, 0, 2, '2011-12-16 15:16:50'),
	(15110, 15110, 'Year Period Second   Close', 21, 0, 0, 0, 0, 0, 0, 0, 0, 0, 2, '2011-12-16 15:16:50'),
	(15111, 15111, 'Year Third', 21, 0, 0, 0, 0, 0, 0, 0, 0, 0, 2, '2011-12-16 15:16:50'),
	(15112, 15112, 'Year Period Third   Close', 21, 0, 0, 0, 0, 0, 0, 0, 0, 0, 2, '2011-12-16 15:16:50'),
	(15113, 15113, 'Year Fourth', 21, 0, 0, 0, 0, 0, 0, 0, 0, 0, 2, '2011-12-16 15:16:50'),
	(15114, 15114, 'Year Period Fourth   Close', 21, 0, 0, 0, 0, 0, 0, 0, 0, 0, 2, '2011-12-16 15:16:50'),
	(15115, 15115, 'Year Fifth', 21, 0, 0, 0, 0, 0, 0, 0, 0, 0, 2, '2011-12-16 15:16:50'),
	(15116, 15116, 'Year Period Fifth   Close', 21, 0, 0, 0, 0, 0, 0, 0, 0, 0, 2, '2011-12-16 15:16:50'),
	(15117, 15117, 'Year Six', 21, 0, 0, 0, 0, 0, 0, 0, 0, 0, 2, '2011-12-16 15:16:50'),
	(15118, 15118, 'Year Period Six   Close', 21, 0, 0, 0, 0, 0, 0, 0, 0, 0, 2, '2011-12-16 15:16:50'),
	(15119, 15119, 'Year Seven', 21, 0, 0, 0, 0, 0, 0, 0, 0, 0, 2, '2011-12-16 15:16:50'),
	(15120, 15120, 'Year Period Seven   Close', 21, 0, 0, 0, 0, 0, 0, 0, 0, 0, 2, '2011-12-16 15:16:50'),
	(15121, 15121, 'Year Eigth', 21, 0, 0, 0, 0, 0, 0, 0, 0, 0, 2, '2011-12-16 15:16:50'),
	(15122, 15122, 'Year Period Eigth   Close', 21, 0, 0, 0, 0, 0, 0, 0, 0, 0, 2, '2011-12-16 15:16:50'),
	(15123, 15123, 'Year Nine', 21, 0, 0, 0, 0, 0, 0, 0, 0, 0, 2, '2011-12-16 15:16:50'),
	(15124, 15124, 'Year Period Nine   Close', 21, 0, 0, 0, 0, 0, 0, 0, 0, 0, 2, '2011-12-16 15:16:50'),
	(15125, 15125, 'Year Ten', 21, 0, 0, 0, 0, 0, 0, 0, 0, 0, 2, '2011-12-16 15:16:50'),
	(15126, 15126, 'Year Period Ten   Close', 21, 0, 0, 0, 0, 0, 0, 0, 0, 0, 2, '2011-12-16 15:16:50'),
	(15127, 15127, 'Year Eleven', 21, 0, 0, 0, 0, 0, 0, 0, 0, 0, 2, '2011-12-16 15:16:50'),
	(15128, 15128, 'Year Period Eleven   Close', 21, 0, 0, 0, 0, 0, 0, 0, 0, 0, 2, '2011-12-16 15:16:50'),
	(15129, 15129, 'Year Twelve', 21, 0, 0, 0, 0, 0, 0, 0, 0, 0, 2, '2011-12-16 15:16:50'),
	(15130, 15130, 'Year Period Twelve   Close', 21, 0, 0, 0, 0, 0, 0, 0, 0, 0, 2, '2011-12-16 15:16:50'),
	(15131, 15131, 'Default', 21, 0, 0, 0, 0, 0, 0, 0, 0, 0, 2, '2011-12-16 15:16:50'),
	(15132, 15132, 'New', 21, 0, 0, 0, 0, 0, 0, 0, 0, 0, 2, '2011-12-16 15:16:50'),
	(15133, 15133, 'Draft', 21, 0, 0, 0, 0, 0, 0, 0, 0, 0, 2, '2011-12-16 15:16:50'),
	(15134, 15134, 'Update', 21, 0, 0, 0, 0, 0, 0, 0, 0, 0, 2, '2011-12-16 15:16:50'),
	(15135, 15135, 'Delete', 21, 0, 0, 0, 0, 0, 0, 0, 0, 0, 2, '2011-12-16 15:16:50'),
	(15136, 15136, 'Active', 21, 0, 0, 0, 0, 0, 0, 0, 0, 0, 2, '2011-12-16 15:16:50'),
	(15137, 15137, 'Approved', 21, 0, 0, 0, 0, 0, 0, 0, 0, 0, 2, '2011-12-16 15:16:50'),
	(15138, 15138, 'Review', 21, 0, 0, 0, 0, 0, 0, 0, 0, 0, 2, '2011-12-16 15:16:50'),
	(15139, 15139, 'Post', 21, 0, 0, 0, 0, 0, 0, 0, 0, 0, 2, '2011-12-16 15:16:50'),
	(15140, 15140, 'By', 21, 0, 0, 0, 0, 0, 0, 0, 0, 0, 2, '2011-12-16 15:16:50'),
	(15141, 15141, 'Time', 21, 0, 0, 0, 0, 0, 0, 0, 0, 0, 2, '2011-12-16 15:16:50'),
	(15142, 15142, 'generalLedger', 21, 0, 0, 0, 0, 0, 0, 0, 0, 0, 2, '2011-12-16 15:16:50'),
	(15143, 15143, 'Document No', 21, 0, 0, 0, 0, 0, 0, 0, 0, 0, 2, '2011-12-16 15:16:50'),
	(15144, 15144, 'Title', 21, 0, 0, 0, 0, 0, 0, 0, 0, 0, 2, '2011-12-16 15:16:50'),
	(15145, 15145, 'Desc', 21, 0, 0, 0, 0, 0, 0, 0, 0, 0, 2, '2011-12-16 15:16:50'),
	(15146, 15146, 'Date', 21, 0, 0, 0, 0, 0, 0, 0, 0, 0, 2, '2011-12-16 15:16:50'),
	(15147, 15147, 'country', 21, 0, 0, 0, 0, 0, 0, 0, 0, 0, 2, '2011-12-16 15:16:50'),
	(15148, 15148, 'Country Code', 21, 0, 0, 0, 0, 0, 0, 0, 0, 0, 2, '2011-12-16 15:16:50'),
	(15149, 15149, 'Transaction Mode', 21, 0, 0, 0, 0, 0, 0, 0, 0, 0, 2, '2011-12-16 15:16:50'),
	(15150, 15150, 'Foreign Amount', 21, 0, 0, 0, 0, 0, 0, 0, 0, 0, 2, '2011-12-16 15:16:50'),
	(15151, 15151, 'Local Amount', 21, 0, 0, 0, 0, 0, 0, 0, 0, 0, 2, '2011-12-16 15:16:50'),
	(15152, 15152, 'generalLedgerChartOfAccountCategory', 21, 0, 0, 0, 0, 0, 0, 0, 0, 0, 2, '2011-12-16 15:16:50'),
	(15153, 15153, 'Chart Of Account Category   Desc', 21, 0, 0, 0, 0, 0, 0, 0, 0, 0, 2, '2011-12-16 15:16:50'),
	(15154, 15154, 'generalLedgerChartOfAccountType', 21, 0, 0, 0, 0, 0, 0, 0, 0, 0, 2, '2011-12-16 15:16:50'),
	(15155, 15155, 'Chart Of Account Type   Desc', 21, 0, 0, 0, 0, 0, 0, 0, 0, 0, 2, '2011-12-16 15:16:50'),
	(15156, 15156, 'generalLedgerChartOfAccount', 21, 0, 0, 0, 0, 0, 0, 0, 0, 0, 2, '2011-12-16 15:16:50'),
	(15157, 15157, 'Chart Of Account   No', 21, 0, 0, 0, 0, 0, 0, 0, 0, 0, 2, '2011-12-16 15:16:50'),
	(15158, 15158, 'Chart Of Account   Desc', 21, 0, 0, 0, 0, 0, 0, 0, 0, 0, 2, '2011-12-16 15:16:50'),
	(15159, 15159, 'businessPartner', 21, 0, 0, 0, 0, 0, 0, 0, 0, 0, 2, '2011-12-16 15:16:50'),
	(15160, 15160, 'Business Desc', 21, 0, 0, 0, 0, 0, 0, 0, 0, 0, 2, '2011-12-16 15:16:50'),
	(15161, 15161, 'Default', 21, 0, 0, 0, 0, 0, 0, 0, 0, 0, 2, '2011-12-16 15:16:50'),
	(15162, 15162, 'New', 21, 0, 0, 0, 0, 0, 0, 0, 0, 0, 2, '2011-12-16 15:16:50'),
	(15163, 15163, 'Draft', 21, 0, 0, 0, 0, 0, 0, 0, 0, 0, 2, '2011-12-16 15:16:50'),
	(15164, 15164, 'Update', 21, 0, 0, 0, 0, 0, 0, 0, 0, 0, 2, '2011-12-16 15:16:50'),
	(15165, 15165, 'Delete', 21, 0, 0, 0, 0, 0, 0, 0, 0, 0, 2, '2011-12-16 15:16:50'),
	(15166, 15166, 'Active', 21, 0, 0, 0, 0, 0, 0, 0, 0, 0, 2, '2011-12-16 15:16:50'),
	(15167, 15167, 'Approved', 21, 0, 0, 0, 0, 0, 0, 0, 0, 0, 2, '2011-12-16 15:16:50'),
	(15168, 15168, 'Review', 21, 0, 0, 0, 0, 0, 0, 0, 0, 0, 2, '2011-12-16 15:16:50'),
	(15169, 15169, 'Post', 21, 0, 0, 0, 0, 0, 0, 0, 0, 0, 2, '2011-12-16 15:16:50'),
	(15170, 15170, 'Is Authorized', 21, 0, 0, 0, 0, 0, 0, 0, 0, 0, 2, '2011-12-16 15:16:50'),
	(15171, 15171, 'By', 21, 0, 0, 0, 0, 0, 0, 0, 0, 0, 2, '2011-12-16 15:16:50'),
	(15172, 15172, 'Time', 21, 0, 0, 0, 0, 0, 0, 0, 0, 0, 2, '2011-12-16 15:16:50'),
	(15173, 15173, 'generalLedgerBudget', 21, 0, 0, 0, 0, 0, 0, 0, 0, 0, 2, '2011-12-16 15:16:50'),
	(15174, 15174, 'generalLedgerChartOfAccount', 21, 0, 0, 0, 0, 0, 0, 0, 0, 0, 2, '2011-12-16 15:16:50'),
	(15175, 15175, 'Month', 21, 0, 0, 0, 0, 0, 0, 0, 0, 0, 2, '2011-12-16 15:16:50'),
	(15176, 15176, 'Year', 21, 0, 0, 0, 0, 0, 0, 0, 0, 0, 2, '2011-12-16 15:16:50'),
	(15177, 15177, 'Amount', 21, 0, 0, 0, 0, 0, 0, 0, 0, 0, 2, '2011-12-16 15:16:50'),
	(15178, 15178, 'Desc', 21, 0, 0, 0, 0, 0, 0, 0, 0, 0, 2, '2011-12-16 15:16:50'),
	(15179, 15179, 'Default', 21, 0, 0, 0, 0, 0, 0, 0, 0, 0, 2, '2011-12-16 15:16:50'),
	(15180, 15180, 'New', 21, 0, 0, 0, 0, 0, 0, 0, 0, 0, 2, '2011-12-16 15:16:50'),
	(15181, 15181, 'Draft', 21, 0, 0, 0, 0, 0, 0, 0, 0, 0, 2, '2011-12-16 15:16:50'),
	(15182, 15182, 'Update', 21, 0, 0, 0, 0, 0, 0, 0, 0, 0, 2, '2011-12-16 15:16:50'),
	(15183, 15183, 'Delete', 21, 0, 0, 0, 0, 0, 0, 0, 0, 0, 2, '2011-12-16 15:16:50'),
	(15184, 15184, 'Active', 21, 0, 0, 0, 0, 0, 0, 0, 0, 0, 2, '2011-12-16 15:16:50'),
	(15185, 15185, 'Approved', 21, 0, 0, 0, 0, 0, 0, 0, 0, 0, 2, '2011-12-16 15:16:50'),
	(15186, 15186, 'Review', 21, 0, 0, 0, 0, 0, 0, 0, 0, 0, 2, '2011-12-16 15:16:50'),
	(15187, 15187, 'Post', 21, 0, 0, 0, 0, 0, 0, 0, 0, 0, 2, '2011-12-16 15:16:50'),
	(15188, 15188, 'By', 21, 0, 0, 0, 0, 0, 0, 0, 0, 0, 2, '2011-12-16 15:16:50'),
	(15189, 15189, 'Time', 21, 0, 0, 0, 0, 0, 0, 0, 0, 0, 2, '2011-12-16 15:16:50'),
	(15190, 15190, 'generalLedgerBudgetType', 21, 0, 0, 0, 0, 0, 0, 0, 0, 0, 2, '2011-12-16 15:16:50'),
	(15191, 15191, 'Sequence', 21, 0, 0, 0, 0, 0, 0, 0, 0, 0, 2, '2011-12-16 15:16:50'),
	(15192, 15192, 'Code', 21, 0, 0, 0, 0, 0, 0, 0, 0, 0, 2, '2011-12-16 15:16:50'),
	(15193, 15193, 'Desc', 21, 0, 0, 0, 0, 0, 0, 0, 0, 0, 2, '2011-12-16 15:16:50'),
	(15194, 15194, 'Default', 21, 0, 0, 0, 0, 0, 0, 0, 0, 0, 2, '2011-12-16 15:16:50'),
	(15195, 15195, 'New', 21, 0, 0, 0, 0, 0, 0, 0, 0, 0, 2, '2011-12-16 15:16:50'),
	(15196, 15196, 'Draft', 21, 0, 0, 0, 0, 0, 0, 0, 0, 0, 2, '2011-12-16 15:16:50'),
	(15197, 15197, 'Update', 21, 0, 0, 0, 0, 0, 0, 0, 0, 0, 2, '2011-12-16 15:16:50'),
	(15198, 15198, 'Delete', 21, 0, 0, 0, 0, 0, 0, 0, 0, 0, 2, '2011-12-16 15:16:50'),
	(15199, 15199, 'Active', 21, 0, 0, 0, 0, 0, 0, 0, 0, 0, 2, '2011-12-16 15:16:50'),
	(15200, 15200, 'Approved', 21, 0, 0, 0, 0, 0, 0, 0, 0, 0, 2, '2011-12-16 15:16:50'),
	(15201, 15201, 'Review', 21, 0, 0, 0, 0, 0, 0, 0, 0, 0, 2, '2011-12-16 15:16:50'),
	(15202, 15202, 'Post', 21, 0, 0, 0, 0, 0, 0, 0, 0, 0, 2, '2011-12-16 15:16:50'),
	(15203, 15203, 'By', 21, 0, 0, 0, 0, 0, 0, 0, 0, 0, 2, '2011-12-16 15:16:50'),
	(15204, 15204, 'Time', 21, 0, 0, 0, 0, 0, 0, 0, 0, 0, 2, '2011-12-16 15:16:50'),
	(15205, 15205, 'generalLedgerChartOfAccount', 21, 0, 0, 0, 0, 0, 0, 0, 0, 0, 2, '2011-12-16 15:16:50'),
	(15206, 15206, 'Title', 21, 0, 0, 0, 0, 0, 0, 0, 0, 0, 2, '2011-12-16 15:16:50'),
	(15207, 15207, 'Desc', 21, 0, 0, 0, 0, 0, 0, 0, 0, 0, 2, '2011-12-16 15:16:50'),
	(15208, 15208, 'No', 21, 0, 0, 0, 0, 0, 0, 0, 0, 0, 2, '2011-12-16 15:16:50'),
	(15209, 15209, 'generalLedgerChartOfAccountCategory', 21, 0, 0, 0, 0, 0, 0, 0, 0, 0, 2, '2011-12-16 15:16:50'),
	(15210, 15210, 'generalLedgerChartOfAccountType', 21, 0, 0, 0, 0, 0, 0, 0, 0, 0, 2, '2011-12-16 15:16:50'),
	(15211, 15211, 'generalLedgerChartOfAccountReportType', 21, 0, 0, 0, 0, 0, 0, 0, 0, 0, 2, '2011-12-16 15:16:50'),
	(15212, 15212, 'Default', 21, 0, 0, 0, 0, 0, 0, 0, 0, 0, 2, '2011-12-16 15:16:50'),
	(15213, 15213, 'New', 21, 0, 0, 0, 0, 0, 0, 0, 0, 0, 2, '2011-12-16 15:16:50'),
	(15214, 15214, 'Draft', 21, 0, 0, 0, 0, 0, 0, 0, 0, 0, 2, '2011-12-16 15:16:50'),
	(15215, 15215, 'Update', 21, 0, 0, 0, 0, 0, 0, 0, 0, 0, 2, '2011-12-16 15:16:50'),
	(15216, 15216, 'Delete', 21, 0, 0, 0, 0, 0, 0, 0, 0, 0, 2, '2011-12-16 15:16:50'),
	(15217, 15217, 'Active', 21, 0, 0, 0, 0, 0, 0, 0, 0, 0, 2, '2011-12-16 15:16:50'),
	(15218, 15218, 'Approved', 21, 0, 0, 0, 0, 0, 0, 0, 0, 0, 2, '2011-12-16 15:16:50'),
	(15219, 15219, 'Review', 21, 0, 0, 0, 0, 0, 0, 0, 0, 0, 2, '2011-12-16 15:16:50'),
	(15220, 15220, 'Post', 21, 0, 0, 0, 0, 0, 0, 0, 0, 0, 2, '2011-12-16 15:16:50'),
	(15221, 15221, 'Consolidation', 21, 0, 0, 0, 0, 0, 0, 0, 0, 0, 2, '2011-12-16 15:16:50'),
	(15222, 15222, 'Seperated', 21, 0, 0, 0, 0, 0, 0, 0, 0, 0, 2, '2011-12-16 15:16:50'),
	(15223, 15223, 'By', 21, 0, 0, 0, 0, 0, 0, 0, 0, 0, 2, '2011-12-16 15:16:50'),
	(15224, 15224, 'Time', 21, 0, 0, 0, 0, 0, 0, 0, 0, 0, 2, '2011-12-16 15:16:50'),
	(15225, 15225, 'folderAccess', 21, 0, 0, 0, 0, 0, 0, 0, 0, 0, 2, '2011-12-16 15:16:50'),
	(15226, 15226, 'staff', 21, 0, 0, 0, 0, 0, 0, 0, 0, 0, 2, '2011-12-16 15:16:50'),
	(15227, 15227, 'generalLedgerChartOfAccountAccess', 21, 0, 0, 0, 0, 0, 0, 0, 0, 0, 2, '2011-12-16 15:16:50'),
	(15228, 15228, 'Value', 21, 0, 0, 0, 0, 0, 0, 0, 0, 0, 2, '2011-12-16 15:16:50'),
	(15229, 15229, 'generalLedgerChartOfAccountCategory', 21, 0, 0, 0, 0, 0, 0, 0, 0, 0, 2, '2011-12-16 15:16:50'),
	(15230, 15230, 'Sequence', 21, 0, 0, 0, 0, 0, 0, 0, 0, 0, 2, '2011-12-16 15:16:50'),
	(15231, 15231, 'Code', 21, 0, 0, 0, 0, 0, 0, 0, 0, 0, 2, '2011-12-16 15:16:50'),
	(15232, 15232, 'Desc', 21, 0, 0, 0, 0, 0, 0, 0, 0, 0, 2, '2011-12-16 15:16:50'),
	(15233, 15233, 'Note', 21, 0, 0, 0, 0, 0, 0, 0, 0, 0, 2, '2011-12-16 15:16:50'),
	(15234, 15234, 'Default', 21, 0, 0, 0, 0, 0, 0, 0, 0, 0, 2, '2011-12-16 15:16:50'),
	(15235, 15235, 'New', 21, 0, 0, 0, 0, 0, 0, 0, 0, 0, 2, '2011-12-16 15:16:50'),
	(15236, 15236, 'Draft', 21, 0, 0, 0, 0, 0, 0, 0, 0, 0, 2, '2011-12-16 15:16:50'),
	(15237, 15237, 'Update', 21, 0, 0, 0, 0, 0, 0, 0, 0, 0, 2, '2011-12-16 15:16:50'),
	(15238, 15238, 'Delete', 21, 0, 0, 0, 0, 0, 0, 0, 0, 0, 2, '2011-12-16 15:16:50'),
	(15239, 15239, 'Active', 21, 0, 0, 0, 0, 0, 0, 0, 0, 0, 2, '2011-12-16 15:16:50'),
	(15240, 15240, 'Approved', 21, 0, 0, 0, 0, 0, 0, 0, 0, 0, 2, '2011-12-16 15:16:50'),
	(15241, 15241, 'Review', 21, 0, 0, 0, 0, 0, 0, 0, 0, 0, 2, '2011-12-16 15:16:50'),
	(15242, 15242, 'Post', 21, 0, 0, 0, 0, 0, 0, 0, 0, 0, 2, '2011-12-16 15:16:50'),
	(15243, 15243, 'By', 21, 0, 0, 0, 0, 0, 0, 0, 0, 0, 2, '2011-12-16 15:16:50'),
	(15244, 15244, 'Time', 21, 0, 0, 0, 0, 0, 0, 0, 0, 0, 2, '2011-12-16 15:16:50'),
	(15245, 15245, 'generalLedgerChartOfAccountDimension', 21, 0, 0, 0, 0, 0, 0, 0, 0, 0, 2, '2011-12-16 15:16:50'),
	(15246, 15246, 'Type', 21, 0, 0, 0, 0, 0, 0, 0, 0, 0, 2, '2011-12-16 15:16:50'),
	(15247, 15247, 'Title', 21, 0, 0, 0, 0, 0, 0, 0, 0, 0, 2, '2011-12-16 15:16:50'),
	(15248, 15248, 'Desc', 21, 0, 0, 0, 0, 0, 0, 0, 0, 0, 2, '2011-12-16 15:16:50'),
	(15249, 15249, 'generalLedgerChartOfAccountStart', 21, 0, 0, 0, 0, 0, 0, 0, 0, 0, 2, '2011-12-16 15:16:50'),
	(15250, 15250, 'generalLedgerChartOfAccountEnd', 21, 0, 0, 0, 0, 0, 0, 0, 0, 0, 2, '2011-12-16 15:16:50'),
	(15251, 15251, 'Formula', 21, 0, 0, 0, 0, 0, 0, 0, 0, 0, 2, '2011-12-16 15:16:50'),
	(15252, 15252, 'Default', 21, 0, 0, 0, 0, 0, 0, 0, 0, 0, 2, '2011-12-16 15:16:50'),
	(15253, 15253, 'New', 21, 0, 0, 0, 0, 0, 0, 0, 0, 0, 2, '2011-12-16 15:16:50'),
	(15254, 15254, 'Draft', 21, 0, 0, 0, 0, 0, 0, 0, 0, 0, 2, '2011-12-16 15:16:50'),
	(15255, 15255, 'Update', 21, 0, 0, 0, 0, 0, 0, 0, 0, 0, 2, '2011-12-16 15:16:50'),
	(15256, 15256, 'Delete', 21, 0, 0, 0, 0, 0, 0, 0, 0, 0, 2, '2011-12-16 15:16:50'),
	(15257, 15257, 'Active', 21, 0, 0, 0, 0, 0, 0, 0, 0, 0, 2, '2011-12-16 15:16:50'),
	(15258, 15258, 'Approved', 21, 0, 0, 0, 0, 0, 0, 0, 0, 0, 2, '2011-12-16 15:16:50'),
	(15259, 15259, 'Review', 21, 0, 0, 0, 0, 0, 0, 0, 0, 0, 2, '2011-12-16 15:16:50'),
	(15260, 15260, 'Post', 21, 0, 0, 0, 0, 0, 0, 0, 0, 0, 2, '2011-12-16 15:16:50'),
	(15261, 15261, 'By', 21, 0, 0, 0, 0, 0, 0, 0, 0, 0, 2, '2011-12-16 15:16:50'),
	(15262, 15262, 'Time', 21, 0, 0, 0, 0, 0, 0, 0, 0, 0, 2, '2011-12-16 15:16:50'),
	(15263, 15263, 'generalLedgerChartOfAccountReportType', 21, 0, 0, 0, 0, 0, 0, 0, 0, 0, 2, '2011-12-16 15:16:50'),
	(15264, 15264, 'Sequence', 21, 0, 0, 0, 0, 0, 0, 0, 0, 0, 2, '2011-12-16 15:16:50'),
	(15265, 15265, 'Code', 21, 0, 0, 0, 0, 0, 0, 0, 0, 0, 2, '2011-12-16 15:16:50'),
	(15266, 15266, 'Desc', 21, 0, 0, 0, 0, 0, 0, 0, 0, 0, 2, '2011-12-16 15:16:50'),
	(15267, 15267, 'Default', 21, 0, 0, 0, 0, 0, 0, 0, 0, 0, 2, '2011-12-16 15:16:50'),
	(15268, 15268, 'New', 21, 0, 0, 0, 0, 0, 0, 0, 0, 0, 2, '2011-12-16 15:16:50'),
	(15269, 15269, 'Draft', 21, 0, 0, 0, 0, 0, 0, 0, 0, 0, 2, '2011-12-16 15:16:50'),
	(15270, 15270, 'Update', 21, 0, 0, 0, 0, 0, 0, 0, 0, 0, 2, '2011-12-16 15:16:50'),
	(15271, 15271, 'Delete', 21, 0, 0, 0, 0, 0, 0, 0, 0, 0, 2, '2011-12-16 15:16:50'),
	(15272, 15272, 'Active', 21, 0, 0, 0, 0, 0, 0, 0, 0, 0, 2, '2011-12-16 15:16:50'),
	(15273, 15273, 'Approved', 21, 0, 0, 0, 0, 0, 0, 0, 0, 0, 2, '2011-12-16 15:16:50'),
	(15274, 15274, 'Review', 21, 0, 0, 0, 0, 0, 0, 0, 0, 0, 2, '2011-12-16 15:16:50'),
	(15275, 15275, 'Post', 21, 0, 0, 0, 0, 0, 0, 0, 0, 0, 2, '2011-12-16 15:16:50'),
	(15276, 15276, 'By', 21, 0, 0, 0, 0, 0, 0, 0, 0, 0, 2, '2011-12-16 15:16:50'),
	(15277, 15277, 'Time', 21, 0, 0, 0, 0, 0, 0, 0, 0, 0, 2, '2011-12-16 15:16:50'),
	(15278, 15278, 'generalLedgerChartOfAccountSegment', 21, 0, 0, 0, 0, 0, 0, 0, 0, 0, 2, '2011-12-16 15:16:50'),
	(15279, 15279, 'generalLedgerChartOfAccountSegmentType', 21, 0, 0, 0, 0, 0, 0, 0, 0, 0, 2, '2011-12-16 15:16:50'),
	(15280, 15280, 'No', 21, 0, 0, 0, 0, 0, 0, 0, 0, 0, 2, '2011-12-16 15:16:50'),
	(15281, 15281, 'Length', 21, 0, 0, 0, 0, 0, 0, 0, 0, 0, 2, '2011-12-16 15:16:50'),
	(15282, 15282, 'Title', 21, 0, 0, 0, 0, 0, 0, 0, 0, 0, 2, '2011-12-16 15:16:50'),
	(15283, 15283, 'Desc', 21, 0, 0, 0, 0, 0, 0, 0, 0, 0, 2, '2011-12-16 15:16:50'),
	(15284, 15284, 'Default', 21, 0, 0, 0, 0, 0, 0, 0, 0, 0, 2, '2011-12-16 15:16:50'),
	(15285, 15285, 'New', 21, 0, 0, 0, 0, 0, 0, 0, 0, 0, 2, '2011-12-16 15:16:50'),
	(15286, 15286, 'Draft', 21, 0, 0, 0, 0, 0, 0, 0, 0, 0, 2, '2011-12-16 15:16:50'),
	(15287, 15287, 'Update', 21, 0, 0, 0, 0, 0, 0, 0, 0, 0, 2, '2011-12-16 15:16:50'),
	(15288, 15288, 'Delete', 21, 0, 0, 0, 0, 0, 0, 0, 0, 0, 2, '2011-12-16 15:16:50'),
	(15289, 15289, 'Active', 21, 0, 0, 0, 0, 0, 0, 0, 0, 0, 2, '2011-12-16 15:16:50'),
	(15290, 15290, 'Approved', 21, 0, 0, 0, 0, 0, 0, 0, 0, 0, 2, '2011-12-16 15:16:50'),
	(15291, 15291, 'Review', 21, 0, 0, 0, 0, 0, 0, 0, 0, 0, 2, '2011-12-16 15:16:50'),
	(15292, 15292, 'Post', 21, 0, 0, 0, 0, 0, 0, 0, 0, 0, 2, '2011-12-16 15:16:50'),
	(15293, 15293, 'By', 21, 0, 0, 0, 0, 0, 0, 0, 0, 0, 2, '2011-12-16 15:16:50'),
	(15294, 15294, 'Time', 21, 0, 0, 0, 0, 0, 0, 0, 0, 0, 2, '2011-12-16 15:16:50'),
	(15295, 15295, 'generalLedgerChartOfAccountSegmentType', 21, 0, 0, 0, 0, 0, 0, 0, 0, 0, 2, '2011-12-16 15:16:50'),
	(15296, 15296, 'Sequence', 21, 0, 0, 0, 0, 0, 0, 0, 0, 0, 2, '2011-12-16 15:16:50'),
	(15297, 15297, 'Code', 21, 0, 0, 0, 0, 0, 0, 0, 0, 0, 2, '2011-12-16 15:16:50'),
	(15298, 15298, 'Desc', 21, 0, 0, 0, 0, 0, 0, 0, 0, 0, 2, '2011-12-16 15:16:50'),
	(15299, 15299, 'Default', 21, 0, 0, 0, 0, 0, 0, 0, 0, 0, 2, '2011-12-16 15:16:50'),
	(15300, 15300, 'New', 21, 0, 0, 0, 0, 0, 0, 0, 0, 0, 2, '2011-12-16 15:16:50'),
	(15301, 15301, 'Draft', 21, 0, 0, 0, 0, 0, 0, 0, 0, 0, 2, '2011-12-16 15:16:50'),
	(15302, 15302, 'Update', 21, 0, 0, 0, 0, 0, 0, 0, 0, 0, 2, '2011-12-16 15:16:50'),
	(15303, 15303, 'Delete', 21, 0, 0, 0, 0, 0, 0, 0, 0, 0, 2, '2011-12-16 15:16:50'),
	(15304, 15304, 'Active', 21, 0, 0, 0, 0, 0, 0, 0, 0, 0, 2, '2011-12-16 15:16:50'),
	(15305, 15305, 'Approved', 21, 0, 0, 0, 0, 0, 0, 0, 0, 0, 2, '2011-12-16 15:16:50'),
	(15306, 15306, 'Review', 21, 0, 0, 0, 0, 0, 0, 0, 0, 0, 2, '2011-12-16 15:16:50'),
	(15307, 15307, 'Post', 21, 0, 0, 0, 0, 0, 0, 0, 0, 0, 2, '2011-12-16 15:16:50'),
	(15308, 15308, 'By', 21, 0, 0, 0, 0, 0, 0, 0, 0, 0, 2, '2011-12-16 15:16:50'),
	(15309, 15309, 'Time', 21, 0, 0, 0, 0, 0, 0, 0, 0, 0, 2, '2011-12-16 15:16:50'),
	(15310, 15310, 'generalLedgerChartOfAccountType', 21, 0, 0, 0, 0, 0, 0, 0, 0, 0, 2, '2011-12-16 15:16:50'),
	(15311, 15311, 'generalLedgerChartOfAccountCategory', 21, 0, 0, 0, 0, 0, 0, 0, 0, 0, 2, '2011-12-16 15:16:50'),
	(15312, 15312, 'Sequence', 21, 0, 0, 0, 0, 0, 0, 0, 0, 0, 2, '2011-12-16 15:16:50'),
	(15313, 15313, 'Code', 21, 0, 0, 0, 0, 0, 0, 0, 0, 0, 2, '2011-12-16 15:16:50'),
	(15314, 15314, 'Desc', 21, 0, 0, 0, 0, 0, 0, 0, 0, 0, 2, '2011-12-16 15:16:50'),
	(15315, 15315, 'Default', 21, 0, 0, 0, 0, 0, 0, 0, 0, 0, 2, '2011-12-16 15:16:50'),
	(15316, 15316, 'New', 21, 0, 0, 0, 0, 0, 0, 0, 0, 0, 2, '2011-12-16 15:16:50'),
	(15317, 15317, 'Draft', 21, 0, 0, 0, 0, 0, 0, 0, 0, 0, 2, '2011-12-16 15:16:50'),
	(15318, 15318, 'Update', 21, 0, 0, 0, 0, 0, 0, 0, 0, 0, 2, '2011-12-16 15:16:50'),
	(15319, 15319, 'Delete', 21, 0, 0, 0, 0, 0, 0, 0, 0, 0, 2, '2011-12-16 15:16:50'),
	(15320, 15320, 'Active', 21, 0, 0, 0, 0, 0, 0, 0, 0, 0, 2, '2011-12-16 15:16:50'),
	(15321, 15321, 'Approved', 21, 0, 0, 0, 0, 0, 0, 0, 0, 0, 2, '2011-12-16 15:16:50'),
	(15322, 15322, 'Review', 21, 0, 0, 0, 0, 0, 0, 0, 0, 0, 2, '2011-12-16 15:16:50'),
	(15323, 15323, 'Post', 21, 0, 0, 0, 0, 0, 0, 0, 0, 0, 2, '2011-12-16 15:16:50'),
	(15324, 15324, 'By', 21, 0, 0, 0, 0, 0, 0, 0, 0, 0, 2, '2011-12-16 15:16:50'),
	(15325, 15325, 'Time', 21, 0, 0, 0, 0, 0, 0, 0, 0, 0, 2, '2011-12-16 15:16:50'),
	(15326, 15326, 'generalLedgerForecast', 21, 0, 0, 0, 0, 0, 0, 0, 0, 0, 2, '2011-12-16 15:16:50'),
	(15327, 15327, 'generalLedgerChartOfAccount', 21, 0, 0, 0, 0, 0, 0, 0, 0, 0, 2, '2011-12-16 15:16:50'),
	(15328, 15328, 'Month', 21, 0, 0, 0, 0, 0, 0, 0, 0, 0, 2, '2011-12-16 15:16:50'),
	(15329, 15329, 'Year', 21, 0, 0, 0, 0, 0, 0, 0, 0, 0, 2, '2011-12-16 15:16:50'),
	(15330, 15330, 'Amount', 21, 0, 0, 0, 0, 0, 0, 0, 0, 0, 2, '2011-12-16 15:16:50'),
	(15331, 15331, 'Desc', 21, 0, 0, 0, 0, 0, 0, 0, 0, 0, 2, '2011-12-16 15:16:50'),
	(15332, 15332, 'Default', 21, 0, 0, 0, 0, 0, 0, 0, 0, 0, 2, '2011-12-16 15:16:50'),
	(15333, 15333, 'New', 21, 0, 0, 0, 0, 0, 0, 0, 0, 0, 2, '2011-12-16 15:16:50'),
	(15334, 15334, 'Draft', 21, 0, 0, 0, 0, 0, 0, 0, 0, 0, 2, '2011-12-16 15:16:50'),
	(15335, 15335, 'Update', 21, 0, 0, 0, 0, 0, 0, 0, 0, 0, 2, '2011-12-16 15:16:50'),
	(15336, 15336, 'Delete', 21, 0, 0, 0, 0, 0, 0, 0, 0, 0, 2, '2011-12-16 15:16:50'),
	(15337, 15337, 'Active', 21, 0, 0, 0, 0, 0, 0, 0, 0, 0, 2, '2011-12-16 15:16:50'),
	(15338, 15338, 'Approved', 21, 0, 0, 0, 0, 0, 0, 0, 0, 0, 2, '2011-12-16 15:16:50'),
	(15339, 15339, 'Review', 21, 0, 0, 0, 0, 0, 0, 0, 0, 0, 2, '2011-12-16 15:16:50'),
	(15340, 15340, 'Post', 21, 0, 0, 0, 0, 0, 0, 0, 0, 0, 2, '2011-12-16 15:16:50'),
	(15341, 15341, 'By', 21, 0, 0, 0, 0, 0, 0, 0, 0, 0, 2, '2011-12-16 15:16:50'),
	(15342, 15342, 'Time', 21, 0, 0, 0, 0, 0, 0, 0, 0, 0, 2, '2011-12-16 15:16:50'),
	(15343, 15343, 'generalLedgerForecastType', 21, 0, 0, 0, 0, 0, 0, 0, 0, 0, 2, '2011-12-16 15:16:50'),
	(15344, 15344, 'Sequence', 21, 0, 0, 0, 0, 0, 0, 0, 0, 0, 2, '2011-12-16 15:16:50'),
	(15345, 15345, 'Code', 21, 0, 0, 0, 0, 0, 0, 0, 0, 0, 2, '2011-12-16 15:16:50'),
	(15346, 15346, 'Desc', 21, 0, 0, 0, 0, 0, 0, 0, 0, 0, 2, '2011-12-16 15:16:50'),
	(15347, 15347, 'Default', 21, 0, 0, 0, 0, 0, 0, 0, 0, 0, 2, '2011-12-16 15:16:50'),
	(15348, 15348, 'New', 21, 0, 0, 0, 0, 0, 0, 0, 0, 0, 2, '2011-12-16 15:16:50'),
	(15349, 15349, 'Draft', 21, 0, 0, 0, 0, 0, 0, 0, 0, 0, 2, '2011-12-16 15:16:50'),
	(15350, 15350, 'Update', 21, 0, 0, 0, 0, 0, 0, 0, 0, 0, 2, '2011-12-16 15:16:50'),
	(15351, 15351, 'Delete', 21, 0, 0, 0, 0, 0, 0, 0, 0, 0, 2, '2011-12-16 15:16:50'),
	(15352, 15352, 'Active', 21, 0, 0, 0, 0, 0, 0, 0, 0, 0, 2, '2011-12-16 15:16:50'),
	(15353, 15353, 'Approved', 21, 0, 0, 0, 0, 0, 0, 0, 0, 0, 2, '2011-12-16 15:16:50'),
	(15354, 15354, 'Review', 21, 0, 0, 0, 0, 0, 0, 0, 0, 0, 2, '2011-12-16 15:16:50'),
	(15355, 15355, 'Post', 21, 0, 0, 0, 0, 0, 0, 0, 0, 0, 2, '2011-12-16 15:16:50'),
	(15356, 15356, 'By', 21, 0, 0, 0, 0, 0, 0, 0, 0, 0, 2, '2011-12-16 15:16:50'),
	(15357, 15357, 'Time', 21, 0, 0, 0, 0, 0, 0, 0, 0, 0, 2, '2011-12-16 15:16:50'),
	(15358, 15358, 'generalLedgerJournal', 21, 0, 0, 0, 0, 0, 0, 0, 0, 0, 2, '2011-12-16 15:16:50'),
	(15359, 15359, 'generalLedgerJournalType', 21, 0, 0, 0, 0, 0, 0, 0, 0, 0, 2, '2011-12-16 15:16:50'),
	(15360, 15360, 'Document No', 21, 0, 0, 0, 0, 0, 0, 0, 0, 0, 2, '2011-12-16 15:16:50'),
	(15361, 15361, 'Reference No', 21, 0, 0, 0, 0, 0, 0, 0, 0, 0, 2, '2011-12-16 15:16:50'),
	(15362, 15362, 'Title', 21, 0, 0, 0, 0, 0, 0, 0, 0, 0, 2, '2011-12-16 15:16:50'),
	(15363, 15363, 'Desc', 21, 0, 0, 0, 0, 0, 0, 0, 0, 0, 2, '2011-12-16 15:16:50'),
	(15364, 15364, 'Date', 21, 0, 0, 0, 0, 0, 0, 0, 0, 0, 2, '2011-12-16 15:16:50'),
	(15365, 15365, 'Start Date', 21, 0, 0, 0, 0, 0, 0, 0, 0, 0, 2, '2011-12-16 15:16:50'),
	(15366, 15366, 'End Date', 21, 0, 0, 0, 0, 0, 0, 0, 0, 0, 2, '2011-12-16 15:16:50'),
	(15367, 15367, 'Amount', 21, 0, 0, 0, 0, 0, 0, 0, 0, 0, 2, '2011-12-16 15:16:50'),
	(15368, 15368, 'Default', 21, 0, 0, 0, 0, 0, 0, 0, 0, 0, 2, '2011-12-16 15:16:50'),
	(15369, 15369, 'New', 21, 0, 0, 0, 0, 0, 0, 0, 0, 0, 2, '2011-12-16 15:16:50'),
	(15370, 15370, 'Draft', 21, 0, 0, 0, 0, 0, 0, 0, 0, 0, 2, '2011-12-16 15:16:50'),
	(15371, 15371, 'Update', 21, 0, 0, 0, 0, 0, 0, 0, 0, 0, 2, '2011-12-16 15:16:50'),
	(15372, 15372, 'Delete', 21, 0, 0, 0, 0, 0, 0, 0, 0, 0, 2, '2011-12-16 15:16:50'),
	(15373, 15373, 'Active', 21, 0, 0, 0, 0, 0, 0, 0, 0, 0, 2, '2011-12-16 15:16:50'),
	(15374, 15374, 'Approved', 21, 0, 0, 0, 0, 0, 0, 0, 0, 0, 2, '2011-12-16 15:16:50'),
	(15375, 15375, 'Review', 21, 0, 0, 0, 0, 0, 0, 0, 0, 0, 2, '2011-12-16 15:16:50'),
	(15376, 15376, 'Post', 21, 0, 0, 0, 0, 0, 0, 0, 0, 0, 2, '2011-12-16 15:16:50'),
	(15377, 15377, 'By', 21, 0, 0, 0, 0, 0, 0, 0, 0, 0, 2, '2011-12-16 15:16:50'),
	(15378, 15378, 'Time', 21, 0, 0, 0, 0, 0, 0, 0, 0, 0, 2, '2011-12-16 15:16:50'),
	(15379, 15379, 'generalLedgerJournalDetail', 21, 0, 0, 0, 0, 0, 0, 0, 0, 0, 2, '2011-12-16 15:16:50'),
	(15380, 15380, 'generalLedgerJournal', 21, 0, 0, 0, 0, 0, 0, 0, 0, 0, 2, '2011-12-16 15:16:50'),
	(15381, 15381, 'generalLedgerChartOfAccount', 21, 0, 0, 0, 0, 0, 0, 0, 0, 0, 2, '2011-12-16 15:16:50'),
	(15382, 15382, 'country', 21, 0, 0, 0, 0, 0, 0, 0, 0, 0, 2, '2011-12-16 15:16:50'),
	(15383, 15383, 'Transaction Mode', 21, 0, 0, 0, 0, 0, 0, 0, 0, 0, 2, '2011-12-16 15:16:50'),
	(15384, 15384, 'Amount', 21, 0, 0, 0, 0, 0, 0, 0, 0, 0, 2, '2011-12-16 15:16:50'),
	(15385, 15385, 'Default', 21, 0, 0, 0, 0, 0, 0, 0, 0, 0, 2, '2011-12-16 15:16:50'),
	(15386, 15386, 'New', 21, 0, 0, 0, 0, 0, 0, 0, 0, 0, 2, '2011-12-16 15:16:50'),
	(15387, 15387, 'Draft', 21, 0, 0, 0, 0, 0, 0, 0, 0, 0, 2, '2011-12-16 15:16:50'),
	(15388, 15388, 'Update', 21, 0, 0, 0, 0, 0, 0, 0, 0, 0, 2, '2011-12-16 15:16:50'),
	(15389, 15389, 'Delete', 21, 0, 0, 0, 0, 0, 0, 0, 0, 0, 2, '2011-12-16 15:16:50'),
	(15390, 15390, 'Active', 21, 0, 0, 0, 0, 0, 0, 0, 0, 0, 2, '2011-12-16 15:16:50'),
	(15391, 15391, 'Approved', 21, 0, 0, 0, 0, 0, 0, 0, 0, 0, 2, '2011-12-16 15:16:50'),
	(15392, 15392, 'Review', 21, 0, 0, 0, 0, 0, 0, 0, 0, 0, 2, '2011-12-16 15:16:50'),
	(15393, 15393, 'Post', 21, 0, 0, 0, 0, 0, 0, 0, 0, 0, 2, '2011-12-16 15:16:50'),
	(15394, 15394, 'By', 21, 0, 0, 0, 0, 0, 0, 0, 0, 0, 2, '2011-12-16 15:16:50'),
	(15395, 15395, 'Time', 21, 0, 0, 0, 0, 0, 0, 0, 0, 0, 2, '2011-12-16 15:16:50'),
	(15396, 15396, 'generalLedgerJournalType', 21, 0, 0, 0, 0, 0, 0, 0, 0, 0, 2, '2011-12-16 15:16:50'),
	(15397, 15397, 'Sequence', 21, 0, 0, 0, 0, 0, 0, 0, 0, 0, 2, '2011-12-16 15:16:50'),
	(15398, 15398, 'Code', 21, 0, 0, 0, 0, 0, 0, 0, 0, 0, 2, '2011-12-16 15:16:50'),
	(15399, 15399, 'Desc', 21, 0, 0, 0, 0, 0, 0, 0, 0, 0, 2, '2011-12-16 15:16:50'),
	(15400, 15400, 'Default', 21, 0, 0, 0, 0, 0, 0, 0, 0, 0, 2, '2011-12-16 15:16:50'),
	(15401, 15401, 'New', 21, 0, 0, 0, 0, 0, 0, 0, 0, 0, 2, '2011-12-16 15:16:50'),
	(15402, 15402, 'Draft', 21, 0, 0, 0, 0, 0, 0, 0, 0, 0, 2, '2011-12-16 15:16:50'),
	(15403, 15403, 'Update', 21, 0, 0, 0, 0, 0, 0, 0, 0, 0, 2, '2011-12-16 15:16:50'),
	(15404, 15404, 'Delete', 21, 0, 0, 0, 0, 0, 0, 0, 0, 0, 2, '2011-12-16 15:16:50'),
	(15405, 15405, 'Active', 21, 0, 0, 0, 0, 0, 0, 0, 0, 0, 2, '2011-12-16 15:16:50'),
	(15406, 15406, 'Approved', 21, 0, 0, 0, 0, 0, 0, 0, 0, 0, 2, '2011-12-16 15:16:50'),
	(15407, 15407, 'Review', 21, 0, 0, 0, 0, 0, 0, 0, 0, 0, 2, '2011-12-16 15:16:50'),
	(15408, 15408, 'Post', 21, 0, 0, 0, 0, 0, 0, 0, 0, 0, 2, '2011-12-16 15:16:50'),
	(15409, 15409, 'By', 21, 0, 0, 0, 0, 0, 0, 0, 0, 0, 2, '2011-12-16 15:16:50'),
	(15410, 15410, 'Time', 21, 0, 0, 0, 0, 0, 0, 0, 0, 0, 2, '2011-12-16 15:16:50'),
	(15411, 15411, 'invoiceCategory', 21, 0, 0, 0, 0, 0, 0, 0, 0, 0, 2, '2011-12-16 15:16:50'),
	(15412, 15412, 'Sequence', 21, 0, 0, 0, 0, 0, 0, 0, 0, 0, 2, '2011-12-16 15:16:50'),
	(15413, 15413, 'Code', 21, 0, 0, 0, 0, 0, 0, 0, 0, 0, 2, '2011-12-16 15:16:50'),
	(15414, 15414, 'Desc', 21, 0, 0, 0, 0, 0, 0, 0, 0, 0, 2, '2011-12-16 15:16:50'),
	(15415, 15415, 'Default', 21, 0, 0, 0, 0, 0, 0, 0, 0, 0, 2, '2011-12-16 15:16:50'),
	(15416, 15416, 'New', 21, 0, 0, 0, 0, 0, 0, 0, 0, 0, 2, '2011-12-16 15:16:50'),
	(15417, 15417, 'Draft', 21, 0, 0, 0, 0, 0, 0, 0, 0, 0, 2, '2011-12-16 15:16:50'),
	(15418, 15418, 'Update', 21, 0, 0, 0, 0, 0, 0, 0, 0, 0, 2, '2011-12-16 15:16:50'),
	(15419, 15419, 'Delete', 21, 0, 0, 0, 0, 0, 0, 0, 0, 0, 2, '2011-12-16 15:16:50'),
	(15420, 15420, 'Active', 21, 0, 0, 0, 0, 0, 0, 0, 0, 0, 2, '2011-12-16 15:16:50'),
	(15421, 15421, 'Approved', 21, 0, 0, 0, 0, 0, 0, 0, 0, 0, 2, '2011-12-16 15:16:50'),
	(15422, 15422, 'Review', 21, 0, 0, 0, 0, 0, 0, 0, 0, 0, 2, '2011-12-16 15:16:50'),
	(15423, 15423, 'Post', 21, 0, 0, 0, 0, 0, 0, 0, 0, 0, 2, '2011-12-16 15:16:50'),
	(15424, 15424, 'By', 21, 0, 0, 0, 0, 0, 0, 0, 0, 0, 2, '2011-12-16 15:16:50'),
	(15425, 15425, 'Time', 21, 0, 0, 0, 0, 0, 0, 0, 0, 0, 2, '2011-12-16 15:16:50'),
	(15426, 15426, 'invoiceLedgerDetail', 21, 0, 0, 0, 0, 0, 0, 0, 0, 0, 2, '2011-12-16 15:16:50'),
	(15427, 15427, 'invoiceLedger', 21, 0, 0, 0, 0, 0, 0, 0, 0, 0, 2, '2011-12-16 15:16:50'),
	(15428, 15428, 'generalLedgerChartAccount', 21, 0, 0, 0, 0, 0, 0, 0, 0, 0, 2, '2011-12-16 15:16:50'),
	(15429, 15429, 'country', 21, 0, 0, 0, 0, 0, 0, 0, 0, 0, 2, '2011-12-16 15:16:50'),
	(15430, 15430, 'Transaction Mode', 21, 0, 0, 0, 0, 0, 0, 0, 0, 0, 2, '2011-12-16 15:16:50'),
	(15431, 15431, 'Invoice Ledger Detail   Amount', 21, 0, 0, 0, 0, 0, 0, 0, 0, 0, 2, '2011-12-16 15:16:50'),
	(15432, 15432, 'Default', 21, 0, 0, 0, 0, 0, 0, 0, 0, 0, 2, '2011-12-16 15:16:50'),
	(15433, 15433, 'New', 21, 0, 0, 0, 0, 0, 0, 0, 0, 0, 2, '2011-12-16 15:16:50'),
	(15434, 15434, 'Draft', 21, 0, 0, 0, 0, 0, 0, 0, 0, 0, 2, '2011-12-16 15:16:50'),
	(15435, 15435, 'Update', 21, 0, 0, 0, 0, 0, 0, 0, 0, 0, 2, '2011-12-16 15:16:50'),
	(15436, 15436, 'Delete', 21, 0, 0, 0, 0, 0, 0, 0, 0, 0, 2, '2011-12-16 15:16:50'),
	(15437, 15437, 'Active', 21, 0, 0, 0, 0, 0, 0, 0, 0, 0, 2, '2011-12-16 15:16:50'),
	(15438, 15438, 'Approved', 21, 0, 0, 0, 0, 0, 0, 0, 0, 0, 2, '2011-12-16 15:16:50'),
	(15439, 15439, 'Review', 21, 0, 0, 0, 0, 0, 0, 0, 0, 0, 2, '2011-12-16 15:16:50'),
	(15440, 15440, 'Post', 21, 0, 0, 0, 0, 0, 0, 0, 0, 0, 2, '2011-12-16 15:16:50'),
	(15441, 15441, 'By', 21, 0, 0, 0, 0, 0, 0, 0, 0, 0, 2, '2011-12-16 15:16:50'),
	(15442, 15442, 'Time', 21, 0, 0, 0, 0, 0, 0, 0, 0, 0, 2, '2011-12-16 15:16:50'),
	(15443, 15443, 'invoiceLedger', 21, 0, 0, 0, 0, 0, 0, 0, 0, 0, 2, '2011-12-16 15:16:50'),
	(15444, 15444, 'Document No', 21, 0, 0, 0, 0, 0, 0, 0, 0, 0, 2, '2011-12-16 15:16:50'),
	(15445, 15445, 'Reference No', 21, 0, 0, 0, 0, 0, 0, 0, 0, 0, 2, '2011-12-16 15:16:50'),
	(15446, 15446, 'Title', 21, 0, 0, 0, 0, 0, 0, 0, 0, 0, 2, '2011-12-16 15:16:50'),
	(15447, 15447, 'Desc', 21, 0, 0, 0, 0, 0, 0, 0, 0, 0, 2, '2011-12-16 15:16:50'),
	(15448, 15448, 'Date', 21, 0, 0, 0, 0, 0, 0, 0, 0, 0, 2, '2011-12-16 15:16:50'),
	(15449, 15449, 'Start Date', 21, 0, 0, 0, 0, 0, 0, 0, 0, 0, 2, '2011-12-16 15:16:50'),
	(15450, 15450, 'End Date', 21, 0, 0, 0, 0, 0, 0, 0, 0, 0, 2, '2011-12-16 15:16:50'),
	(15451, 15451, 'Amount', 21, 0, 0, 0, 0, 0, 0, 0, 0, 0, 2, '2011-12-16 15:16:50'),
	(15452, 15452, 'businessPartner', 21, 0, 0, 0, 0, 0, 0, 0, 0, 0, 2, '2011-12-16 15:16:50'),
	(15453, 15453, 'invoiceCategory', 21, 0, 0, 0, 0, 0, 0, 0, 0, 0, 2, '2011-12-16 15:16:50'),
	(15454, 15454, 'invoiceType', 21, 0, 0, 0, 0, 0, 0, 0, 0, 0, 2, '2011-12-16 15:16:50'),
	(15455, 15455, 'invoice', 21, 0, 0, 0, 0, 0, 0, 0, 0, 0, 2, '2011-12-16 15:16:50'),
	(15456, 15456, 'Default', 21, 0, 0, 0, 0, 0, 0, 0, 0, 0, 2, '2011-12-16 15:16:50'),
	(15457, 15457, 'New', 21, 0, 0, 0, 0, 0, 0, 0, 0, 0, 2, '2011-12-16 15:16:50'),
	(15458, 15458, 'Draft', 21, 0, 0, 0, 0, 0, 0, 0, 0, 0, 2, '2011-12-16 15:16:50'),
	(15459, 15459, 'Update', 21, 0, 0, 0, 0, 0, 0, 0, 0, 0, 2, '2011-12-16 15:16:50'),
	(15460, 15460, 'Delete', 21, 0, 0, 0, 0, 0, 0, 0, 0, 0, 2, '2011-12-16 15:16:50'),
	(15461, 15461, 'Active', 21, 0, 0, 0, 0, 0, 0, 0, 0, 0, 2, '2011-12-16 15:16:50'),
	(15462, 15462, 'Approved', 21, 0, 0, 0, 0, 0, 0, 0, 0, 0, 2, '2011-12-16 15:16:50'),
	(15463, 15463, 'Review', 21, 0, 0, 0, 0, 0, 0, 0, 0, 0, 2, '2011-12-16 15:16:50'),
	(15464, 15464, 'Post', 21, 0, 0, 0, 0, 0, 0, 0, 0, 0, 2, '2011-12-16 15:16:50'),
	(15465, 15465, 'By', 21, 0, 0, 0, 0, 0, 0, 0, 0, 0, 2, '2011-12-16 15:16:50'),
	(15466, 15466, 'Time', 21, 0, 0, 0, 0, 0, 0, 0, 0, 0, 2, '2011-12-16 15:16:50'),
	(15467, 15467, 'invoiceType', 21, 0, 0, 0, 0, 0, 0, 0, 0, 0, 2, '2011-12-16 15:16:50'),
	(15468, 15468, 'invoiceCategory', 21, 0, 0, 0, 0, 0, 0, 0, 0, 0, 2, '2011-12-16 15:16:50'),
	(15469, 15469, 'Sequence', 21, 0, 0, 0, 0, 0, 0, 0, 0, 0, 2, '2011-12-16 15:16:50'),
	(15470, 15470, 'Code', 21, 0, 0, 0, 0, 0, 0, 0, 0, 0, 2, '2011-12-16 15:16:50'),
	(15471, 15471, 'Desc', 21, 0, 0, 0, 0, 0, 0, 0, 0, 0, 2, '2011-12-16 15:16:50'),
	(15472, 15472, 'Credit Limit', 21, 0, 0, 0, 0, 0, 0, 0, 0, 0, 2, '2011-12-16 15:16:50'),
	(15473, 15473, 'Interest Rate', 21, 0, 0, 0, 0, 0, 0, 0, 0, 0, 2, '2011-12-16 15:16:50'),
	(15474, 15474, 'Minimum Deposit', 21, 0, 0, 0, 0, 0, 0, 0, 0, 0, 2, '2011-12-16 15:16:50'),
	(15475, 15475, 'generalLedgerChartOfAccountDimension', 21, 0, 0, 0, 0, 0, 0, 0, 0, 0, 2, '2011-12-16 15:16:50'),
	(15476, 15476, 'lateInterest', 21, 0, 0, 0, 0, 0, 0, 0, 0, 0, 2, '2011-12-16 15:16:50'),
	(15477, 15477, 'Default', 21, 0, 0, 0, 0, 0, 0, 0, 0, 0, 2, '2011-12-16 15:16:50'),
	(15478, 15478, 'New', 21, 0, 0, 0, 0, 0, 0, 0, 0, 0, 2, '2011-12-16 15:16:50'),
	(15479, 15479, 'Draft', 21, 0, 0, 0, 0, 0, 0, 0, 0, 0, 2, '2011-12-16 15:16:50'),
	(15480, 15480, 'Update', 21, 0, 0, 0, 0, 0, 0, 0, 0, 0, 2, '2011-12-16 15:16:50'),
	(15481, 15481, 'Delete', 21, 0, 0, 0, 0, 0, 0, 0, 0, 0, 2, '2011-12-16 15:16:50'),
	(15482, 15482, 'Active', 21, 0, 0, 0, 0, 0, 0, 0, 0, 0, 2, '2011-12-16 15:16:50'),
	(15483, 15483, 'Approved', 21, 0, 0, 0, 0, 0, 0, 0, 0, 0, 2, '2011-12-16 15:16:50'),
	(15484, 15484, 'Review', 21, 0, 0, 0, 0, 0, 0, 0, 0, 0, 2, '2011-12-16 15:16:50'),
	(15485, 15485, 'Post', 21, 0, 0, 0, 0, 0, 0, 0, 0, 0, 2, '2011-12-16 15:16:50'),
	(15486, 15486, 'By', 21, 0, 0, 0, 0, 0, 0, 0, 0, 0, 2, '2011-12-16 15:16:50'),
	(15487, 15487, 'Time', 21, 0, 0, 0, 0, 0, 0, 0, 0, 0, 2, '2011-12-16 15:16:50'),
	(15488, 15488, 'lateInterest', 21, 0, 0, 0, 0, 0, 0, 0, 0, 0, 2, '2011-12-16 15:16:50'),
	(15489, 15489, 'Sequence', 21, 0, 0, 0, 0, 0, 0, 0, 0, 0, 2, '2011-12-16 15:16:50'),
	(15490, 15490, 'Code', 21, 0, 0, 0, 0, 0, 0, 0, 0, 0, 2, '2011-12-16 15:16:50'),
	(15491, 15491, 'Desc', 21, 0, 0, 0, 0, 0, 0, 0, 0, 0, 2, '2011-12-16 15:16:50'),
	(15492, 15492, 'Warning Day', 21, 0, 0, 0, 0, 0, 0, 0, 0, 0, 2, '2011-12-16 15:16:50'),
	(15493, 15493, 'Grace Day', 21, 0, 0, 0, 0, 0, 0, 0, 0, 0, 2, '2011-12-16 15:16:50'),
	(15494, 15494, 'lateInterestChargeType', 21, 0, 0, 0, 0, 0, 0, 0, 0, 0, 2, '2011-12-16 15:16:50'),
	(15495, 15495, 'Default', 21, 0, 0, 0, 0, 0, 0, 0, 0, 0, 2, '2011-12-16 15:16:50'),
	(15496, 15496, 'New', 21, 0, 0, 0, 0, 0, 0, 0, 0, 0, 2, '2011-12-16 15:16:50'),
	(15497, 15497, 'Draft', 21, 0, 0, 0, 0, 0, 0, 0, 0, 0, 2, '2011-12-16 15:16:50'),
	(15498, 15498, 'Update', 21, 0, 0, 0, 0, 0, 0, 0, 0, 0, 2, '2011-12-16 15:16:50'),
	(15499, 15499, 'Delete', 21, 0, 0, 0, 0, 0, 0, 0, 0, 0, 2, '2011-12-16 15:16:50'),
	(15500, 15500, 'Active', 21, 0, 0, 0, 0, 0, 0, 0, 0, 0, 2, '2011-12-16 15:16:50'),
	(15501, 15501, 'Approved', 21, 0, 0, 0, 0, 0, 0, 0, 0, 0, 2, '2011-12-16 15:16:50'),
	(15502, 15502, 'Review', 21, 0, 0, 0, 0, 0, 0, 0, 0, 0, 2, '2011-12-16 15:16:50'),
	(15503, 15503, 'Post', 21, 0, 0, 0, 0, 0, 0, 0, 0, 0, 2, '2011-12-16 15:16:50'),
	(15504, 15504, 'By', 21, 0, 0, 0, 0, 0, 0, 0, 0, 0, 2, '2011-12-16 15:16:50'),
	(15505, 15505, 'Time', 21, 0, 0, 0, 0, 0, 0, 0, 0, 0, 2, '2011-12-16 15:16:50'),
	(15506, 15506, 'lateInterestDetail', 21, 0, 0, 0, 0, 0, 0, 0, 0, 0, 2, '2011-12-16 15:16:50'),
	(15507, 15507, 'lateInterest', 21, 0, 0, 0, 0, 0, 0, 0, 0, 0, 2, '2011-12-16 15:16:50'),
	(15508, 15508, 'Period', 21, 0, 0, 0, 0, 0, 0, 0, 0, 0, 2, '2011-12-16 15:16:50'),
	(15509, 15509, 'Late Interest Detail   Amount', 21, 0, 0, 0, 0, 0, 0, 0, 0, 0, 2, '2011-12-16 15:16:50'),
	(15510, 15510, 'Default', 21, 0, 0, 0, 0, 0, 0, 0, 0, 0, 2, '2011-12-16 15:16:50'),
	(15511, 15511, 'New', 21, 0, 0, 0, 0, 0, 0, 0, 0, 0, 2, '2011-12-16 15:16:50'),
	(15512, 15512, 'Draft', 21, 0, 0, 0, 0, 0, 0, 0, 0, 0, 2, '2011-12-16 15:16:50'),
	(15513, 15513, 'Update', 21, 0, 0, 0, 0, 0, 0, 0, 0, 0, 2, '2011-12-16 15:16:50'),
	(15514, 15514, 'Delete', 21, 0, 0, 0, 0, 0, 0, 0, 0, 0, 2, '2011-12-16 15:16:50'),
	(15515, 15515, 'Active', 21, 0, 0, 0, 0, 0, 0, 0, 0, 0, 2, '2011-12-16 15:16:50'),
	(15516, 15516, 'Approved', 21, 0, 0, 0, 0, 0, 0, 0, 0, 0, 2, '2011-12-16 15:16:50'),
	(15517, 15517, 'Review', 21, 0, 0, 0, 0, 0, 0, 0, 0, 0, 2, '2011-12-16 15:16:50'),
	(15518, 15518, 'Post', 21, 0, 0, 0, 0, 0, 0, 0, 0, 0, 2, '2011-12-16 15:16:50'),
	(15519, 15519, 'By', 21, 0, 0, 0, 0, 0, 0, 0, 0, 0, 2, '2011-12-16 15:16:50'),
	(15520, 15520, 'Time', 21, 0, 0, 0, 0, 0, 0, 0, 0, 0, 2, '2011-12-16 15:16:50'),
	(15521, 15521, 'lateInterestType', 21, 0, 0, 0, 0, 0, 0, 0, 0, 0, 2, '2011-12-16 15:16:50'),
	(15522, 15522, 'Sequence', 21, 0, 0, 0, 0, 0, 0, 0, 0, 0, 2, '2011-12-16 15:16:50'),
	(15523, 15523, 'Code', 21, 0, 0, 0, 0, 0, 0, 0, 0, 0, 2, '2011-12-16 15:16:50'),
	(15524, 15524, 'Desc', 21, 0, 0, 0, 0, 0, 0, 0, 0, 0, 2, '2011-12-16 15:16:50'),
	(15525, 15525, 'Default', 21, 0, 0, 0, 0, 0, 0, 0, 0, 0, 2, '2011-12-16 15:16:50'),
	(15526, 15526, 'New', 21, 0, 0, 0, 0, 0, 0, 0, 0, 0, 2, '2011-12-16 15:16:50'),
	(15527, 15527, 'Draft', 21, 0, 0, 0, 0, 0, 0, 0, 0, 0, 2, '2011-12-16 15:16:50'),
	(15528, 15528, 'Update', 21, 0, 0, 0, 0, 0, 0, 0, 0, 0, 2, '2011-12-16 15:16:50'),
	(15529, 15529, 'Delete', 21, 0, 0, 0, 0, 0, 0, 0, 0, 0, 2, '2011-12-16 15:16:50'),
	(15530, 15530, 'Active', 21, 0, 0, 0, 0, 0, 0, 0, 0, 0, 2, '2011-12-16 15:16:50'),
	(15531, 15531, 'Approved', 21, 0, 0, 0, 0, 0, 0, 0, 0, 0, 2, '2011-12-16 15:16:50'),
	(15532, 15532, 'Review', 21, 0, 0, 0, 0, 0, 0, 0, 0, 0, 2, '2011-12-16 15:16:50'),
	(15533, 15533, 'Post', 21, 0, 0, 0, 0, 0, 0, 0, 0, 0, 2, '2011-12-16 15:16:50'),
	(15534, 15534, 'By', 21, 0, 0, 0, 0, 0, 0, 0, 0, 0, 2, '2011-12-16 15:16:50'),
	(15535, 15535, 'Time', 21, 0, 0, 0, 0, 0, 0, 0, 0, 0, 2, '2011-12-16 15:16:50'),
	(15536, 15536, 'refundLedger', 21, 0, 0, 0, 0, 0, 0, 0, 0, 0, 2, '2011-12-16 15:16:50'),
	(15537, 15537, 'Document No', 21, 0, 0, 0, 0, 0, 0, 0, 0, 0, 2, '2011-12-16 15:16:50'),
	(15538, 15538, 'Reference No', 21, 0, 0, 0, 0, 0, 0, 0, 0, 0, 2, '2011-12-16 15:16:50'),
	(15539, 15539, 'Title', 21, 0, 0, 0, 0, 0, 0, 0, 0, 0, 2, '2011-12-16 15:16:50'),
	(15540, 15540, 'Desc', 21, 0, 0, 0, 0, 0, 0, 0, 0, 0, 2, '2011-12-16 15:16:50'),
	(15541, 15541, 'Date', 21, 0, 0, 0, 0, 0, 0, 0, 0, 0, 2, '2011-12-16 15:16:50'),
	(15542, 15542, 'Amount', 21, 0, 0, 0, 0, 0, 0, 0, 0, 0, 2, '2011-12-16 15:16:50'),
	(15543, 15543, 'businessPartner', 21, 0, 0, 0, 0, 0, 0, 0, 0, 0, 2, '2011-12-16 15:16:50'),
	(15544, 15544, 'invoiceCategory', 21, 0, 0, 0, 0, 0, 0, 0, 0, 0, 2, '2011-12-16 15:16:50'),
	(15545, 15545, 'invoiceType', 21, 0, 0, 0, 0, 0, 0, 0, 0, 0, 2, '2011-12-16 15:16:50'),
	(15546, 15546, 'invoiceLedger', 21, 0, 0, 0, 0, 0, 0, 0, 0, 0, 2, '2011-12-16 15:16:50'),
	(15547, 15547, 'Default', 21, 0, 0, 0, 0, 0, 0, 0, 0, 0, 2, '2011-12-16 15:16:50'),
	(15548, 15548, 'New', 21, 0, 0, 0, 0, 0, 0, 0, 0, 0, 2, '2011-12-16 15:16:50'),
	(15549, 15549, 'Draft', 21, 0, 0, 0, 0, 0, 0, 0, 0, 0, 2, '2011-12-16 15:16:50'),
	(15550, 15550, 'Update', 21, 0, 0, 0, 0, 0, 0, 0, 0, 0, 2, '2011-12-16 15:16:50'),
	(15551, 15551, 'Delete', 21, 0, 0, 0, 0, 0, 0, 0, 0, 0, 2, '2011-12-16 15:16:50'),
	(15552, 15552, 'Active', 21, 0, 0, 0, 0, 0, 0, 0, 0, 0, 2, '2011-12-16 15:16:50'),
	(15553, 15553, 'Approved', 21, 0, 0, 0, 0, 0, 0, 0, 0, 0, 2, '2011-12-16 15:16:50'),
	(15554, 15554, 'Review', 21, 0, 0, 0, 0, 0, 0, 0, 0, 0, 2, '2011-12-16 15:16:50'),
	(15555, 15555, 'Post', 21, 0, 0, 0, 0, 0, 0, 0, 0, 0, 2, '2011-12-16 15:16:50'),
	(15556, 15556, 'Is Reconciled', 21, 0, 0, 0, 0, 0, 0, 0, 0, 0, 2, '2011-12-16 15:16:50'),
	(15557, 15557, 'By', 21, 0, 0, 0, 0, 0, 0, 0, 0, 0, 2, '2011-12-16 15:16:50'),
	(15558, 15558, 'Time', 21, 0, 0, 0, 0, 0, 0, 0, 0, 0, 2, '2011-12-16 15:16:50'),
	(15559, 15559, 'refundLedgerDetail', 21, 0, 0, 0, 0, 0, 0, 0, 0, 0, 2, '2011-12-16 15:16:50'),
	(15560, 15560, 'refundLedger', 21, 0, 0, 0, 0, 0, 0, 0, 0, 0, 2, '2011-12-16 15:16:50'),
	(15561, 15561, 'generalLedgerChartOfAccount', 21, 0, 0, 0, 0, 0, 0, 0, 0, 0, 2, '2011-12-16 15:16:50'),
	(15562, 15562, 'country', 21, 0, 0, 0, 0, 0, 0, 0, 0, 0, 2, '2011-12-16 15:16:50'),
	(15563, 15563, 'Transaction Mode', 21, 0, 0, 0, 0, 0, 0, 0, 0, 0, 2, '2011-12-16 15:16:50'),
	(15564, 15564, 'Amount', 21, 0, 0, 0, 0, 0, 0, 0, 0, 0, 2, '2011-12-16 15:16:50'),
	(15565, 15565, 'Default', 21, 0, 0, 0, 0, 0, 0, 0, 0, 0, 2, '2011-12-16 15:16:50'),
	(15566, 15566, 'New', 21, 0, 0, 0, 0, 0, 0, 0, 0, 0, 2, '2011-12-16 15:16:50'),
	(15567, 15567, 'Draft', 21, 0, 0, 0, 0, 0, 0, 0, 0, 0, 2, '2011-12-16 15:16:50'),
	(15568, 15568, 'Update', 21, 0, 0, 0, 0, 0, 0, 0, 0, 0, 2, '2011-12-16 15:16:50'),
	(15569, 15569, 'Delete', 21, 0, 0, 0, 0, 0, 0, 0, 0, 0, 2, '2011-12-16 15:16:50'),
	(15570, 15570, 'Active', 21, 0, 0, 0, 0, 0, 0, 0, 0, 0, 2, '2011-12-16 15:16:50'),
	(15571, 15571, 'Approved', 21, 0, 0, 0, 0, 0, 0, 0, 0, 0, 2, '2011-12-16 15:16:50'),
	(15572, 15572, 'Review', 21, 0, 0, 0, 0, 0, 0, 0, 0, 0, 2, '2011-12-16 15:16:50'),
	(15573, 15573, 'Post', 21, 0, 0, 0, 0, 0, 0, 0, 0, 0, 2, '2011-12-16 15:16:50'),
	(15574, 15574, 'By', 21, 0, 0, 0, 0, 0, 0, 0, 0, 0, 2, '2011-12-16 15:16:50'),
	(15575, 15575, 'Time', 21, 0, 0, 0, 0, 0, 0, 0, 0, 0, 2, '2011-12-16 15:16:50'),
	(15576, 15576, 'refundType', 21, 0, 0, 0, 0, 0, 0, 0, 0, 0, 2, '2011-12-16 15:16:50'),
	(15577, 15577, 'Sequence', 21, 0, 0, 0, 0, 0, 0, 0, 0, 0, 2, '2011-12-16 15:16:50'),
	(15578, 15578, 'Code', 21, 0, 0, 0, 0, 0, 0, 0, 0, 0, 2, '2011-12-16 15:16:50'),
	(15579, 15579, 'Desc', 21, 0, 0, 0, 0, 0, 0, 0, 0, 0, 2, '2011-12-16 15:16:50'),
	(15580, 15580, 'Default', 21, 0, 0, 0, 0, 0, 0, 0, 0, 0, 2, '2011-12-16 15:16:50'),
	(15581, 15581, 'New', 21, 0, 0, 0, 0, 0, 0, 0, 0, 0, 2, '2011-12-16 15:16:50'),
	(15582, 15582, 'Draft', 21, 0, 0, 0, 0, 0, 0, 0, 0, 0, 2, '2011-12-16 15:16:50'),
	(15583, 15583, 'Update', 21, 0, 0, 0, 0, 0, 0, 0, 0, 0, 2, '2011-12-16 15:16:50'),
	(15584, 15584, 'Delete', 21, 0, 0, 0, 0, 0, 0, 0, 0, 0, 2, '2011-12-16 15:16:50'),
	(15585, 15585, 'Active', 21, 0, 0, 0, 0, 0, 0, 0, 0, 0, 2, '2011-12-16 15:16:50'),
	(15586, 15586, 'Approved', 21, 0, 0, 0, 0, 0, 0, 0, 0, 0, 2, '2011-12-16 15:16:50'),
	(15587, 15587, 'Review', 21, 0, 0, 0, 0, 0, 0, 0, 0, 0, 2, '2011-12-16 15:16:50'),
	(15588, 15588, 'Post', 21, 0, 0, 0, 0, 0, 0, 0, 0, 0, 2, '2011-12-16 15:16:50'),
	(15589, 15589, 'By', 21, 0, 0, 0, 0, 0, 0, 0, 0, 0, 2, '2011-12-16 15:16:50'),
	(15590, 15590, 'Time', 21, 0, 0, 0, 0, 0, 0, 0, 0, 0, 2, '2011-12-16 15:16:50'),
	(15591, 15591, 'transactionDetailLedger', 21, 0, 0, 0, 0, 0, 0, 0, 0, 0, 2, '2011-12-16 15:16:50'),
	(15592, 15592, 'transactionLedger', 21, 0, 0, 0, 0, 0, 0, 0, 0, 0, 2, '2011-12-16 15:16:50'),
	(15593, 15593, 'General Ledger Chart Of Account   No', 21, 0, 0, 0, 0, 0, 0, 0, 0, 0, 2, '2011-12-16 15:16:50'),
	(15594, 15594, 'country', 21, 0, 0, 0, 0, 0, 0, 0, 0, 0, 2, '2011-12-16 15:16:50'),
	(15595, 15595, 'Transaction Mode', 21, 0, 0, 0, 0, 0, 0, 0, 0, 0, 2, '2011-12-16 15:16:50'),
	(15596, 15596, 'Transaction Amount', 21, 0, 0, 0, 0, 0, 0, 0, 0, 0, 2, '2011-12-16 15:16:50'),
	(15597, 15597, 'Default', 21, 0, 0, 0, 0, 0, 0, 0, 0, 0, 2, '2011-12-16 15:16:50'),
	(15598, 15598, 'New', 21, 0, 0, 0, 0, 0, 0, 0, 0, 0, 2, '2011-12-16 15:16:50'),
	(15599, 15599, 'Draft', 21, 0, 0, 0, 0, 0, 0, 0, 0, 0, 2, '2011-12-16 15:16:50'),
	(15600, 15600, 'Update', 21, 0, 0, 0, 0, 0, 0, 0, 0, 0, 2, '2011-12-16 15:16:50'),
	(15601, 15601, 'Delete', 21, 0, 0, 0, 0, 0, 0, 0, 0, 0, 2, '2011-12-16 15:16:50'),
	(15602, 15602, 'Active', 21, 0, 0, 0, 0, 0, 0, 0, 0, 0, 2, '2011-12-16 15:16:50'),
	(15603, 15603, 'Approved', 21, 0, 0, 0, 0, 0, 0, 0, 0, 0, 2, '2011-12-16 15:16:50'),
	(15604, 15604, 'Review', 21, 0, 0, 0, 0, 0, 0, 0, 0, 0, 2, '2011-12-16 15:16:50'),
	(15605, 15605, 'Post', 21, 0, 0, 0, 0, 0, 0, 0, 0, 0, 2, '2011-12-16 15:16:50'),
	(15606, 15606, 'By', 21, 0, 0, 0, 0, 0, 0, 0, 0, 0, 2, '2011-12-16 15:16:50'),
	(15607, 15607, 'Time', 21, 0, 0, 0, 0, 0, 0, 0, 0, 0, 2, '2011-12-16 15:16:50'),
	(15608, 15608, 'transactionLedger', 21, 0, 0, 0, 0, 0, 0, 0, 0, 0, 2, '2011-12-16 15:16:50'),
	(15609, 15609, 'Document No', 21, 0, 0, 0, 0, 0, 0, 0, 0, 0, 2, '2011-12-16 15:16:50'),
	(15610, 15610, 'Reference No', 21, 0, 0, 0, 0, 0, 0, 0, 0, 0, 2, '2011-12-16 15:16:50'),
	(15611, 15611, 'Title', 21, 0, 0, 0, 0, 0, 0, 0, 0, 0, 2, '2011-12-16 15:16:50'),
	(15612, 15612, 'Desc', 21, 0, 0, 0, 0, 0, 0, 0, 0, 0, 2, '2011-12-16 15:16:50'),
	(15613, 15613, 'Amount', 21, 0, 0, 0, 0, 0, 0, 0, 0, 0, 2, '2011-12-16 15:16:50'),
	(15614, 15614, 'Date', 21, 0, 0, 0, 0, 0, 0, 0, 0, 0, 2, '2011-12-16 15:16:50'),
	(15615, 15615, 'businessPartner', 21, 0, 0, 0, 0, 0, 0, 0, 0, 0, 2, '2011-12-16 15:16:50'),
	(15616, 15616, 'Reconciled', 21, 0, 0, 0, 0, 0, 0, 0, 0, 0, 2, '2011-12-16 15:16:50'),
	(15617, 15617, 'Default', 21, 0, 0, 0, 0, 0, 0, 0, 0, 0, 2, '2011-12-16 15:16:50'),
	(15618, 15618, 'New', 21, 0, 0, 0, 0, 0, 0, 0, 0, 0, 2, '2011-12-16 15:16:50'),
	(15619, 15619, 'Draft', 21, 0, 0, 0, 0, 0, 0, 0, 0, 0, 2, '2011-12-16 15:16:50'),
	(15620, 15620, 'Update', 21, 0, 0, 0, 0, 0, 0, 0, 0, 0, 2, '2011-12-16 15:16:50'),
	(15621, 15621, 'Delete', 21, 0, 0, 0, 0, 0, 0, 0, 0, 0, 2, '2011-12-16 15:16:50'),
	(15622, 15622, 'Active', 21, 0, 0, 0, 0, 0, 0, 0, 0, 0, 2, '2011-12-16 15:16:51'),
	(15623, 15623, 'Approved', 21, 0, 0, 0, 0, 0, 0, 0, 0, 0, 2, '2011-12-16 15:16:51'),
	(15624, 15624, 'Review', 21, 0, 0, 0, 0, 0, 0, 0, 0, 0, 2, '2011-12-16 15:16:51'),
	(15625, 15625, 'Post', 21, 0, 0, 0, 0, 0, 0, 0, 0, 0, 2, '2011-12-16 15:16:51'),
	(15626, 15626, 'By', 21, 0, 0, 0, 0, 0, 0, 0, 0, 0, 2, '2011-12-16 15:16:51'),
	(15627, 15627, 'Time', 21, 0, 0, 0, 0, 0, 0, 0, 0, 0, 2, '2011-12-16 15:16:51'),
	(15628, 15628, 'voucherLedgerDetail', 21, 0, 0, 0, 0, 0, 0, 0, 0, 0, 2, '2011-12-16 15:16:51'),
	(15629, 15629, 'voucherLedger', 21, 0, 0, 0, 0, 0, 0, 0, 0, 0, 2, '2011-12-16 15:16:51'),
	(15630, 15630, 'generalLedgerChartAccount', 21, 0, 0, 0, 0, 0, 0, 0, 0, 0, 2, '2011-12-16 15:16:51'),
	(15631, 15631, 'country', 21, 0, 0, 0, 0, 0, 0, 0, 0, 0, 2, '2011-12-16 15:16:51'),
	(15632, 15632, 'Transaction Mode', 21, 0, 0, 0, 0, 0, 0, 0, 0, 0, 2, '2011-12-16 15:16:51'),
	(15633, 15633, 'Voucher Ledger Detail   Amount', 21, 0, 0, 0, 0, 0, 0, 0, 0, 0, 2, '2011-12-16 15:16:51'),
	(15634, 15634, 'Default', 21, 0, 0, 0, 0, 0, 0, 0, 0, 0, 2, '2011-12-16 15:16:51'),
	(15635, 15635, 'New', 21, 0, 0, 0, 0, 0, 0, 0, 0, 0, 2, '2011-12-16 15:16:51'),
	(15636, 15636, 'Draft', 21, 0, 0, 0, 0, 0, 0, 0, 0, 0, 2, '2011-12-16 15:16:51'),
	(15637, 15637, 'Update', 21, 0, 0, 0, 0, 0, 0, 0, 0, 0, 2, '2011-12-16 15:16:51'),
	(15638, 15638, 'Delete', 21, 0, 0, 0, 0, 0, 0, 0, 0, 0, 2, '2011-12-16 15:16:51'),
	(15639, 15639, 'Active', 21, 0, 0, 0, 0, 0, 0, 0, 0, 0, 2, '2011-12-16 15:16:51'),
	(15640, 15640, 'Approved', 21, 0, 0, 0, 0, 0, 0, 0, 0, 0, 2, '2011-12-16 15:16:51'),
	(15641, 15641, 'Review', 21, 0, 0, 0, 0, 0, 0, 0, 0, 0, 2, '2011-12-16 15:16:51'),
	(15642, 15642, 'Post', 21, 0, 0, 0, 0, 0, 0, 0, 0, 0, 2, '2011-12-16 15:16:51'),
	(15643, 15643, 'By', 21, 0, 0, 0, 0, 0, 0, 0, 0, 0, 2, '2011-12-16 15:16:51'),
	(15644, 15644, 'Time', 21, 0, 0, 0, 0, 0, 0, 0, 0, 0, 2, '2011-12-16 15:16:51'),
	(15645, 15645, 'voucherLedger', 21, 0, 0, 0, 0, 0, 0, 0, 0, 0, 2, '2011-12-16 15:16:51'),
	(15646, 15646, 'Document No', 21, 0, 0, 0, 0, 0, 0, 0, 0, 0, 2, '2011-12-16 15:16:51'),
	(15647, 15647, 'Reference No', 21, 0, 0, 0, 0, 0, 0, 0, 0, 0, 2, '2011-12-16 15:16:51'),
	(15648, 15648, 'Title', 21, 0, 0, 0, 0, 0, 0, 0, 0, 0, 2, '2011-12-16 15:16:51'),
	(15649, 15649, 'Desc', 21, 0, 0, 0, 0, 0, 0, 0, 0, 0, 2, '2011-12-16 15:16:51'),
	(15650, 15650, 'Date', 21, 0, 0, 0, 0, 0, 0, 0, 0, 0, 2, '2011-12-16 15:16:51'),
	(15651, 15651, 'Amount', 21, 0, 0, 0, 0, 0, 0, 0, 0, 0, 2, '2011-12-16 15:16:51'),
	(15652, 15652, 'businessPartner', 21, 0, 0, 0, 0, 0, 0, 0, 0, 0, 2, '2011-12-16 15:16:51'),
	(15653, 15653, 'voucherCategory', 21, 0, 0, 0, 0, 0, 0, 0, 0, 0, 2, '2011-12-16 15:16:51'),
	(15654, 15654, 'voucherType', 21, 0, 0, 0, 0, 0, 0, 0, 0, 0, 2, '2011-12-16 15:16:51'),
	(15655, 15655, 'invoice', 21, 0, 0, 0, 0, 0, 0, 0, 0, 0, 2, '2011-12-16 15:16:51'),
	(15656, 15656, 'Default', 21, 0, 0, 0, 0, 0, 0, 0, 0, 0, 2, '2011-12-16 15:16:51'),
	(15657, 15657, 'New', 21, 0, 0, 0, 0, 0, 0, 0, 0, 0, 2, '2011-12-16 15:16:51'),
	(15658, 15658, 'Draft', 21, 0, 0, 0, 0, 0, 0, 0, 0, 0, 2, '2011-12-16 15:16:51'),
	(15659, 15659, 'Update', 21, 0, 0, 0, 0, 0, 0, 0, 0, 0, 2, '2011-12-16 15:16:51'),
	(15660, 15660, 'Delete', 21, 0, 0, 0, 0, 0, 0, 0, 0, 0, 2, '2011-12-16 15:16:51'),
	(15661, 15661, 'Active', 21, 0, 0, 0, 0, 0, 0, 0, 0, 0, 2, '2011-12-16 15:16:51'),
	(15662, 15662, 'Approved', 21, 0, 0, 0, 0, 0, 0, 0, 0, 0, 2, '2011-12-16 15:16:51'),
	(15663, 15663, 'Review', 21, 0, 0, 0, 0, 0, 0, 0, 0, 0, 2, '2011-12-16 15:16:51'),
	(15664, 15664, 'Post', 21, 0, 0, 0, 0, 0, 0, 0, 0, 0, 2, '2011-12-16 15:16:51'),
	(15665, 15665, 'Is Reconciled', 21, 0, 0, 0, 0, 0, 0, 0, 0, 0, 2, '2011-12-16 15:16:51'),
	(15666, 15666, 'By', 21, 0, 0, 0, 0, 0, 0, 0, 0, 0, 2, '2011-12-16 15:16:51'),
	(15667, 15667, 'Time', 21, 0, 0, 0, 0, 0, 0, 0, 0, 0, 2, '2011-12-16 15:16:51'),
	(15668, 15668, 'voucherType', 21, 0, 0, 0, 0, 0, 0, 0, 0, 0, 2, '2011-12-16 15:16:51'),
	(15669, 15669, 'Sequence', 21, 0, 0, 0, 0, 0, 0, 0, 0, 0, 2, '2011-12-16 15:16:51'),
	(15670, 15670, 'Code', 21, 0, 0, 0, 0, 0, 0, 0, 0, 0, 2, '2011-12-16 15:16:51'),
	(15671, 15671, 'Desc', 21, 0, 0, 0, 0, 0, 0, 0, 0, 0, 2, '2011-12-16 15:16:51'),
	(15672, 15672, 'Default', 21, 0, 0, 0, 0, 0, 0, 0, 0, 0, 2, '2011-12-16 15:16:51'),
	(15673, 15673, 'New', 21, 0, 0, 0, 0, 0, 0, 0, 0, 0, 2, '2011-12-16 15:16:51'),
	(15674, 15674, 'Draft', 21, 0, 0, 0, 0, 0, 0, 0, 0, 0, 2, '2011-12-16 15:16:51'),
	(15675, 15675, 'Update', 21, 0, 0, 0, 0, 0, 0, 0, 0, 0, 2, '2011-12-16 15:16:51'),
	(15676, 15676, 'Delete', 21, 0, 0, 0, 0, 0, 0, 0, 0, 0, 2, '2011-12-16 15:16:51'),
	(15677, 15677, 'Active', 21, 0, 0, 0, 0, 0, 0, 0, 0, 0, 2, '2011-12-16 15:16:51'),
	(15678, 15678, 'Approved', 21, 0, 0, 0, 0, 0, 0, 0, 0, 0, 2, '2011-12-16 15:16:51'),
	(15679, 15679, 'Review', 21, 0, 0, 0, 0, 0, 0, 0, 0, 0, 2, '2011-12-16 15:16:51'),
	(15680, 15680, 'Post', 21, 0, 0, 0, 0, 0, 0, 0, 0, 0, 2, '2011-12-16 15:16:51'),
	(15681, 15681, 'By', 21, 0, 0, 0, 0, 0, 0, 0, 0, 0, 2, '2011-12-16 15:16:51'),
	(15682, 15682, 'Time', 21, 0, 0, 0, 0, 0, 0, 0, 0, 0, 2, '2011-12-16 15:16:51');
/*!40000 ALTER TABLE `tablemappingtranslate` ENABLE KEYS */;


# Dumping structure for table icore.tablemappingVirtual
DROP TABLE IF EXISTS `tablemappingVirtual`;
CREATE TABLE IF NOT EXISTS `tablemappingVirtual` (
  `tableMappingVirtualId` int(11) NOT NULL AUTO_INCREMENT COMMENT 'Mapping|',
  `tableMappingVirtualEnglish` varchar(128) COLLATE utf8_unicode_ci NOT NULL COMMENT 'English|',
  `isDefault` tinyint(1) NOT NULL,
  `isNew` tinyint(1) NOT NULL,
  `isDraft` tinyint(1) NOT NULL,
  `isUpdate` tinyint(1) NOT NULL,
  `isDelete` tinyint(1) NOT NULL,
  `isActive` tinyint(1) NOT NULL,
  `isApproved` tinyint(1) NOT NULL,
  `isReview` tinyint(1) NOT NULL,
  `isPost` tinyint(1) NOT NULL,
  `executeBy` int(11) NOT NULL,
  `executeTime` datetime NOT NULL,
  PRIMARY KEY (`tableMappingVirtualId`)
) ENGINE=InnoDB AUTO_INCREMENT=16 DEFAULT CHARSET=utf8 COLLATE=utf8_unicode_ci;

# Dumping data for table icore.tablemappingVirtual: ~15 rows (approximately)
/*!40000 ALTER TABLE `tablemappingVirtual` DISABLE KEYS */;
INSERT INTO `tablemappingVirtual` (`tableMappingVirtualId`, `tableMappingVirtualEnglish`, `isDefault`, `isNew`, `isDraft`, `isUpdate`, `isDelete`, `isActive`, `isApproved`, `isReview`, `isPost`, `executeBy`, `executeTime`) VALUES
	(1, 'Debit', 0, 1, 0, 0, 0, 1, 0, 0, 0, 2, '2011-12-13 11:42:46'),
	(2, 'Credit', 0, 1, 0, 0, 0, 1, 0, 0, 0, 2, '2011-12-13 11:42:46'),
	(3, 'Balance', 0, 1, 0, 0, 0, 1, 0, 0, 0, 2, '2011-12-13 11:42:46'),
	(4, 'January', 0, 1, 0, 0, 0, 1, 0, 0, 0, 2, '2011-12-13 11:42:46'),
	(5, 'February', 0, 1, 0, 0, 0, 1, 0, 0, 0, 2, '2011-12-13 11:42:46'),
	(6, 'March', 0, 1, 0, 0, 0, 1, 0, 0, 0, 2, '2011-12-13 11:42:46'),
	(7, 'April', 0, 1, 0, 0, 0, 1, 0, 0, 0, 2, '2011-12-13 11:42:46'),
	(8, 'May', 0, 1, 0, 0, 0, 1, 0, 0, 0, 2, '2011-12-13 11:42:46'),
	(9, 'Jun', 0, 1, 0, 0, 0, 1, 0, 0, 0, 2, '2011-12-13 11:42:46'),
	(10, 'July', 0, 1, 0, 0, 0, 1, 0, 0, 0, 2, '2011-12-13 11:42:46'),
	(11, 'August', 0, 1, 0, 0, 0, 1, 0, 0, 0, 2, '2011-12-13 11:42:46'),
	(12, 'September', 0, 1, 0, 0, 0, 1, 0, 0, 0, 2, '2011-12-13 11:42:46'),
	(13, 'November', 0, 1, 0, 0, 0, 1, 0, 0, 0, 2, '2011-12-13 11:42:46'),
	(14, 'Disember', 0, 1, 0, 0, 0, 1, 0, 0, 0, 2, '2011-12-13 11:42:46'),
	(15, 'Date Range', 0, 1, 0, 0, 0, 1, 0, 0, 0, 2, '2011-12-13 11:42:46');
/*!40000 ALTER TABLE `tablemappingVirtual` ENABLE KEYS */;


# Dumping structure for table icore.tablemappingVirtualTranslate
DROP TABLE IF EXISTS `tablemappingVirtualTranslate`;
CREATE TABLE IF NOT EXISTS `tablemappingVirtualTranslate` (
  `tableMappingVirtualTranslateId` int(11) NOT NULL AUTO_INCREMENT COMMENT 'Mapping|',
  `tableMappingVirtualId` int(11) NOT NULL,
  `tableMappingVirtualNative` varchar(256) COLLATE utf8_unicode_ci NOT NULL COMMENT 'Native|',
  `languageId` int(11) NOT NULL COMMENT 'Language|',
  `isDefault` tinyint(4) NOT NULL,
  `isNew` tinyint(4) NOT NULL,
  `isDraft` tinyint(4) NOT NULL,
  `isUpdate` tinyint(4) NOT NULL,
  `isDelete` tinyint(4) NOT NULL,
  `isActive` tinyint(4) NOT NULL,
  `isApproved` tinyint(4) NOT NULL,
  `isReview` tinyint(4) NOT NULL,
  `isPost` tinyint(4) NOT NULL,
  `executeBy` int(11) NOT NULL,
  `executeTime` datetime NOT NULL,
  PRIMARY KEY (`tableMappingVirtualTranslateId`),
  KEY `tableMappingId` (`tableMappingVirtualId`)
) ENGINE=InnoDB DEFAULT CHARSET=utf8 COLLATE=utf8_unicode_ci;

# Dumping data for table icore.tablemappingVirtualTranslate: ~0 rows (approximately)
/*!40000 ALTER TABLE `tablemappingVirtualTranslate` DISABLE KEYS */;
/*!40000 ALTER TABLE `tablemappingVirtualTranslate` ENABLE KEYS */;


# Dumping structure for table icore.template
DROP TABLE IF EXISTS `template`;
CREATE TABLE IF NOT EXISTS `template` (
  `templateId` int(11) NOT NULL AUTO_INCREMENT COMMENT 'Accordion|',
  `isDefault` tinyint(1) NOT NULL,
  `isNew` tinyint(1) NOT NULL COMMENT 'New|',
  `isDraft` tinyint(1) NOT NULL COMMENT 'Draft|',
  `isUpdate` tinyint(1) NOT NULL COMMENT 'Updated|',
  `isDelete` tinyint(1) NOT NULL COMMENT 'Delete|',
  `isActive` tinyint(1) NOT NULL COMMENT 'Active|',
  `isApproved` tinyint(1) NOT NULL COMMENT 'Approved|',
  `isReview` tinyint(1) NOT NULL,
  `isPost` tinyint(1) NOT NULL,
  `executeBy` int(11) NOT NULL COMMENT 'By|',
  `executeTime` datetime NOT NULL,
  PRIMARY KEY (`templateId`)
) ENGINE=InnoDB DEFAULT CHARSET=utf8 COLLATE=utf8_unicode_ci COMMENT='application';

# Dumping data for table icore.template: ~0 rows (approximately)
/*!40000 ALTER TABLE `template` DISABLE KEYS */;
/*!40000 ALTER TABLE `template` ENABLE KEYS */;


# Dumping structure for table icore.theme
DROP TABLE IF EXISTS `theme`;
CREATE TABLE IF NOT EXISTS `theme` (
  `themeId` int(11) NOT NULL AUTO_INCREMENT COMMENT 'Group|',
  `themeSequence` int(11) NOT NULL,
  `themeCode` varchar(4) COLLATE utf8_unicode_ci NOT NULL,
  `themeNote` varchar(64) COLLATE utf8_unicode_ci NOT NULL COMMENT 'English|',
  `themePath` varchar(128) COLLATE utf8_unicode_ci NOT NULL,
  `isDefault` tinyint(1) NOT NULL COMMENT 'Default|',
  `isNew` tinyint(1) NOT NULL COMMENT 'New|',
  `isDraft` tinyint(1) NOT NULL COMMENT 'Draft|',
  `isUpdate` tinyint(1) NOT NULL COMMENT 'Updated|',
  `isDelete` tinyint(1) NOT NULL COMMENT 'Delete|',
  `isActive` tinyint(1) NOT NULL COMMENT 'Active|',
  `isApproved` tinyint(1) NOT NULL COMMENT 'Approved|',
  `isReview` tinyint(1) NOT NULL,
  `isPost` tinyint(1) NOT NULL,
  `executeBy` int(11) NOT NULL COMMENT 'By|',
  `executeTime` datetime NOT NULL,
  PRIMARY KEY (`themeId`)
) ENGINE=InnoDB AUTO_INCREMENT=18 DEFAULT CHARSET=utf8 COLLATE=utf8_unicode_ci;

# Dumping data for table icore.theme: ~17 rows (approximately)
/*!40000 ALTER TABLE `theme` DISABLE KEYS */;
INSERT INTO `theme` (`themeId`, `themeSequence`, `themeCode`, `themeNote`, `themePath`, `isDefault`, `isNew`, `isDraft`, `isUpdate`, `isDelete`, `isActive`, `isApproved`, `isReview`, `isPost`, `executeBy`, `executeTime`) VALUES
	(1, 0, '', 'Black', '../../javascript/resources/css/xtheme-black.css', 0, 1, 0, 0, 0, 1, 0, 0, 0, 2, '2011-09-02 19:59:17'),
	(2, 0, '', 'Vampire', '../../javascript/resources/css/xtheme-vampire.css', 0, 1, 0, 0, 0, 1, 0, 0, 0, 2, '2011-09-02 19:59:17'),
	(3, 0, '', 'Toxic', '../../javascript/resources/css/xtheme-Toxic.css', 0, 1, 0, 0, 0, 1, 0, 0, 0, 2, '2011-09-02 19:59:17'),
	(4, 0, '', 'Darkness', '../../javascript/resources/css/xtheme-darkness.css', 0, 1, 0, 0, 0, 1, 0, 0, 0, 2, '2011-09-02 19:59:17'),
	(5, 0, '', 'BlackNW', '../../javascript/resources/css/xtheme-blacknw.css', 0, 1, 0, 0, 0, 1, 0, 0, 0, 2, '2011-09-02 19:59:17'),
	(6, 0, '', 'Blue', '../../javascript/resources/css/xtheme-blue.css', 0, 1, 0, 0, 0, 1, 0, 0, 0, 2, '2011-09-02 19:59:17'),
	(7, 0, '', 'Access', '../js/resources/css/xtheme-access.css', 0, 1, 0, 0, 0, 1, 0, 0, 0, 2, '2011-09-02 19:59:17'),
	(8, 0, '', 'Dark Gray', '../../javascript/resources/css/xtheme-darkgray.css', 0, 1, 0, 0, 0, 1, 0, 0, 0, 2, '2011-09-02 19:59:17'),
	(9, 0, '', 'Gray', '../../javascript/resources/css/xtheme-gray.css', 0, 1, 0, 0, 0, 1, 0, 0, 0, 2, '2011-09-02 19:59:17'),
	(10, 0, '', 'Olive', '../../javascript/resources/css/xtheme-olive.css', 0, 1, 0, 0, 0, 1, 0, 0, 0, 2, '2011-09-02 19:59:17'),
	(11, 0, '', 'Chocolate', '../../javascript/resources/css/xtheme-chocolate.css', 0, 1, 0, 0, 0, 1, 0, 0, 0, 2, '2011-09-02 19:59:17'),
	(12, 0, '', 'Silver Cherry', '../../javascript/resources/css/xtheme-silverCherry.css', 0, 1, 0, 0, 0, 1, 0, 0, 0, 2, '2011-09-02 19:59:17'),
	(13, 0, '', 'Slickness', '../../javascript/resources/css/xtheme-slickness.css', 0, 1, 0, 0, 0, 1, 0, 0, 0, 2, '2011-09-02 19:59:17'),
	(14, 0, '', 'Midnight', '../../javascript/resources/css/xtheme-midnight.css', 0, 1, 0, 0, 0, 1, 0, 0, 0, 2, '2011-09-02 19:59:17'),
	(15, 0, '', 'Indigo', '../../javascript/resources/css/xtheme-indigo.css', 0, 1, 0, 0, 0, 1, 0, 0, 0, 2, '2011-09-02 19:59:17'),
	(16, 0, '', 'Pepermint', '../../javascript/resources/css/xtheme-peppermint.css', 0, 1, 0, 0, 0, 1, 0, 0, 0, 2, '2011-09-02 19:59:17'),
	(17, 0, '', 'Ubuntu', '../../javascript/resources/css/xtheme-human.css', 0, 1, 0, 0, 0, 1, 0, 0, 0, 2, '2011-09-02 19:59:17');
/*!40000 ALTER TABLE `theme` ENABLE KEYS */;


# Dumping structure for table icore.todo
DROP TABLE IF EXISTS `todo`;
CREATE TABLE IF NOT EXISTS `todo` (
  `todoId` int(11) NOT NULL AUTO_INCREMENT,
  `todoTitle` varchar(64) COLLATE utf8_unicode_ci NOT NULL,
  `todoDesc` varchar(128) COLLATE utf8_unicode_ci NOT NULL,
  `staffId` int(11) NOT NULL,
  `isDefault` tinyint(1) NOT NULL,
  `isNew` tinyint(1) NOT NULL,
  `isDraft` tinyint(1) NOT NULL,
  `isUpdate` tinyint(1) NOT NULL,
  `isDelete` tinyint(1) NOT NULL,
  `isActive` tinyint(1) NOT NULL,
  `isApproved` tinyint(1) NOT NULL,
  `isReview` tinyint(1) NOT NULL,
  `isPost` tinyint(1) NOT NULL,
  `isDone` tinyint(1) NOT NULL,
  `executeBy` int(11) NOT NULL,
  `executeTime` datetime NOT NULL,
  PRIMARY KEY (`todoId`)
) ENGINE=InnoDB DEFAULT CHARSET=utf8 COLLATE=utf8_unicode_ci;

# Dumping data for table icore.todo: ~0 rows (approximately)
/*!40000 ALTER TABLE `todo` DISABLE KEYS */;
/*!40000 ALTER TABLE `todo` ENABLE KEYS */;
/*!40101 SET SQL_MODE=@OLD_SQL_MODE */;
/*!40014 SET FOREIGN_KEY_CHECKS=@OLD_FOREIGN_KEY_CHECKS */;
/*!40101 SET CHARACTER_SET_CLIENT=@OLD_CHARACTER_SET_CLIENT */;
